datetime,PT08.S5(O3)
3/10/04 18:00,1268
3/10/04 19:00,972
3/10/04 20:00,1074
3/10/04 21:00,1203
3/10/04 22:00,1110
3/10/04 23:00,949
3/11/04 0:00,733
3/11/04 1:00,730
3/11/04 2:00,620
3/11/04 3:00,501
3/11/04 4:00,445
3/11/04 5:00,422
3/11/04 6:00,472
3/11/04 7:00,730
3/11/04 8:00,1102
3/11/04 9:00,1028
3/11/04 10:00,860
3/11/04 11:00,671
3/11/04 12:00,664
3/11/04 13:00,799
3/11/04 14:00,1037
3/11/04 15:00,946
3/11/04 16:00,957
3/11/04 17:00,1104
3/11/04 18:00,1409
3/11/04 19:00,1704
3/11/04 20:00,1654
3/11/04 21:00,1285
3/11/04 22:00,821
3/11/04 23:00,552
3/12/04 0:00,816
3/12/04 1:00,832
3/12/04 2:00,692
3/12/04 3:00,512
3/12/04 4:00,384
3/12/04 5:00,394
3/12/04 6:00,487
3/12/04 7:00,748
3/12/04 8:00,1400
3/12/04 9:00,1588
3/12/04 10:00,1237
3/12/04 11:00,1167
3/12/04 12:00,959
3/12/04 13:00,983
3/12/04 14:00,1061
3/12/04 15:00,1139
3/12/04 16:00,1112
3/12/04 17:00,994
3/12/04 18:00,1410
3/12/04 19:00,1448
3/12/04 20:00,1887
3/12/04 21:00,1627
3/12/04 22:00,1491
3/12/04 23:00,1657
3/13/04 0:00,1285
3/13/04 1:00,1144
3/13/04 2:00,1043
3/13/04 3:00,996
3/13/04 4:00,992
3/13/04 5:00,819
3/13/04 6:00,835
3/13/04 7:00,940
3/13/04 8:00,1192
3/13/04 9:00,1411
3/13/04 10:00,1465
3/13/04 11:00,1583
3/13/04 12:00,1387
3/13/04 13:00,1101
3/13/04 14:00,850
3/13/04 15:00,947
3/13/04 16:00,1078
3/13/04 17:00,1084
3/13/04 18:00,1395
3/13/04 19:00,1612
3/13/04 20:00,1697
3/13/04 21:00,1886
3/13/04 22:00,1624
3/13/04 23:00,1536
3/14/04 0:00,1535
3/14/04 1:00,1530
3/14/04 2:00,1337
3/14/04 3:00,1278
3/14/04 4:00,1051
3/14/04 5:00,929
3/14/04 6:00,872
3/14/04 7:00,853
3/14/04 8:00,959
3/14/04 9:00,1093
3/14/04 10:00,1225
3/14/04 11:00,1355
3/14/04 12:00,1262
3/14/04 13:00,980
3/14/04 14:00,872
3/14/04 15:00,900
3/14/04 16:00,1099
3/14/04 17:00,1206
3/14/04 18:00,1262
3/14/04 19:00,1698
3/14/04 20:00,1905
3/14/04 21:00,1648
3/14/04 22:00,1423
3/14/04 23:00,1349
3/15/04 0:00,1250
3/15/04 1:00,1174
3/15/04 2:00,1149
3/15/04 3:00,1021
3/15/04 4:00,1013
3/15/04 5:00,1010
3/15/04 6:00,1083
3/15/04 7:00,1235
3/15/04 8:00,1680
3/15/04 9:00,2184
3/15/04 10:00,1973
3/15/04 11:00,1798
3/15/04 12:00,1522
3/15/04 13:00,1404
3/15/04 14:00,1263
3/15/04 15:00,1137
3/15/04 16:00,1068
3/15/04 17:00,1252
3/15/04 18:00,1843
3/15/04 19:00,2122
3/15/04 20:00,1992
3/15/04 21:00,1707
3/15/04 22:00,1494
3/15/04 23:00,1164
3/16/04 0:00,1272
3/16/04 1:00,1040
3/16/04 2:00,867
3/16/04 3:00,826
3/16/04 4:00,840
3/16/04 5:00,793
3/16/04 6:00,870
3/16/04 7:00,930
3/16/04 8:00,1407
3/16/04 9:00,1507
3/16/04 10:00,1843
3/16/04 11:00,1729
3/16/04 12:00,1583
3/16/04 13:00,1671
3/16/04 14:00,1491
3/16/04 15:00,1240
3/16/04 16:00,1313
3/16/04 17:00,1363
3/16/04 18:00,1296
3/16/04 19:00,1432
3/16/04 20:00,1432
3/16/04 21:00,2034
3/16/04 22:00,1602
3/16/04 23:00,1362
3/17/04 0:00,1314
3/17/04 1:00,1114
3/17/04 2:00,992
3/17/04 3:00,884
3/17/04 4:00,808
3/17/04 5:00,667
3/17/04 6:00,733
3/17/04 7:00,1052
3/17/04 8:00,1534
3/17/04 9:00,1931
3/17/04 10:00,1734
3/17/04 11:00,1595
3/17/04 12:00,1490
3/17/04 13:00,1508
3/17/04 14:00,1334
3/17/04 15:00,1045
3/17/04 16:00,1221
3/17/04 17:00,1069
3/17/04 18:00,1569
3/17/04 19:00,2306
3/17/04 20:00,2359
3/17/04 21:00,2050
3/17/04 22:00,1727
3/17/04 23:00,1705
3/18/04 0:00,1551
3/18/04 1:00,1240
3/18/04 2:00,1115
3/18/04 3:00,969
3/18/04 4:00,925
3/18/04 5:00,828
3/18/04 6:00,893
3/18/04 7:00,1075
3/18/04 8:00,1610
3/18/04 9:00,2051
3/18/04 10:00,1819
3/18/04 11:00,1568
3/18/04 12:00,1374
3/18/04 13:00,1268
3/18/04 14:00,1144
3/18/04 15:00,1109
3/18/04 16:00,1347
3/18/04 17:00,1206
3/18/04 18:00,1397
3/18/04 19:00,1588
3/18/04 20:00,1569
3/18/04 21:00,1322
3/18/04 22:00,1194
3/18/04 23:00,1062
3/19/04 0:00,1040
3/19/04 1:00,917
3/19/04 2:00,594
3/19/04 3:00,430
3/19/04 4:00,397
3/19/04 5:00,370
3/19/04 6:00,438
3/19/04 7:00,704
3/19/04 8:00,1476
3/19/04 9:00,1716
3/19/04 10:00,1398
3/19/04 11:00,1268
3/19/04 12:00,1188
3/19/04 13:00,1171
3/19/04 14:00,1250
3/19/04 15:00,1344
3/19/04 16:00,1378
3/19/04 17:00,1435
3/19/04 18:00,1372
3/19/04 19:00,1471
3/19/04 20:00,1439
3/19/04 21:00,1429
3/19/04 22:00,1081
3/19/04 23:00,993
3/20/04 0:00,837
3/20/04 1:00,761
3/20/04 2:00,650
3/20/04 3:00,591
3/20/04 4:00,505
3/20/04 5:00,518
3/20/04 6:00,571
3/20/04 7:00,842
3/20/04 8:00,1145
3/20/04 9:00,1218
3/20/04 10:00,1341
3/20/04 11:00,1406
3/20/04 12:00,1422
3/20/04 13:00,1373
3/20/04 14:00,1153
3/20/04 15:00,927
3/20/04 16:00,766
3/20/04 17:00,941
3/20/04 18:00,1146
3/20/04 19:00,1417
3/20/04 20:00,1442
3/20/04 21:00,1323
3/20/04 22:00,1125
3/20/04 23:00,1036
3/21/04 0:00,1202
3/21/04 1:00,1054
3/21/04 2:00,903
3/21/04 3:00,885
3/21/04 4:00,818
3/21/04 5:00,700
3/21/04 6:00,580
3/21/04 7:00,815
3/21/04 8:00,1035
3/21/04 9:00,1067
3/21/04 10:00,1114
3/21/04 11:00,1000
3/21/04 12:00,906
3/21/04 13:00,822
3/21/04 14:00,610
3/21/04 15:00,657
3/21/04 16:00,647
3/21/04 17:00,762
3/21/04 18:00,1122
3/21/04 19:00,1130
3/21/04 20:00,1637
3/21/04 21:00,1272
3/21/04 22:00,1098
3/21/04 23:00,1066
3/22/04 0:00,909
3/22/04 1:00,818
3/22/04 2:00,472
3/22/04 3:00,394
3/22/04 4:00,396
3/22/04 5:00,378
3/22/04 6:00,432
3/22/04 7:00,699
3/22/04 8:00,1252
3/22/04 9:00,1237
3/22/04 10:00,772
3/22/04 11:00,766
3/22/04 12:00,829
3/22/04 13:00,783
3/22/04 14:00,822
3/22/04 15:00,813
3/22/04 16:00,813
3/22/04 17:00,850
3/22/04 18:00,1276
3/22/04 19:00,1401
3/22/04 20:00,1356
3/22/04 21:00,1243
3/22/04 22:00,1083
3/22/04 23:00,795
3/23/04 0:00,735
3/23/04 1:00,684
3/23/04 2:00,714
3/23/04 3:00,456
3/23/04 4:00,401
3/23/04 5:00,361
3/23/04 6:00,418
3/23/04 7:00,616
3/23/04 8:00,1089
3/23/04 9:00,1329
3/23/04 10:00,1311
3/23/04 11:00,1236
3/23/04 12:00,1147
3/23/04 13:00,1301
3/23/04 14:00,1097
3/23/04 15:00,900
3/23/04 16:00,781
3/23/04 17:00,1013
3/23/04 18:00,790
3/23/04 19:00,1059
3/23/04 20:00,1205
3/23/04 21:00,975
3/23/04 22:00,896
3/23/04 23:00,911
3/24/04 0:00,902
3/24/04 1:00,832
3/24/04 2:00,715
3/24/04 3:00,683
3/24/04 4:00,721
3/24/04 5:00,648
3/24/04 6:00,612
3/24/04 7:00,800
3/24/04 8:00,1173
3/24/04 9:00,1519
3/24/04 10:00,1287
3/24/04 11:00,966
3/24/04 12:00,828
3/24/04 13:00,825
3/24/04 14:00,872
3/24/04 15:00,680
3/24/04 16:00,1002
3/24/04 17:00,1159
3/24/04 18:00,979
3/24/04 19:00,1311
3/24/04 20:00,1071
3/24/04 21:00,899
3/24/04 22:00,766
3/24/04 23:00,589
3/25/04 0:00,631
3/25/04 1:00,479
3/25/04 2:00,479
3/25/04 3:00,417
3/25/04 4:00,378
3/25/04 5:00,344
3/25/04 6:00,413
3/25/04 7:00,605
3/25/04 8:00,991
3/25/04 9:00,1175
3/25/04 10:00,923
3/25/04 11:00,829
3/25/04 12:00,733
3/25/04 13:00,819
3/25/04 14:00,723
3/25/04 15:00,786
3/25/04 16:00,850
3/25/04 17:00,820
3/25/04 18:00,991
3/25/04 19:00,1454
3/25/04 20:00,1488
3/25/04 21:00,1205
3/25/04 22:00,909
3/25/04 23:00,769
3/26/04 0:00,835
3/26/04 1:00,793
3/26/04 2:00,733
3/26/04 3:00,502
3/26/04 4:00,562
3/26/04 5:00,832
3/26/04 6:00,924
3/26/04 7:00,974
3/26/04 8:00,1307
3/26/04 9:00,1481
3/26/04 10:00,1405
3/26/04 11:00,1195
3/26/04 12:00,868
3/26/04 13:00,874
3/26/04 14:00,738
3/26/04 15:00,550
3/26/04 16:00,777
3/26/04 17:00,966
3/26/04 18:00,990
3/26/04 19:00,944
3/26/04 20:00,962
3/26/04 21:00,778
3/26/04 22:00,690
3/26/04 23:00,644
3/27/04 0:00,753
3/27/04 1:00,646
3/27/04 2:00,838
3/27/04 3:00,851
3/27/04 4:00,801
3/27/04 5:00,665
3/27/04 6:00,717
3/27/04 7:00,795
3/27/04 8:00,936
3/27/04 9:00,1076
3/27/04 10:00,1016
3/27/04 11:00,834
3/27/04 12:00,756
3/27/04 13:00,766
3/27/04 14:00,905
3/27/04 15:00,765
3/27/04 16:00,830
3/27/04 17:00,853
3/27/04 18:00,981
3/27/04 19:00,1286
3/27/04 20:00,1244
3/27/04 21:00,1056
3/27/04 22:00,1003
3/27/04 23:00,1245
3/28/04 0:00,1200
3/28/04 1:00,1188
3/28/04 2:00,1070
3/28/04 3:00,1075
3/28/04 4:00,895
3/28/04 5:00,755
3/28/04 6:00,806
3/28/04 7:00,836
3/28/04 8:00,897
3/28/04 9:00,1073
3/28/04 10:00,1088
3/28/04 11:00,1036
3/28/04 12:00,768
3/28/04 13:00,587
3/28/04 14:00,452
3/28/04 15:00,470
3/28/04 16:00,502
3/28/04 17:00,516
3/28/04 18:00,555
3/28/04 19:00,671
3/28/04 20:00,788
3/28/04 21:00,538
3/28/04 22:00,544
3/28/04 23:00,500
3/29/04 0:00,417
3/29/04 1:00,341
3/29/04 2:00,352
3/29/04 3:00,397
3/29/04 4:00,502
3/29/04 5:00,648
3/29/04 6:00,760
3/29/04 7:00,1183
3/29/04 8:00,1431
3/29/04 9:00,705
3/29/04 10:00,637
3/29/04 11:00,658
3/29/04 12:00,546
3/29/04 13:00,561
3/29/04 14:00,532
3/29/04 15:00,535
3/29/04 16:00,525
3/29/04 17:00,603
3/29/04 18:00,802
3/29/04 19:00,796
3/29/04 20:00,689
3/29/04 21:00,553
3/29/04 22:00,509
3/29/04 23:00,455
3/30/04 0:00,425
3/30/04 1:00,436
3/30/04 2:00,618
3/30/04 3:00,747
3/30/04 4:00,693
3/30/04 5:00,691
3/30/04 6:00,1013
3/30/04 7:00,1311
3/30/04 8:00,1675
3/30/04 9:00,1689
3/30/04 10:00,1688
3/30/04 11:00,1548
3/30/04 12:00,1490
3/30/04 13:00,1354
3/30/04 14:00,1014
3/30/04 15:00,831
3/30/04 16:00,699
3/30/04 17:00,926
3/30/04 18:00,928
3/30/04 19:00,1038
3/30/04 20:00,1035
3/30/04 21:00,789
3/30/04 22:00,692
3/30/04 23:00,764
3/31/04 0:00,639
3/31/04 1:00,541
3/31/04 2:00,678
3/31/04 3:00,381
3/31/04 4:00,343
3/31/04 5:00,436
3/31/04 6:00,688
3/31/04 7:00,1438
3/31/04 8:00,1489
3/31/04 9:00,1093
3/31/04 10:00,965
3/31/04 11:00,1004
3/31/04 12:00,1166
3/31/04 13:00,991
3/31/04 14:00,1054
3/31/04 15:00,1192
3/31/04 16:00,1055
3/31/04 17:00,1048
3/31/04 18:00,1073
3/31/04 19:00,1068
3/31/04 20:00,1019
3/31/04 21:00,833
3/31/04 22:00,759
3/31/04 23:00,749
4/1/04 0:00,978
4/1/04 1:00,944
4/1/04 2:00,891
4/1/04 3:00,849
4/1/04 4:00,790
4/1/04 5:00,852
4/1/04 6:00,987
4/1/04 7:00,1435
4/1/04 8:00,1798
4/1/04 9:00,1677
4/1/04 10:00,1282
4/1/04 11:00,871
4/1/04 12:00,759
4/1/04 13:00,790
4/1/04 14:00,-200
4/1/04 15:00,-200
4/1/04 16:00,-200
4/1/04 17:00,1187
4/1/04 18:00,1399
4/1/04 19:00,1644
4/1/04 20:00,1599
4/1/04 21:00,1223
4/1/04 22:00,1200
4/1/04 23:00,1118
4/2/04 0:00,1067
4/2/04 1:00,1048
4/2/04 2:00,718
4/2/04 3:00,797
4/2/04 4:00,749
4/2/04 5:00,737
4/2/04 6:00,903
4/2/04 7:00,1159
4/2/04 8:00,1365
4/2/04 9:00,1510
4/2/04 10:00,1386
4/2/04 11:00,1368
4/2/04 12:00,1347
4/2/04 13:00,1242
4/2/04 14:00,1138
4/2/04 15:00,1080
4/2/04 16:00,1002
4/2/04 17:00,1212
4/2/04 18:00,1486
4/2/04 19:00,1567
4/2/04 20:00,1723
4/2/04 21:00,1399
4/2/04 22:00,1291
4/2/04 23:00,1443
4/3/04 0:00,1270
4/3/04 1:00,1110
4/3/04 2:00,1060
4/3/04 3:00,965
4/3/04 4:00,891
4/3/04 5:00,905
4/3/04 6:00,899
4/3/04 7:00,1136
4/3/04 8:00,1391
4/3/04 9:00,1460
4/3/04 10:00,1410
4/3/04 11:00,1372
4/3/04 12:00,1266
4/3/04 13:00,1014
4/3/04 14:00,870
4/3/04 15:00,905
4/3/04 16:00,991
4/3/04 17:00,1076
4/3/04 18:00,1249
4/3/04 19:00,1548
4/3/04 20:00,1300
4/3/04 21:00,1029
4/3/04 22:00,1207
4/3/04 23:00,1047
4/4/04 0:00,923
4/4/04 1:00,862
4/4/04 2:00,752
4/4/04 3:00,791
4/4/04 4:00,697
4/4/04 5:00,664
4/4/04 6:00,891
4/4/04 7:00,813
4/4/04 8:00,828
4/4/04 9:00,1057
4/4/04 10:00,1011
4/4/04 11:00,932
4/4/04 12:00,881
4/4/04 13:00,646
4/4/04 14:00,536
4/4/04 15:00,746
4/4/04 16:00,833
4/4/04 17:00,802
4/4/04 18:00,838
4/4/04 19:00,1051
4/4/04 20:00,1041
4/4/04 21:00,646
4/4/04 22:00,769
4/4/04 23:00,785
4/5/04 0:00,613
4/5/04 1:00,430
4/5/04 2:00,485
4/5/04 3:00,467
4/5/04 4:00,436
4/5/04 5:00,682
4/5/04 6:00,927
4/5/04 7:00,1192
4/5/04 8:00,1615
4/5/04 9:00,1505
4/5/04 10:00,1451
4/5/04 11:00,1409
4/5/04 12:00,1434
4/5/04 13:00,1457
4/5/04 14:00,1325
4/5/04 15:00,1120
4/5/04 16:00,931
4/5/04 17:00,1212
4/5/04 18:00,1353
4/5/04 19:00,1359
4/5/04 20:00,1273
4/5/04 21:00,1079
4/5/04 22:00,973
4/5/04 23:00,951
4/6/04 0:00,714
4/6/04 1:00,579
4/6/04 2:00,542
4/6/04 3:00,562
4/6/04 4:00,526
4/6/04 5:00,659
4/6/04 6:00,1012
4/6/04 7:00,1564
4/6/04 8:00,1806
4/6/04 9:00,1604
4/6/04 10:00,1288
4/6/04 11:00,931
4/6/04 12:00,1162
4/6/04 13:00,1064
4/6/04 14:00,913
4/6/04 15:00,684
4/6/04 16:00,710
4/6/04 17:00,923
4/6/04 18:00,1006
4/6/04 19:00,1083
4/6/04 20:00,1161
4/6/04 21:00,800
4/6/04 22:00,647
4/6/04 23:00,649
4/7/04 0:00,575
4/7/04 1:00,455
4/7/04 2:00,392
4/7/04 3:00,340
4/7/04 4:00,320
4/7/04 5:00,331
4/7/04 6:00,426
4/7/04 7:00,830
4/7/04 8:00,1006
4/7/04 9:00,820
4/7/04 10:00,737
4/7/04 11:00,790
4/7/04 12:00,760
4/7/04 13:00,767
4/7/04 14:00,626
4/7/04 15:00,776
4/7/04 16:00,589
4/7/04 17:00,872
4/7/04 18:00,996
4/7/04 19:00,1033
4/7/04 20:00,982
4/7/04 21:00,518
4/7/04 22:00,631
4/7/04 23:00,879
4/8/04 0:00,839
4/8/04 1:00,876
4/8/04 2:00,827
4/8/04 3:00,781
4/8/04 4:00,699
4/8/04 5:00,723
4/8/04 6:00,797
4/8/04 7:00,1138
4/8/04 8:00,1605
4/8/04 9:00,1569
4/8/04 10:00,1319
4/8/04 11:00,1198
4/8/04 12:00,958
4/8/04 13:00,1068
4/8/04 14:00,1010
4/8/04 15:00,928
4/8/04 16:00,816
4/8/04 17:00,1216
4/8/04 18:00,1463
4/8/04 19:00,1791
4/8/04 20:00,1425
4/8/04 21:00,922
4/8/04 22:00,971
4/8/04 23:00,-200
4/9/04 0:00,-200
4/9/04 1:00,-200
4/9/04 2:00,-200
4/9/04 3:00,-200
4/9/04 4:00,-200
4/9/04 5:00,-200
4/9/04 6:00,-200
4/9/04 7:00,-200
4/9/04 8:00,-200
4/9/04 9:00,-200
4/9/04 10:00,-200
4/9/04 11:00,-200
4/9/04 12:00,-200
4/9/04 13:00,-200
4/9/04 14:00,-200
4/9/04 15:00,-200
4/9/04 16:00,-200
4/9/04 17:00,-200
4/9/04 18:00,-200
4/9/04 19:00,-200
4/9/04 20:00,-200
4/9/04 21:00,-200
4/9/04 22:00,-200
4/9/04 23:00,1151
4/10/04 0:00,975
4/10/04 1:00,1034
4/10/04 2:00,980
4/10/04 3:00,825
4/10/04 4:00,807
4/10/04 5:00,842
4/10/04 6:00,950
4/10/04 7:00,1024
4/10/04 8:00,1098
4/10/04 9:00,1011
4/10/04 10:00,931
4/10/04 11:00,811
4/10/04 12:00,756
4/10/04 13:00,607
4/10/04 14:00,498
4/10/04 15:00,540
4/10/04 16:00,544
4/10/04 17:00,620
4/10/04 18:00,740
4/10/04 19:00,921
4/10/04 20:00,1033
4/10/04 21:00,984
4/10/04 22:00,1193
4/10/04 23:00,1219
4/11/04 0:00,913
4/11/04 1:00,750
4/11/04 2:00,772
4/11/04 3:00,712
4/11/04 4:00,712
4/11/04 5:00,727
4/11/04 6:00,746
4/11/04 7:00,733
4/11/04 8:00,727
4/11/04 9:00,642
4/11/04 10:00,810
4/11/04 11:00,851
4/11/04 12:00,911
4/11/04 13:00,611
4/11/04 14:00,368
4/11/04 15:00,369
4/11/04 16:00,394
4/11/04 17:00,415
4/11/04 18:00,469
4/11/04 19:00,607
4/11/04 20:00,498
4/11/04 21:00,481
4/11/04 22:00,465
4/11/04 23:00,478
4/12/04 0:00,366
4/12/04 1:00,332
4/12/04 2:00,346
4/12/04 3:00,350
4/12/04 4:00,274
4/12/04 5:00,263
4/12/04 6:00,314
4/12/04 7:00,367
4/12/04 8:00,432
4/12/04 9:00,536
4/12/04 10:00,555
4/12/04 11:00,677
4/12/04 12:00,557
4/12/04 13:00,421
4/12/04 14:00,423
4/12/04 15:00,519
4/12/04 16:00,533
4/12/04 17:00,537
4/12/04 18:00,612
4/12/04 19:00,697
4/12/04 20:00,573
4/12/04 21:00,489
4/12/04 22:00,474
4/12/04 23:00,455
4/13/04 0:00,433
4/13/04 1:00,376
4/13/04 2:00,360
4/13/04 3:00,384
4/13/04 4:00,363
4/13/04 5:00,525
4/13/04 6:00,873
4/13/04 7:00,1399
4/13/04 8:00,1501
4/13/04 9:00,1186
4/13/04 10:00,911
4/13/04 11:00,919
4/13/04 12:00,791
4/13/04 13:00,751
4/13/04 14:00,805
4/13/04 15:00,966
4/13/04 16:00,869
4/13/04 17:00,1196
4/13/04 18:00,1523
4/13/04 19:00,1579
4/13/04 20:00,1370
4/13/04 21:00,1204
4/13/04 22:00,1201
4/13/04 23:00,1122
4/14/04 0:00,1003
4/14/04 1:00,918
4/14/04 2:00,836
4/14/04 3:00,759
4/14/04 4:00,755
4/14/04 5:00,820
4/14/04 6:00,998
4/14/04 7:00,1403
4/14/04 8:00,1641
4/14/04 9:00,1534
4/14/04 10:00,1257
4/14/04 11:00,1026
4/14/04 12:00,993
4/14/04 13:00,919
4/14/04 14:00,1032
4/14/04 15:00,1077
4/14/04 16:00,883
4/14/04 17:00,1036
4/14/04 18:00,1144
4/14/04 19:00,1212
4/14/04 20:00,1486
4/14/04 21:00,1440
4/14/04 22:00,1242
4/14/04 23:00,1089
4/15/04 0:00,993
4/15/04 1:00,862
4/15/04 2:00,815
4/15/04 3:00,714
4/15/04 4:00,682
4/15/04 5:00,744
4/15/04 6:00,1050
4/15/04 7:00,1522
4/15/04 8:00,1623
4/15/04 9:00,1638
4/15/04 10:00,1633
4/15/04 11:00,1654
4/15/04 12:00,1559
4/15/04 13:00,1374
4/15/04 14:00,1418
4/15/04 15:00,1228
4/15/04 16:00,1293
4/15/04 17:00,1642
4/15/04 18:00,1895
4/15/04 19:00,2086
4/15/04 20:00,1898
4/15/04 21:00,1758
4/15/04 22:00,1284
4/15/04 23:00,1075
4/16/04 0:00,1084
4/16/04 1:00,1049
4/16/04 2:00,1021
4/16/04 3:00,778
4/16/04 4:00,948
4/16/04 5:00,988
4/16/04 6:00,1184
4/16/04 7:00,1600
4/16/04 8:00,1495
4/16/04 9:00,1188
4/16/04 10:00,1166
4/16/04 11:00,1219
4/16/04 12:00,1128
4/16/04 13:00,1373
4/16/04 14:00,1415
4/16/04 15:00,1302
4/16/04 16:00,1308
4/16/04 17:00,1449
4/16/04 18:00,1385
4/16/04 19:00,1492
4/16/04 20:00,1380
4/16/04 21:00,1167
4/16/04 22:00,1095
4/16/04 23:00,1105
4/17/04 0:00,1051
4/17/04 1:00,1009
4/17/04 2:00,972
4/17/04 3:00,884
4/17/04 4:00,661
4/17/04 5:00,774
4/17/04 6:00,868
4/17/04 7:00,965
4/17/04 8:00,985
4/17/04 9:00,963
4/17/04 10:00,1069
4/17/04 11:00,864
4/17/04 12:00,641
4/17/04 13:00,740
4/17/04 14:00,532
4/17/04 15:00,572
4/17/04 16:00,630
4/17/04 17:00,608
4/17/04 18:00,644
4/17/04 19:00,833
4/17/04 20:00,923
4/17/04 21:00,790
4/17/04 22:00,961
4/17/04 23:00,1177
4/18/04 0:00,943
4/18/04 1:00,742
4/18/04 2:00,705
4/18/04 3:00,663
4/18/04 4:00,536
4/18/04 5:00,441
4/18/04 6:00,477
4/18/04 7:00,506
4/18/04 8:00,608
4/18/04 9:00,663
4/18/04 10:00,912
4/18/04 11:00,963
4/18/04 12:00,803
4/18/04 13:00,564
4/18/04 14:00,501
4/18/04 15:00,701
4/18/04 16:00,783
4/18/04 17:00,784
4/18/04 18:00,861
4/18/04 19:00,1156
4/18/04 20:00,1047
4/18/04 21:00,1034
4/18/04 22:00,962
4/18/04 23:00,1100
4/19/04 0:00,1047
4/19/04 1:00,874
4/19/04 2:00,747
4/19/04 3:00,589
4/19/04 4:00,635
4/19/04 5:00,671
4/19/04 6:00,992
4/19/04 7:00,1308
4/19/04 8:00,1303
4/19/04 9:00,893
4/19/04 10:00,715
4/19/04 11:00,685
4/19/04 12:00,947
4/19/04 13:00,1049
4/19/04 14:00,741
4/19/04 15:00,801
4/19/04 16:00,969
4/19/04 17:00,1038
4/19/04 18:00,889
4/19/04 19:00,879
4/19/04 20:00,846
4/19/04 21:00,712
4/19/04 22:00,747
4/19/04 23:00,791
4/20/04 0:00,637
4/20/04 1:00,553
4/20/04 2:00,449
4/20/04 3:00,485
4/20/04 4:00,540
4/20/04 5:00,685
4/20/04 6:00,925
4/20/04 7:00,1382
4/20/04 8:00,1645
4/20/04 9:00,1514
4/20/04 10:00,1509
4/20/04 11:00,1520
4/20/04 12:00,1471
4/20/04 13:00,1282
4/20/04 14:00,1004
4/20/04 15:00,714
4/20/04 16:00,940
4/20/04 17:00,1272
4/20/04 18:00,1526
4/20/04 19:00,1488
4/20/04 20:00,1475
4/20/04 21:00,1182
4/20/04 22:00,933
4/20/04 23:00,1001
4/21/04 0:00,756
4/21/04 1:00,952
4/21/04 2:00,808
4/21/04 3:00,779
4/21/04 4:00,717
4/21/04 5:00,779
4/21/04 6:00,1009
4/21/04 7:00,1595
4/21/04 8:00,1940
4/21/04 9:00,1628
4/21/04 10:00,1573
4/21/04 11:00,1187
4/21/04 12:00,900
4/21/04 13:00,800
4/21/04 14:00,770
4/21/04 15:00,758
4/21/04 16:00,886
4/21/04 17:00,1219
4/21/04 18:00,1725
4/21/04 19:00,1745
4/21/04 20:00,1600
4/21/04 21:00,1310
4/21/04 22:00,1208
4/21/04 23:00,1074
4/22/04 0:00,993
4/22/04 1:00,923
4/22/04 2:00,819
4/22/04 3:00,727
4/22/04 4:00,694
4/22/04 5:00,727
4/22/04 6:00,926
4/22/04 7:00,1194
4/22/04 8:00,1502
4/22/04 9:00,1743
4/22/04 10:00,1542
4/22/04 11:00,1354
4/22/04 12:00,1175
4/22/04 13:00,916
4/22/04 14:00,818
4/22/04 15:00,1028
4/22/04 16:00,1113
4/22/04 17:00,1431
4/22/04 18:00,1503
4/22/04 19:00,1775
4/22/04 20:00,1505
4/22/04 21:00,1211
4/22/04 22:00,872
4/22/04 23:00,855
4/23/04 0:00,1170
4/23/04 1:00,1024
4/23/04 2:00,841
4/23/04 3:00,760
4/23/04 4:00,803
4/23/04 5:00,793
4/23/04 6:00,906
4/23/04 7:00,1541
4/23/04 8:00,1861
4/23/04 9:00,1895
4/23/04 10:00,1684
4/23/04 11:00,1731
4/23/04 12:00,1402
4/23/04 13:00,1246
4/23/04 14:00,1342
4/23/04 15:00,1489
4/23/04 16:00,1532
4/23/04 17:00,1909
4/23/04 18:00,1757
4/23/04 19:00,1983
4/23/04 20:00,1703
4/23/04 21:00,1246
4/23/04 22:00,1321
4/23/04 23:00,1375
4/24/04 0:00,1456
4/24/04 1:00,1442
4/24/04 2:00,1243
4/24/04 3:00,1078
4/24/04 4:00,939
4/24/04 5:00,937
4/24/04 6:00,1019
4/24/04 7:00,1140
4/24/04 8:00,1351
4/24/04 9:00,1459
4/24/04 10:00,1297
4/24/04 11:00,1291
4/24/04 12:00,1296
4/24/04 13:00,972
4/24/04 14:00,1194
4/24/04 15:00,880
4/24/04 16:00,909
4/24/04 17:00,839
4/24/04 18:00,1248
4/24/04 19:00,1476
4/24/04 20:00,1502
4/24/04 21:00,873
4/24/04 22:00,528
4/24/04 23:00,492
4/25/04 0:00,463
4/25/04 1:00,494
4/25/04 2:00,503
4/25/04 3:00,581
4/25/04 4:00,350
4/25/04 5:00,305
4/25/04 6:00,329
4/25/04 7:00,375
4/25/04 8:00,373
4/25/04 9:00,385
4/25/04 10:00,403
4/25/04 11:00,393
4/25/04 12:00,388
4/25/04 13:00,371
4/25/04 14:00,347
4/25/04 15:00,396
4/25/04 16:00,474
4/25/04 17:00,505
4/25/04 18:00,625
4/25/04 19:00,941
4/25/04 20:00,893
4/25/04 21:00,731
4/25/04 22:00,955
4/25/04 23:00,761
4/26/04 0:00,515
4/26/04 1:00,434
4/26/04 2:00,369
4/26/04 3:00,335
4/26/04 4:00,319
4/26/04 5:00,378
4/26/04 6:00,517
4/26/04 7:00,786
4/26/04 8:00,844
4/26/04 9:00,720
4/26/04 10:00,668
4/26/04 11:00,605
4/26/04 12:00,646
4/26/04 13:00,640
4/26/04 14:00,571
4/26/04 15:00,605
4/26/04 16:00,636
4/26/04 17:00,886
4/26/04 18:00,1032
4/26/04 19:00,977
4/26/04 20:00,924
4/26/04 21:00,846
4/26/04 22:00,755
4/26/04 23:00,610
4/27/04 0:00,439
4/27/04 1:00,402
4/27/04 2:00,406
4/27/04 3:00,424
4/27/04 4:00,558
4/27/04 5:00,746
4/27/04 6:00,1126
4/27/04 7:00,1703
4/27/04 8:00,1628
4/27/04 9:00,936
4/27/04 10:00,890
4/27/04 11:00,757
4/27/04 12:00,949
4/27/04 13:00,1109
4/27/04 14:00,870
4/27/04 15:00,1011
4/27/04 16:00,885
4/27/04 17:00,1015
4/27/04 18:00,1155
4/27/04 19:00,1315
4/27/04 20:00,1359
4/27/04 21:00,1194
4/27/04 22:00,951
4/27/04 23:00,1054
4/28/04 0:00,980
4/28/04 1:00,898
4/28/04 2:00,803
4/28/04 3:00,684
4/28/04 4:00,644
4/28/04 5:00,677
4/28/04 6:00,996
4/28/04 7:00,1736
4/28/04 8:00,1692
4/28/04 9:00,2108
4/28/04 10:00,1807
4/28/04 11:00,1566
4/28/04 12:00,1293
4/28/04 13:00,1219
4/28/04 14:00,1330
4/28/04 15:00,1299
4/28/04 16:00,1111
4/28/04 17:00,1300
4/28/04 18:00,1653
4/28/04 19:00,1716
4/28/04 20:00,1720
4/28/04 21:00,1339
4/28/04 22:00,1166
4/28/04 23:00,1256
4/29/04 0:00,1125
4/29/04 1:00,968
4/29/04 2:00,814
4/29/04 3:00,743
4/29/04 4:00,758
4/29/04 5:00,861
4/29/04 6:00,1047
4/29/04 7:00,1665
4/29/04 8:00,1982
4/29/04 9:00,1711
4/29/04 10:00,1204
4/29/04 11:00,871
4/29/04 12:00,1040
4/29/04 13:00,1439
4/29/04 14:00,1516
4/29/04 15:00,1693
4/29/04 16:00,1635
4/29/04 17:00,1688
4/29/04 18:00,1820
4/29/04 19:00,2006
4/29/04 20:00,1740
4/29/04 21:00,1577
4/29/04 22:00,1443
4/29/04 23:00,1411
4/30/04 0:00,1217
4/30/04 1:00,1086
4/30/04 2:00,1050
4/30/04 3:00,965
4/30/04 4:00,906
4/30/04 5:00,917
4/30/04 6:00,1116
4/30/04 7:00,1380
4/30/04 8:00,1378
4/30/04 9:00,1365
4/30/04 10:00,1273
4/30/04 11:00,1242
4/30/04 12:00,1294
4/30/04 13:00,1413
4/30/04 14:00,1224
4/30/04 15:00,1318
4/30/04 16:00,1404
4/30/04 17:00,1471
4/30/04 18:00,1623
4/30/04 19:00,1786
4/30/04 20:00,1569
4/30/04 21:00,1495
4/30/04 22:00,1471
4/30/04 23:00,1384
5/1/04 0:00,1789
5/1/04 1:00,1323
5/1/04 2:00,1081
5/1/04 3:00,938
5/1/04 4:00,673
5/1/04 5:00,543
5/1/04 6:00,561
5/1/04 7:00,862
5/1/04 8:00,901
5/1/04 9:00,1048
5/1/04 10:00,971
5/1/04 11:00,915
5/1/04 12:00,891
5/1/04 13:00,628
5/1/04 14:00,556
5/1/04 15:00,652
5/1/04 16:00,683
5/1/04 17:00,624
5/1/04 18:00,733
5/1/04 19:00,1062
5/1/04 20:00,988
5/1/04 21:00,871
5/1/04 22:00,1243
5/1/04 23:00,1175
5/2/04 0:00,1126
5/2/04 1:00,1118
5/2/04 2:00,864
5/2/04 3:00,942
5/2/04 4:00,684
5/2/04 5:00,689
5/2/04 6:00,767
5/2/04 7:00,817
5/2/04 8:00,940
5/2/04 9:00,908
5/2/04 10:00,871
5/2/04 11:00,689
5/2/04 12:00,629
5/2/04 13:00,602
5/2/04 14:00,617
5/2/04 15:00,677
5/2/04 16:00,580
5/2/04 17:00,861
5/2/04 18:00,1080
5/2/04 19:00,1288
5/2/04 20:00,1163
5/2/04 21:00,1043
5/2/04 22:00,1045
5/2/04 23:00,929
5/3/04 0:00,825
5/3/04 1:00,545
5/3/04 2:00,500
5/3/04 3:00,494
5/3/04 4:00,505
5/3/04 5:00,717
5/3/04 6:00,1126
5/3/04 7:00,1597
5/3/04 8:00,1687
5/3/04 9:00,1529
5/3/04 10:00,1366
5/3/04 11:00,1074
5/3/04 12:00,940
5/3/04 13:00,921
5/3/04 14:00,695
5/3/04 15:00,795
5/3/04 16:00,1079
5/3/04 17:00,1473
5/3/04 18:00,1493
5/3/04 19:00,1308
5/3/04 20:00,1189
5/3/04 21:00,1076
5/3/04 22:00,806
5/3/04 23:00,973
5/4/04 0:00,929
5/4/04 1:00,778
5/4/04 2:00,633
5/4/04 3:00,497
5/4/04 4:00,458
5/4/04 5:00,579
5/4/04 6:00,1003
5/4/04 7:00,1393
5/4/04 8:00,1406
5/4/04 9:00,1308
5/4/04 10:00,863
5/4/04 11:00,1004
5/4/04 12:00,1023
5/4/04 13:00,978
5/4/04 14:00,979
5/4/04 15:00,971
5/4/04 16:00,617
5/4/04 17:00,717
5/4/04 18:00,1220
5/4/04 19:00,1296
5/4/04 20:00,1413
5/4/04 21:00,1093
5/4/04 22:00,586
5/4/04 23:00,575
5/5/04 0:00,441
5/5/04 1:00,358
5/5/04 2:00,377
5/5/04 3:00,437
5/5/04 4:00,468
5/5/04 5:00,580
5/5/04 6:00,805
5/5/04 7:00,1273
5/5/04 8:00,1452
5/5/04 9:00,1307
5/5/04 10:00,1102
5/5/04 11:00,1083
5/5/04 12:00,1083
5/5/04 13:00,1236
5/5/04 14:00,1223
5/5/04 15:00,1175
5/5/04 16:00,933
5/5/04 17:00,835
5/5/04 18:00,1291
5/5/04 19:00,802
5/5/04 20:00,842
5/5/04 21:00,744
5/5/04 22:00,500
5/5/04 23:00,560
5/6/04 0:00,589
5/6/04 1:00,488
5/6/04 2:00,387
5/6/04 3:00,355
5/6/04 4:00,351
5/6/04 5:00,420
5/6/04 6:00,695
5/6/04 7:00,1139
5/6/04 8:00,1315
5/6/04 9:00,1217
5/6/04 10:00,1014
5/6/04 11:00,884
5/6/04 12:00,524
5/6/04 13:00,644
5/6/04 14:00,1032
5/6/04 15:00,1038
5/6/04 16:00,1077
5/6/04 17:00,983
5/6/04 18:00,834
5/6/04 19:00,949
5/6/04 20:00,941
5/6/04 21:00,756
5/6/04 22:00,655
5/6/04 23:00,805
5/7/04 0:00,970
5/7/04 1:00,969
5/7/04 2:00,671
5/7/04 3:00,575
5/7/04 4:00,535
5/7/04 5:00,489
5/7/04 6:00,689
5/7/04 7:00,1196
5/7/04 8:00,1266
5/7/04 9:00,1130
5/7/04 10:00,834
5/7/04 11:00,536
5/7/04 12:00,545
5/7/04 13:00,720
5/7/04 14:00,655
5/7/04 15:00,614
5/7/04 16:00,725
5/7/04 17:00,1036
5/7/04 18:00,1127
5/7/04 19:00,854
5/7/04 20:00,792
5/7/04 21:00,891
5/7/04 22:00,876
5/7/04 23:00,851
5/8/04 0:00,787
5/8/04 1:00,711
5/8/04 2:00,396
5/8/04 3:00,375
5/8/04 4:00,343
5/8/04 5:00,401
5/8/04 6:00,518
5/8/04 7:00,685
5/8/04 8:00,939
5/8/04 9:00,974
5/8/04 10:00,959
5/8/04 11:00,1067
5/8/04 12:00,1061
5/8/04 13:00,1008
5/8/04 14:00,637
5/8/04 15:00,647
5/8/04 16:00,523
5/8/04 17:00,539
5/8/04 18:00,649
5/8/04 19:00,1071
5/8/04 20:00,1237
5/8/04 21:00,1018
5/8/04 22:00,966
5/8/04 23:00,901
5/9/04 0:00,949
5/9/04 1:00,1057
5/9/04 2:00,989
5/9/04 3:00,1005
5/9/04 4:00,1003
5/9/04 5:00,1087
5/9/04 6:00,909
5/9/04 7:00,882
5/9/04 8:00,568
5/9/04 9:00,620
5/9/04 10:00,686
5/9/04 11:00,700
5/9/04 12:00,780
5/9/04 13:00,558
5/9/04 14:00,608
5/9/04 15:00,754
5/9/04 16:00,544
5/9/04 17:00,550
5/9/04 18:00,627
5/9/04 19:00,877
5/9/04 20:00,981
5/9/04 21:00,832
5/9/04 22:00,941
5/9/04 23:00,1022
5/10/04 0:00,888
5/10/04 1:00,683
5/10/04 2:00,534
5/10/04 3:00,489
5/10/04 4:00,562
5/10/04 5:00,652
5/10/04 6:00,1019
5/10/04 7:00,1678
5/10/04 8:00,1749
5/10/04 9:00,1494
5/10/04 10:00,1186
5/10/04 11:00,1051
5/10/04 12:00,1027
5/10/04 13:00,981
5/10/04 14:00,976
5/10/04 15:00,932
5/10/04 16:00,871
5/10/04 17:00,990
5/10/04 18:00,1196
5/10/04 19:00,1329
5/10/04 20:00,1151
5/10/04 21:00,1031
5/10/04 22:00,917
5/10/04 23:00,860
5/11/04 0:00,910
5/11/04 1:00,699
5/11/04 2:00,596
5/11/04 3:00,643
5/11/04 4:00,704
5/11/04 5:00,741
5/11/04 6:00,968
5/11/04 7:00,1561
5/11/04 8:00,1779
5/11/04 9:00,1822
5/11/04 10:00,1675
5/11/04 11:00,1295
5/11/04 12:00,1091
5/11/04 13:00,1023
5/11/04 14:00,877
5/11/04 15:00,931
5/11/04 16:00,913
5/11/04 17:00,1255
5/11/04 18:00,1571
5/11/04 19:00,1779
5/11/04 20:00,1735
5/11/04 21:00,1511
5/11/04 22:00,1424
5/11/04 23:00,1348
5/12/04 0:00,1174
5/12/04 1:00,947
5/12/04 2:00,935
5/12/04 3:00,838
5/12/04 4:00,768
5/12/04 5:00,881
5/12/04 6:00,1096
5/12/04 7:00,1495
5/12/04 8:00,1895
5/12/04 9:00,1758
5/12/04 10:00,1630
5/12/04 11:00,1530
5/12/04 12:00,1622
5/12/04 13:00,1828
5/12/04 14:00,1323
5/12/04 15:00,1188
5/12/04 16:00,1166
5/12/04 17:00,1108
5/12/04 18:00,995
5/12/04 19:00,1108
5/12/04 20:00,956
5/12/04 21:00,817
5/12/04 22:00,658
5/12/04 23:00,658
5/13/04 0:00,748
5/13/04 1:00,569
5/13/04 2:00,445
5/13/04 3:00,379
5/13/04 4:00,354
5/13/04 5:00,407
5/13/04 6:00,611
5/13/04 7:00,944
5/13/04 8:00,1328
5/13/04 9:00,1085
5/13/04 10:00,1139
5/13/04 11:00,799
5/13/04 12:00,804
5/13/04 13:00,930
5/13/04 14:00,771
5/13/04 15:00,845
5/13/04 16:00,1192
5/13/04 17:00,1494
5/13/04 18:00,1457
5/13/04 19:00,1489
5/13/04 20:00,1602
5/13/04 21:00,1468
5/13/04 22:00,1274
5/13/04 23:00,1401
5/14/04 0:00,1354
5/14/04 1:00,1188
5/14/04 2:00,975
5/14/04 3:00,816
5/14/04 4:00,921
5/14/04 5:00,1012
5/14/04 6:00,905
5/14/04 7:00,1449
5/14/04 8:00,1725
5/14/04 9:00,1301
5/14/04 10:00,1181
5/14/04 11:00,962
5/14/04 12:00,862
5/14/04 13:00,1017
5/14/04 14:00,993
5/14/04 15:00,879
5/14/04 16:00,926
5/14/04 17:00,1011
5/14/04 18:00,1380
5/14/04 19:00,1698
5/14/04 20:00,1432
5/14/04 21:00,1217
5/14/04 22:00,1317
5/14/04 23:00,1255
5/15/04 0:00,1223
5/15/04 1:00,930
5/15/04 2:00,954
5/15/04 3:00,889
5/15/04 4:00,808
5/15/04 5:00,643
5/15/04 6:00,756
5/15/04 7:00,1067
5/15/04 8:00,1391
5/15/04 9:00,1486
5/15/04 10:00,1327
5/15/04 11:00,835
5/15/04 12:00,834
5/15/04 13:00,815
5/15/04 14:00,621
5/15/04 15:00,643
5/15/04 16:00,712
5/15/04 17:00,746
5/15/04 18:00,991
5/15/04 19:00,1046
5/15/04 20:00,1304
5/15/04 21:00,1100
5/15/04 22:00,1001
5/15/04 23:00,1290
5/16/04 0:00,1205
5/16/04 1:00,1045
5/16/04 2:00,739
5/16/04 3:00,683
5/16/04 4:00,573
5/16/04 5:00,564
5/16/04 6:00,602
5/16/04 7:00,785
5/16/04 8:00,878
5/16/04 9:00,981
5/16/04 10:00,991
5/16/04 11:00,780
5/16/04 12:00,684
5/16/04 13:00,468
5/16/04 14:00,468
5/16/04 15:00,530
5/16/04 16:00,648
5/16/04 17:00,746
5/16/04 18:00,819
5/16/04 19:00,1125
5/16/04 20:00,1013
5/16/04 21:00,816
5/16/04 22:00,750
5/16/04 23:00,673
5/17/04 0:00,692
5/17/04 1:00,517
5/17/04 2:00,392
5/17/04 3:00,360
5/17/04 4:00,409
5/17/04 5:00,779
5/17/04 6:00,1016
5/17/04 7:00,1243
5/17/04 8:00,949
5/17/04 9:00,861
5/17/04 10:00,850
5/17/04 11:00,788
5/17/04 12:00,879
5/17/04 13:00,747
5/17/04 14:00,700
5/17/04 15:00,695
5/17/04 16:00,756
5/17/04 17:00,941
5/17/04 18:00,1021
5/17/04 19:00,1167
5/17/04 20:00,1105
5/17/04 21:00,712
5/17/04 22:00,735
5/17/04 23:00,851
5/18/04 0:00,706
5/18/04 1:00,643
5/18/04 2:00,608
5/18/04 3:00,469
5/18/04 4:00,469
5/18/04 5:00,618
5/18/04 6:00,931
5/18/04 7:00,1519
5/18/04 8:00,2054
5/18/04 9:00,1550
5/18/04 10:00,1381
5/18/04 11:00,1115
5/18/04 12:00,1189
5/18/04 13:00,1200
5/18/04 14:00,965
5/18/04 15:00,1018
5/18/04 16:00,775
5/18/04 17:00,1193
5/18/04 18:00,1425
5/18/04 19:00,1594
5/18/04 20:00,1284
5/18/04 21:00,1174
5/18/04 22:00,937
5/18/04 23:00,985
5/19/04 0:00,1041
5/19/04 1:00,867
5/19/04 2:00,822
5/19/04 3:00,624
5/19/04 4:00,669
5/19/04 5:00,628
5/19/04 6:00,810
5/19/04 7:00,1495
5/19/04 8:00,2018
5/19/04 9:00,1696
5/19/04 10:00,1340
5/19/04 11:00,1123
5/19/04 12:00,971
5/19/04 13:00,1000
5/19/04 14:00,891
5/19/04 15:00,852
5/19/04 16:00,975
5/19/04 17:00,1192
5/19/04 18:00,1373
5/19/04 19:00,1307
5/19/04 20:00,1325
5/19/04 21:00,918
5/19/04 22:00,877
5/19/04 23:00,1024
5/20/04 0:00,1019
5/20/04 1:00,823
5/20/04 2:00,701
5/20/04 3:00,542
5/20/04 4:00,463
5/20/04 5:00,533
5/20/04 6:00,906
5/20/04 7:00,1447
5/20/04 8:00,1835
5/20/04 9:00,1552
5/20/04 10:00,1092
5/20/04 11:00,1071
5/20/04 12:00,881
5/20/04 13:00,907
5/20/04 14:00,899
5/20/04 15:00,1074
5/20/04 16:00,969
5/20/04 17:00,1267
5/20/04 18:00,1402
5/20/04 19:00,1437
5/20/04 20:00,1382
5/20/04 21:00,1280
5/20/04 22:00,1250
5/20/04 23:00,1359
5/21/04 0:00,1102
5/21/04 1:00,768
5/21/04 2:00,656
5/21/04 3:00,683
5/21/04 4:00,670
5/21/04 5:00,656
5/21/04 6:00,926
5/21/04 7:00,1677
5/21/04 8:00,1828
5/21/04 9:00,1752
5/21/04 10:00,1581
5/21/04 11:00,1132
5/21/04 12:00,1037
5/21/04 13:00,1023
5/21/04 14:00,1022
5/21/04 15:00,989
5/21/04 16:00,925
5/21/04 17:00,795
5/21/04 18:00,1263
5/21/04 19:00,1184
5/21/04 20:00,1272
5/21/04 21:00,1177
5/21/04 22:00,1231
5/21/04 23:00,1243
5/22/04 0:00,1427
5/22/04 1:00,1454
5/22/04 2:00,1183
5/22/04 3:00,908
5/22/04 4:00,821
5/22/04 5:00,777
5/22/04 6:00,888
5/22/04 7:00,1076
5/22/04 8:00,1285
5/22/04 9:00,1315
5/22/04 10:00,1250
5/22/04 11:00,978
5/22/04 12:00,1072
5/22/04 13:00,1064
5/22/04 14:00,825
5/22/04 15:00,924
5/22/04 16:00,966
5/22/04 17:00,1302
5/22/04 18:00,1256
5/22/04 19:00,1068
5/22/04 20:00,1070
5/22/04 21:00,792
5/22/04 22:00,1017
5/22/04 23:00,1207
5/23/04 0:00,1499
5/23/04 1:00,1474
5/23/04 2:00,1163
5/23/04 3:00,1189
5/23/04 4:00,815
5/23/04 5:00,507
5/23/04 6:00,506
5/23/04 7:00,716
5/23/04 8:00,795
5/23/04 9:00,594
5/23/04 10:00,565
5/23/04 11:00,523
5/23/04 12:00,591
5/23/04 13:00,559
5/23/04 14:00,430
5/23/04 15:00,522
5/23/04 16:00,641
5/23/04 17:00,738
5/23/04 18:00,778
5/23/04 19:00,718
5/23/04 20:00,689
5/23/04 21:00,852
5/23/04 22:00,854
5/23/04 23:00,664
5/24/04 0:00,544
5/24/04 1:00,461
5/24/04 2:00,352
5/24/04 3:00,308
5/24/04 4:00,301
5/24/04 5:00,307
5/24/04 6:00,441
5/24/04 7:00,775
5/24/04 8:00,907
5/24/04 9:00,763
5/24/04 10:00,649
5/24/04 11:00,598
5/24/04 12:00,579
5/24/04 13:00,596
5/24/04 14:00,595
5/24/04 15:00,607
5/24/04 16:00,662
5/24/04 17:00,822
5/24/04 18:00,987
5/24/04 19:00,966
5/24/04 20:00,763
5/24/04 21:00,617
5/24/04 22:00,564
5/24/04 23:00,646
5/25/04 0:00,753
5/25/04 1:00,669
5/25/04 2:00,435
5/25/04 3:00,436
5/25/04 4:00,403
5/25/04 5:00,532
5/25/04 6:00,536
5/25/04 7:00,917
5/25/04 8:00,1481
5/25/04 9:00,1187
5/25/04 10:00,1220
5/25/04 11:00,1381
5/25/04 12:00,1103
5/25/04 13:00,1105
5/25/04 14:00,1248
5/25/04 15:00,976
5/25/04 16:00,898
5/25/04 17:00,1038
5/25/04 18:00,1395
5/25/04 19:00,-200
5/25/04 20:00,-200
5/25/04 21:00,-200
5/25/04 22:00,-200
5/25/04 23:00,-200
5/26/04 0:00,-200
5/26/04 1:00,-200
5/26/04 2:00,-200
5/26/04 3:00,-200
5/26/04 4:00,-200
5/26/04 5:00,-200
5/26/04 6:00,-200
5/26/04 7:00,-200
5/26/04 8:00,-200
5/26/04 9:00,1608
5/26/04 10:00,1327
5/26/04 11:00,1292
5/26/04 12:00,1114
5/26/04 13:00,1060
5/26/04 14:00,915
5/26/04 15:00,893
5/26/04 16:00,768
5/26/04 17:00,1126
5/26/04 18:00,1284
5/26/04 19:00,1269
5/26/04 20:00,1290
5/26/04 21:00,1119
5/26/04 22:00,1027
5/26/04 23:00,1155
5/27/04 0:00,1078
5/27/04 1:00,954
5/27/04 2:00,726
5/27/04 3:00,656
5/27/04 4:00,573
5/27/04 5:00,780
5/27/04 6:00,920
5/27/04 7:00,1544
5/27/04 8:00,1789
5/27/04 9:00,1629
5/27/04 10:00,997
5/27/04 11:00,847
5/27/04 12:00,958
5/27/04 13:00,854
5/27/04 14:00,782
5/27/04 15:00,888
5/27/04 16:00,764
5/27/04 17:00,1170
5/27/04 18:00,1385
5/27/04 19:00,1237
5/27/04 20:00,1127
5/27/04 21:00,1091
5/27/04 22:00,972
5/27/04 23:00,949
5/28/04 0:00,890
5/28/04 1:00,763
5/28/04 2:00,833
5/28/04 3:00,675
5/28/04 4:00,672
5/28/04 5:00,626
5/28/04 6:00,882
5/28/04 7:00,1264
5/28/04 8:00,1330
5/28/04 9:00,1324
5/28/04 10:00,901
5/28/04 11:00,852
5/28/04 12:00,1009
5/28/04 13:00,831
5/28/04 14:00,954
5/28/04 15:00,814
5/28/04 16:00,845
5/28/04 17:00,956
5/28/04 18:00,1102
5/28/04 19:00,994
5/28/04 20:00,935
5/28/04 21:00,839
5/28/04 22:00,797
5/28/04 23:00,968
5/29/04 0:00,886
5/29/04 1:00,764
5/29/04 2:00,657
5/29/04 3:00,540
5/29/04 4:00,621
5/29/04 5:00,450
5/29/04 6:00,434
5/29/04 7:00,559
5/29/04 8:00,548
5/29/04 9:00,525
5/29/04 10:00,522
5/29/04 11:00,535
5/29/04 12:00,585
5/29/04 13:00,521
5/29/04 14:00,493
5/29/04 15:00,501
5/29/04 16:00,559
5/29/04 17:00,589
5/29/04 18:00,596
5/29/04 19:00,681
5/29/04 20:00,783
5/29/04 21:00,738
5/29/04 22:00,762
5/29/04 23:00,929
5/30/04 0:00,1044
5/30/04 1:00,892
5/30/04 2:00,807
5/30/04 3:00,710
5/30/04 4:00,712
5/30/04 5:00,568
5/30/04 6:00,575
5/30/04 7:00,658
5/30/04 8:00,537
5/30/04 9:00,486
5/30/04 10:00,507
5/30/04 11:00,496
5/30/04 12:00,502
5/30/04 13:00,430
5/30/04 14:00,439
5/30/04 15:00,471
5/30/04 16:00,589
5/30/04 17:00,598
5/30/04 18:00,695
5/30/04 19:00,739
5/30/04 20:00,891
5/30/04 21:00,930
5/30/04 22:00,880
5/30/04 23:00,610
5/31/04 0:00,518
5/31/04 1:00,664
5/31/04 2:00,515
5/31/04 3:00,477
5/31/04 4:00,477
5/31/04 5:00,581
5/31/04 6:00,763
5/31/04 7:00,1111
5/31/04 8:00,1390
5/31/04 9:00,1251
5/31/04 10:00,1141
5/31/04 11:00,942
5/31/04 12:00,795
5/31/04 13:00,836
5/31/04 14:00,847
5/31/04 15:00,769
5/31/04 16:00,968
5/31/04 17:00,1157
5/31/04 18:00,1367
5/31/04 19:00,1101
5/31/04 20:00,916
5/31/04 21:00,825
5/31/04 22:00,693
5/31/04 23:00,734
6/1/04 0:00,685
6/1/04 1:00,524
6/1/04 2:00,527
6/1/04 3:00,452
6/1/04 4:00,466
6/1/04 5:00,565
6/1/04 6:00,799
6/1/04 7:00,1102
6/1/04 8:00,1299
6/1/04 9:00,1272
6/1/04 10:00,1206
6/1/04 11:00,1218
6/1/04 12:00,1367
6/1/04 13:00,1290
6/1/04 14:00,1175
6/1/04 15:00,1139
6/1/04 16:00,1293
6/1/04 17:00,1419
6/1/04 18:00,1326
6/1/04 19:00,1517
6/1/04 20:00,1391
6/1/04 21:00,1275
6/1/04 22:00,1168
6/1/04 23:00,1132
6/2/04 0:00,977
6/2/04 1:00,942
6/2/04 2:00,804
6/2/04 3:00,805
6/2/04 4:00,704
6/2/04 5:00,657
6/2/04 6:00,655
6/2/04 7:00,751
6/2/04 8:00,885
6/2/04 9:00,955
6/2/04 10:00,962
6/2/04 11:00,957
6/2/04 12:00,788
6/2/04 13:00,596
6/2/04 14:00,560
6/2/04 15:00,701
6/2/04 16:00,811
6/2/04 17:00,724
6/2/04 18:00,864
6/2/04 19:00,1084
6/2/04 20:00,998
6/2/04 21:00,878
6/2/04 22:00,909
6/2/04 23:00,789
6/3/04 0:00,857
6/3/04 1:00,885
6/3/04 2:00,743
6/3/04 3:00,445
6/3/04 4:00,454
6/3/04 5:00,610
6/3/04 6:00,1024
6/3/04 7:00,1316
6/3/04 8:00,1358
6/3/04 9:00,2202
6/3/04 10:00,1947
6/3/04 11:00,1227
6/3/04 12:00,950
6/3/04 13:00,917
6/3/04 14:00,707
6/3/04 15:00,740
6/3/04 16:00,775
6/3/04 17:00,1035
6/3/04 18:00,1001
6/3/04 19:00,1101
6/3/04 20:00,1034
6/3/04 21:00,786
6/3/04 22:00,844
6/3/04 23:00,866
6/4/04 0:00,909
6/4/04 1:00,724
6/4/04 2:00,715
6/4/04 3:00,827
6/4/04 4:00,786
6/4/04 5:00,445
6/4/04 6:00,607
6/4/04 7:00,1213
6/4/04 8:00,910
6/4/04 9:00,675
6/4/04 10:00,582
6/4/04 11:00,666
6/4/04 12:00,726
6/4/04 13:00,801
6/4/04 14:00,711
6/4/04 15:00,790
6/4/04 16:00,924
6/4/04 17:00,1045
6/4/04 18:00,1088
6/4/04 19:00,1038
6/4/04 20:00,981
6/4/04 21:00,820
6/4/04 22:00,948
6/4/04 23:00,1067
6/5/04 0:00,1070
6/5/04 1:00,877
6/5/04 2:00,1028
6/5/04 3:00,969
6/5/04 4:00,837
6/5/04 5:00,904
6/5/04 6:00,1065
6/5/04 7:00,999
6/5/04 8:00,986
6/5/04 9:00,874
6/5/04 10:00,689
6/5/04 11:00,608
6/5/04 12:00,706
6/5/04 13:00,704
6/5/04 14:00,609
6/5/04 15:00,687
6/5/04 16:00,976
6/5/04 17:00,860
6/5/04 18:00,1021
6/5/04 19:00,1079
6/5/04 20:00,826
6/5/04 21:00,558
6/5/04 22:00,679
6/5/04 23:00,850
6/6/04 0:00,733
6/6/04 1:00,612
6/6/04 2:00,788
6/6/04 3:00,728
6/6/04 4:00,724
6/6/04 5:00,543
6/6/04 6:00,616
6/6/04 7:00,677
6/6/04 8:00,723
6/6/04 9:00,529
6/6/04 10:00,528
6/6/04 11:00,491
6/6/04 12:00,489
6/6/04 13:00,450
6/6/04 14:00,451
6/6/04 15:00,512
6/6/04 16:00,525
6/6/04 17:00,556
6/6/04 18:00,599
6/6/04 19:00,694
6/6/04 20:00,744
6/6/04 21:00,724
6/6/04 22:00,804
6/6/04 23:00,862
6/7/04 0:00,811
6/7/04 1:00,627
6/7/04 2:00,575
6/7/04 3:00,589
6/7/04 4:00,579
6/7/04 5:00,605
6/7/04 6:00,974
6/7/04 7:00,1132
6/7/04 8:00,1378
6/7/04 9:00,1160
6/7/04 10:00,1213
6/7/04 11:00,1057
6/7/04 12:00,832
6/7/04 13:00,983
6/7/04 14:00,1047
6/7/04 15:00,1078
6/7/04 16:00,979
6/7/04 17:00,1139
6/7/04 18:00,1111
6/7/04 19:00,1470
6/7/04 20:00,980
6/7/04 21:00,893
6/7/04 22:00,858
6/7/04 23:00,904
6/8/04 0:00,905
6/8/04 1:00,678
6/8/04 2:00,586
6/8/04 3:00,608
6/8/04 4:00,514
6/8/04 5:00,588
6/8/04 6:00,884
6/8/04 7:00,1338
6/8/04 8:00,1708
6/8/04 9:00,1681
6/8/04 10:00,1509
6/8/04 11:00,1330
6/8/04 12:00,1138
6/8/04 13:00,963
6/8/04 14:00,1015
6/8/04 15:00,1008
6/8/04 16:00,898
6/8/04 17:00,1215
6/8/04 18:00,1334
6/8/04 19:00,1380
6/8/04 20:00,1601
6/8/04 21:00,1376
6/8/04 22:00,1161
6/8/04 23:00,878
6/9/04 0:00,1031
6/9/04 1:00,847
6/9/04 2:00,908
6/9/04 3:00,733
6/9/04 4:00,751
6/9/04 5:00,799
6/9/04 6:00,954
6/9/04 7:00,1425
6/9/04 8:00,2147
6/9/04 9:00,1532
6/9/04 10:00,1570
6/9/04 11:00,1380
6/9/04 12:00,1337
6/9/04 13:00,1308
6/9/04 14:00,1013
6/9/04 15:00,816
6/9/04 16:00,836
6/9/04 17:00,1267
6/9/04 18:00,1649
6/9/04 19:00,1622
6/9/04 20:00,1349
6/9/04 21:00,1186
6/9/04 22:00,1026
6/9/04 23:00,817
6/10/04 0:00,662
6/10/04 1:00,552
6/10/04 2:00,775
6/10/04 3:00,646
6/10/04 4:00,647
6/10/04 5:00,874
6/10/04 6:00,973
6/10/04 7:00,1327
6/10/04 8:00,1626
6/10/04 9:00,1640
6/10/04 10:00,1341
6/10/04 11:00,1113
6/10/04 12:00,1224
6/10/04 13:00,1095
6/10/04 14:00,1152
6/10/04 15:00,1047
6/10/04 16:00,982
6/10/04 17:00,1320
6/10/04 18:00,1541
6/10/04 19:00,1510
6/10/04 20:00,1511
6/10/04 21:00,1078
6/10/04 22:00,1235
6/10/04 23:00,1202
6/11/04 0:00,1103
6/11/04 1:00,1013
6/11/04 2:00,765
6/11/04 3:00,618
6/11/04 4:00,663
6/11/04 5:00,813
6/11/04 6:00,894
6/11/04 7:00,1495
6/11/04 8:00,1658
6/11/04 9:00,1506
6/11/04 10:00,1168
6/11/04 11:00,993
6/11/04 12:00,910
6/11/04 13:00,912
6/11/04 14:00,814
6/11/04 15:00,1341
6/11/04 16:00,847
6/11/04 17:00,925
6/11/04 18:00,1087
6/11/04 19:00,1132
6/11/04 20:00,1197
6/11/04 21:00,1229
6/11/04 22:00,1171
6/11/04 23:00,921
6/12/04 0:00,1008
6/12/04 1:00,849
6/12/04 2:00,668
6/12/04 3:00,641
6/12/04 4:00,707
6/12/04 5:00,939
6/12/04 6:00,886
6/12/04 7:00,837
6/12/04 8:00,1005
6/12/04 9:00,1191
6/12/04 10:00,1200
6/12/04 11:00,971
6/12/04 12:00,907
6/12/04 13:00,802
6/12/04 14:00,695
6/12/04 15:00,777
6/12/04 16:00,818
6/12/04 17:00,681
6/12/04 18:00,631
6/12/04 19:00,641
6/12/04 20:00,683
6/12/04 21:00,1013
6/12/04 22:00,1151
6/12/04 23:00,1134
6/13/04 0:00,945
6/13/04 1:00,734
6/13/04 2:00,554
6/13/04 3:00,612
6/13/04 4:00,564
6/13/04 5:00,512
6/13/04 6:00,410
6/13/04 7:00,392
6/13/04 8:00,377
6/13/04 9:00,389
6/13/04 10:00,432
6/13/04 11:00,502
6/13/04 12:00,469
6/13/04 13:00,427
6/13/04 14:00,406
6/13/04 15:00,430
6/13/04 16:00,453
6/13/04 17:00,470
6/13/04 18:00,480
6/13/04 19:00,472
6/13/04 20:00,521
6/13/04 21:00,520
6/13/04 22:00,440
6/13/04 23:00,446
6/14/04 0:00,417
6/14/04 1:00,381
6/14/04 2:00,350
6/14/04 3:00,334
6/14/04 4:00,346
6/14/04 5:00,380
6/14/04 6:00,563
6/14/04 7:00,779
6/14/04 8:00,842
6/14/04 9:00,692
6/14/04 10:00,779
6/14/04 11:00,633
6/14/04 12:00,616
6/14/04 13:00,606
6/14/04 14:00,526
6/14/04 15:00,588
6/14/04 16:00,674
6/14/04 17:00,885
6/14/04 18:00,879
6/14/04 19:00,703
6/14/04 20:00,637
6/14/04 21:00,561
6/14/04 22:00,612
6/14/04 23:00,621
6/15/04 0:00,702
6/15/04 1:00,559
6/15/04 2:00,435
6/15/04 3:00,441
6/15/04 4:00,527
6/15/04 5:00,720
6/15/04 6:00,937
6/15/04 7:00,1482
6/15/04 8:00,1489
6/15/04 9:00,1015
6/15/04 10:00,1004
6/15/04 11:00,1129
6/15/04 12:00,1068
6/15/04 13:00,924
6/15/04 14:00,861
6/15/04 15:00,981
6/15/04 16:00,1043
6/15/04 17:00,1124
6/15/04 18:00,1004
6/15/04 19:00,1190
6/15/04 20:00,1072
6/15/04 21:00,925
6/15/04 22:00,862
6/15/04 23:00,969
6/16/04 0:00,932
6/16/04 1:00,794
6/16/04 2:00,599
6/16/04 3:00,614
6/16/04 4:00,625
6/16/04 5:00,595
6/16/04 6:00,886
6/16/04 7:00,1257
6/16/04 8:00,1561
6/16/04 9:00,1191
6/16/04 10:00,1061
6/16/04 11:00,751
6/16/04 12:00,733
6/16/04 13:00,906
6/16/04 14:00,902
6/16/04 15:00,836
6/16/04 16:00,863
6/16/04 17:00,824
6/16/04 18:00,842
6/16/04 19:00,1132
6/16/04 20:00,1175
6/16/04 21:00,1111
6/16/04 22:00,1125
6/16/04 23:00,1077
6/17/04 0:00,1087
6/17/04 1:00,1014
6/17/04 2:00,801
6/17/04 3:00,802
6/17/04 4:00,753
6/17/04 5:00,696
6/17/04 6:00,996
6/17/04 7:00,1513
6/17/04 8:00,1598
6/17/04 9:00,1690
6/17/04 10:00,1053
6/17/04 11:00,931
6/17/04 12:00,865
6/17/04 13:00,818
6/17/04 14:00,802
6/17/04 15:00,778
6/17/04 16:00,767
6/17/04 17:00,1000
6/17/04 18:00,1143
6/17/04 19:00,1009
6/17/04 20:00,1076
6/17/04 21:00,830
6/17/04 22:00,853
6/17/04 23:00,1310
6/18/04 0:00,1119
6/18/04 1:00,918
6/18/04 2:00,609
6/18/04 3:00,516
6/18/04 4:00,510
6/18/04 5:00,554
6/18/04 6:00,760
6/18/04 7:00,1170
6/18/04 8:00,1545
6/18/04 9:00,1508
6/18/04 10:00,1292
6/18/04 11:00,1287
6/18/04 12:00,1042
6/18/04 13:00,817
6/18/04 14:00,847
6/18/04 15:00,806
6/18/04 16:00,896
6/18/04 17:00,1069
6/18/04 18:00,945
6/18/04 19:00,1168
6/18/04 20:00,1065
6/18/04 21:00,672
6/18/04 22:00,842
6/18/04 23:00,1123
6/19/04 0:00,1007
6/19/04 1:00,855
6/19/04 2:00,689
6/19/04 3:00,622
6/19/04 4:00,658
6/19/04 5:00,628
6/19/04 6:00,659
6/19/04 7:00,799
6/19/04 8:00,964
6/19/04 9:00,910
6/19/04 10:00,999
6/19/04 11:00,853
6/19/04 12:00,752
6/19/04 13:00,778
6/19/04 14:00,-200
6/19/04 15:00,-200
6/19/04 16:00,-200
6/19/04 17:00,-200
6/19/04 18:00,-200
6/19/04 19:00,-200
6/19/04 20:00,-200
6/19/04 21:00,-200
6/19/04 22:00,-200
6/19/04 23:00,-200
6/20/04 0:00,-200
6/20/04 1:00,-200
6/20/04 2:00,-200
6/20/04 3:00,-200
6/20/04 4:00,-200
6/20/04 5:00,-200
6/20/04 6:00,-200
6/20/04 7:00,-200
6/20/04 8:00,-200
6/20/04 9:00,-200
6/20/04 10:00,-200
6/20/04 11:00,-200
6/20/04 12:00,-200
6/20/04 13:00,-200
6/20/04 14:00,-200
6/20/04 15:00,-200
6/20/04 16:00,-200
6/20/04 17:00,-200
6/20/04 18:00,-200
6/20/04 19:00,-200
6/20/04 20:00,-200
6/20/04 21:00,-200
6/20/04 22:00,-200
6/20/04 23:00,-200
6/21/04 0:00,-200
6/21/04 1:00,-200
6/21/04 2:00,-200
6/21/04 3:00,-200
6/21/04 4:00,466
6/21/04 5:00,609
6/21/04 6:00,863
6/21/04 7:00,1203
6/21/04 8:00,1412
6/21/04 9:00,1069
6/21/04 10:00,817
6/21/04 11:00,649
6/21/04 12:00,598
6/21/04 13:00,540
6/21/04 14:00,601
6/21/04 15:00,668
6/21/04 16:00,647
6/21/04 17:00,816
6/21/04 18:00,963
6/21/04 19:00,1010
6/21/04 20:00,967
6/21/04 21:00,904
6/21/04 22:00,852
6/21/04 23:00,744
6/22/04 0:00,760
6/22/04 1:00,613
6/22/04 2:00,531
6/22/04 3:00,493
6/22/04 4:00,509
6/22/04 5:00,560
6/22/04 6:00,826
6/22/04 7:00,1334
6/22/04 8:00,1660
6/22/04 9:00,1362
6/22/04 10:00,1316
6/22/04 11:00,1089
6/22/04 12:00,1129
6/22/04 13:00,1120
6/22/04 14:00,916
6/22/04 15:00,812
6/22/04 16:00,959
6/22/04 17:00,1189
6/22/04 18:00,1199
6/22/04 19:00,1283
6/22/04 20:00,1291
6/22/04 21:00,949
6/22/04 22:00,1018
6/22/04 23:00,1122
6/23/04 0:00,968
6/23/04 1:00,806
6/23/04 2:00,714
6/23/04 3:00,644
6/23/04 4:00,606
6/23/04 5:00,606
6/23/04 6:00,819
6/23/04 7:00,1462
6/23/04 8:00,1478
6/23/04 9:00,1598
6/23/04 10:00,1449
6/23/04 11:00,1221
6/23/04 12:00,1023
6/23/04 13:00,910
6/23/04 14:00,913
6/23/04 15:00,1035
6/23/04 16:00,1085
6/23/04 17:00,1278
6/23/04 18:00,1383
6/23/04 19:00,1473
6/23/04 20:00,1507
6/23/04 21:00,1215
6/23/04 22:00,1242
6/23/04 23:00,1356
6/24/04 0:00,1195
6/24/04 1:00,899
6/24/04 2:00,726
6/24/04 3:00,743
6/24/04 4:00,684
6/24/04 5:00,779
6/24/04 6:00,801
6/24/04 7:00,983
6/24/04 8:00,989
6/24/04 9:00,875
6/24/04 10:00,807
6/24/04 11:00,727
6/24/04 12:00,549
6/24/04 13:00,570
6/24/04 14:00,596
6/24/04 15:00,585
6/24/04 16:00,637
6/24/04 17:00,664
6/24/04 18:00,797
6/24/04 19:00,1046
6/24/04 20:00,1058
6/24/04 21:00,1214
6/24/04 22:00,1056
6/24/04 23:00,1280
6/25/04 0:00,1045
6/25/04 1:00,1039
6/25/04 2:00,640
6/25/04 3:00,705
6/25/04 4:00,662
6/25/04 5:00,579
6/25/04 6:00,987
6/25/04 7:00,1197
6/25/04 8:00,1328
6/25/04 9:00,1370
6/25/04 10:00,921
6/25/04 11:00,876
6/25/04 12:00,819
6/25/04 13:00,763
6/25/04 14:00,675
6/25/04 15:00,637
6/25/04 16:00,826
6/25/04 17:00,854
6/25/04 18:00,894
6/25/04 19:00,1077
6/25/04 20:00,1121
6/25/04 21:00,1071
6/25/04 22:00,1167
6/25/04 23:00,1162
6/26/04 0:00,848
6/26/04 1:00,759
6/26/04 2:00,694
6/26/04 3:00,848
6/26/04 4:00,689
6/26/04 5:00,610
6/26/04 6:00,816
6/26/04 7:00,1158
6/26/04 8:00,1228
6/26/04 9:00,1323
6/26/04 10:00,1274
6/26/04 11:00,846
6/26/04 12:00,737
6/26/04 13:00,675
6/26/04 14:00,559
6/26/04 15:00,604
6/26/04 16:00,729
6/26/04 17:00,741
6/26/04 18:00,747
6/26/04 19:00,932
6/26/04 20:00,928
6/26/04 21:00,860
6/26/04 22:00,963
6/26/04 23:00,1309
6/27/04 0:00,1266
6/27/04 1:00,1181
6/27/04 2:00,937
6/27/04 3:00,995
6/27/04 4:00,789
6/27/04 5:00,682
6/27/04 6:00,717
6/27/04 7:00,696
6/27/04 8:00,807
6/27/04 9:00,1025
6/27/04 10:00,1090
6/27/04 11:00,932
6/27/04 12:00,639
6/27/04 13:00,467
6/27/04 14:00,476
6/27/04 15:00,490
6/27/04 16:00,669
6/27/04 17:00,800
6/27/04 18:00,791
6/27/04 19:00,849
6/27/04 20:00,934
6/27/04 21:00,1081
6/27/04 22:00,1102
6/27/04 23:00,914
6/28/04 0:00,926
6/28/04 1:00,786
6/28/04 2:00,619
6/28/04 3:00,633
6/28/04 4:00,634
6/28/04 5:00,722
6/28/04 6:00,717
6/28/04 7:00,1445
6/28/04 8:00,1786
6/28/04 9:00,1791
6/28/04 10:00,1413
6/28/04 11:00,1092
6/28/04 12:00,940
6/28/04 13:00,883
6/28/04 14:00,850
6/28/04 15:00,928
6/28/04 16:00,835
6/28/04 17:00,1157
6/28/04 18:00,1232
6/28/04 19:00,1288
6/28/04 20:00,1143
6/28/04 21:00,1014
6/28/04 22:00,1088
6/28/04 23:00,1092
6/29/04 0:00,1090
6/29/04 1:00,979
6/29/04 2:00,806
6/29/04 3:00,712
6/29/04 4:00,853
6/29/04 5:00,816
6/29/04 6:00,934
6/29/04 7:00,1548
6/29/04 8:00,1858
6/29/04 9:00,1410
6/29/04 10:00,1334
6/29/04 11:00,1140
6/29/04 12:00,1111
6/29/04 13:00,1054
6/29/04 14:00,924
6/29/04 15:00,1041
6/29/04 16:00,1282
6/29/04 17:00,1362
6/29/04 18:00,1441
6/29/04 19:00,1559
6/29/04 20:00,1198
6/29/04 21:00,1246
6/29/04 22:00,1192
6/29/04 23:00,1194
6/30/04 0:00,1252
6/30/04 1:00,777
6/30/04 2:00,798
6/30/04 3:00,800
6/30/04 4:00,728
6/30/04 5:00,953
6/30/04 6:00,1060
6/30/04 7:00,1338
6/30/04 8:00,1622
6/30/04 9:00,1812
6/30/04 10:00,1784
6/30/04 11:00,1509
6/30/04 12:00,1139
6/30/04 13:00,1044
6/30/04 14:00,1015
6/30/04 15:00,825
6/30/04 16:00,1022
6/30/04 17:00,1913
6/30/04 18:00,2043
6/30/04 19:00,1661
6/30/04 20:00,1404
6/30/04 21:00,1233
6/30/04 22:00,1181
6/30/04 23:00,1272
7/1/04 0:00,1190
7/1/04 1:00,982
7/1/04 2:00,805
7/1/04 3:00,654
7/1/04 4:00,727
7/1/04 5:00,1001
7/1/04 6:00,994
7/1/04 7:00,1322
7/1/04 8:00,1617
7/1/04 9:00,1430
7/1/04 10:00,1357
7/1/04 11:00,994
7/1/04 12:00,1054
7/1/04 13:00,945
7/1/04 14:00,808
7/1/04 15:00,888
7/1/04 16:00,787
7/1/04 17:00,1077
7/1/04 18:00,1106
7/1/04 19:00,1356
7/1/04 20:00,1152
7/1/04 21:00,925
7/1/04 22:00,1059
7/1/04 23:00,1201
7/2/04 0:00,1205
7/2/04 1:00,1103
7/2/04 2:00,1072
7/2/04 3:00,713
7/2/04 4:00,737
7/2/04 5:00,740
7/2/04 6:00,770
7/2/04 7:00,1327
7/2/04 8:00,1763
7/2/04 9:00,1477
7/2/04 10:00,1311
7/2/04 11:00,980
7/2/04 12:00,961
7/2/04 13:00,923
7/2/04 14:00,839
7/2/04 15:00,827
7/2/04 16:00,821
7/2/04 17:00,749
7/2/04 18:00,871
7/2/04 19:00,1077
7/2/04 20:00,1175
7/2/04 21:00,1125
7/2/04 22:00,1124
7/2/04 23:00,1064
7/3/04 0:00,1240
7/3/04 1:00,899
7/3/04 2:00,807
7/3/04 3:00,817
7/3/04 4:00,573
7/3/04 5:00,768
7/3/04 6:00,807
7/3/04 7:00,1204
7/3/04 8:00,1401
7/3/04 9:00,1256
7/3/04 10:00,999
7/3/04 11:00,712
7/3/04 12:00,712
7/3/04 13:00,614
7/3/04 14:00,554
7/3/04 15:00,722
7/3/04 16:00,636
7/3/04 17:00,664
7/3/04 18:00,624
7/3/04 19:00,659
7/3/04 20:00,695
7/3/04 21:00,920
7/3/04 22:00,1150
7/3/04 23:00,1141
7/4/04 0:00,1227
7/4/04 1:00,887
7/4/04 2:00,987
7/4/04 3:00,903
7/4/04 4:00,780
7/4/04 5:00,767
7/4/04 6:00,780
7/4/04 7:00,698
7/4/04 8:00,821
7/4/04 9:00,772
7/4/04 10:00,690
7/4/04 11:00,586
7/4/04 12:00,523
7/4/04 13:00,488
7/4/04 14:00,427
7/4/04 15:00,468
7/4/04 16:00,489
7/4/04 17:00,515
7/4/04 18:00,562
7/4/04 19:00,776
7/4/04 20:00,833
7/4/04 21:00,1023
7/4/04 22:00,967
7/4/04 23:00,1089
7/5/04 0:00,1103
7/5/04 1:00,734
7/5/04 2:00,671
7/5/04 3:00,696
7/5/04 4:00,729
7/5/04 5:00,641
7/5/04 6:00,825
7/5/04 7:00,1179
7/5/04 8:00,1651
7/5/04 9:00,1474
7/5/04 10:00,1370
7/5/04 11:00,1141
7/5/04 12:00,1076
7/5/04 13:00,1036
7/5/04 14:00,881
7/5/04 15:00,960
7/5/04 16:00,883
7/5/04 17:00,1221
7/5/04 18:00,1518
7/5/04 19:00,1264
7/5/04 20:00,1061
7/5/04 21:00,947
7/5/04 22:00,1059
7/5/04 23:00,1030
7/6/04 0:00,1065
7/6/04 1:00,893
7/6/04 2:00,837
7/6/04 3:00,807
7/6/04 4:00,596
7/6/04 5:00,884
7/6/04 6:00,1170
7/6/04 7:00,1596
7/6/04 8:00,1873
7/6/04 9:00,1608
7/6/04 10:00,1470
7/6/04 11:00,1275
7/6/04 12:00,1407
7/6/04 13:00,1302
7/6/04 14:00,931
7/6/04 15:00,917
7/6/04 16:00,985
7/6/04 17:00,1265
7/6/04 18:00,2475
7/6/04 19:00,2021
7/6/04 20:00,1834
7/6/04 21:00,1426
7/6/04 22:00,1272
7/6/04 23:00,1490
7/7/04 0:00,1440
7/7/04 1:00,1271
7/7/04 2:00,985
7/7/04 3:00,826
7/7/04 4:00,754
7/7/04 5:00,853
7/7/04 6:00,1340
7/7/04 7:00,1869
7/7/04 8:00,2021
7/7/04 9:00,1902
7/7/04 10:00,1527
7/7/04 11:00,1260
7/7/04 12:00,1124
7/7/04 13:00,1309
7/7/04 14:00,1283
7/7/04 15:00,1068
7/7/04 16:00,937
7/7/04 17:00,1416
7/7/04 18:00,1611
7/7/04 19:00,1919
7/7/04 20:00,1745
7/7/04 21:00,1837
7/7/04 22:00,1759
7/7/04 23:00,1593
7/8/04 0:00,1357
7/8/04 1:00,1231
7/8/04 2:00,1066
7/8/04 3:00,992
7/8/04 4:00,1063
7/8/04 5:00,1204
7/8/04 6:00,1079
7/8/04 7:00,1593
7/8/04 8:00,1745
7/8/04 9:00,1847
7/8/04 10:00,1845
7/8/04 11:00,1886
7/8/04 12:00,1039
7/8/04 13:00,923
7/8/04 14:00,926
7/8/04 15:00,1277
7/8/04 16:00,1301
7/8/04 17:00,1385
7/8/04 18:00,1474
7/8/04 19:00,1948
7/8/04 20:00,1677
7/8/04 21:00,1434
7/8/04 22:00,1424
7/8/04 23:00,1504
7/9/04 0:00,1661
7/9/04 1:00,1714
7/9/04 2:00,1050
7/9/04 3:00,550
7/9/04 4:00,456
7/9/04 5:00,554
7/9/04 6:00,744
7/9/04 7:00,1280
7/9/04 8:00,1096
7/9/04 9:00,927
7/9/04 10:00,840
7/9/04 11:00,786
7/9/04 12:00,690
7/9/04 13:00,742
7/9/04 14:00,680
7/9/04 15:00,705
7/9/04 16:00,677
7/9/04 17:00,877
7/9/04 18:00,844
7/9/04 19:00,1006
7/9/04 20:00,987
7/9/04 21:00,868
7/9/04 22:00,861
7/9/04 23:00,1042
7/10/04 0:00,1080
7/10/04 1:00,811
7/10/04 2:00,704
7/10/04 3:00,522
7/10/04 4:00,484
7/10/04 5:00,580
7/10/04 6:00,668
7/10/04 7:00,835
7/10/04 8:00,739
7/10/04 9:00,763
7/10/04 10:00,614
7/10/04 11:00,566
7/10/04 12:00,508
7/10/04 13:00,509
7/10/04 14:00,457
7/10/04 15:00,438
7/10/04 16:00,427
7/10/04 17:00,453
7/10/04 18:00,479
7/10/04 19:00,500
7/10/04 20:00,647
7/10/04 21:00,728
7/10/04 22:00,820
7/10/04 23:00,946
7/11/04 0:00,1018
7/11/04 1:00,789
7/11/04 2:00,647
7/11/04 3:00,785
7/11/04 4:00,576
7/11/04 5:00,555
7/11/04 6:00,552
7/11/04 7:00,620
7/11/04 8:00,557
7/11/04 9:00,556
7/11/04 10:00,573
7/11/04 11:00,514
7/11/04 12:00,478
7/11/04 13:00,424
7/11/04 14:00,386
7/11/04 15:00,403
7/11/04 16:00,462
7/11/04 17:00,489
7/11/04 18:00,463
7/11/04 19:00,585
7/11/04 20:00,748
7/11/04 21:00,940
7/11/04 22:00,1022
7/11/04 23:00,929
7/12/04 0:00,834
7/12/04 1:00,751
7/12/04 2:00,505
7/12/04 3:00,486
7/12/04 4:00,501
7/12/04 5:00,628
7/12/04 6:00,1043
7/12/04 7:00,1463
7/12/04 8:00,1358
7/12/04 9:00,971
7/12/04 10:00,894
7/12/04 11:00,871
7/12/04 12:00,952
7/12/04 13:00,843
7/12/04 14:00,750
7/12/04 15:00,710
7/12/04 16:00,814
7/12/04 17:00,1052
7/12/04 18:00,1060
7/12/04 19:00,1153
7/12/04 20:00,986
7/12/04 21:00,781
7/12/04 22:00,653
7/12/04 23:00,777
7/13/04 0:00,1015
7/13/04 1:00,922
7/13/04 2:00,678
7/13/04 3:00,584
7/13/04 4:00,725
7/13/04 5:00,688
7/13/04 6:00,887
7/13/04 7:00,1494
7/13/04 8:00,1647
7/13/04 9:00,1489
7/13/04 10:00,1361
7/13/04 11:00,1224
7/13/04 12:00,1174
7/13/04 13:00,901
7/13/04 14:00,794
7/13/04 15:00,577
7/13/04 16:00,776
7/13/04 17:00,982