time,generation solar
2015-01-05 17:00:00,2944
2015-01-05 18:00:00,1971
2015-01-05 19:00:00,958
2015-01-05 20:00:00,605
2015-01-05 21:00:00,518
2015-01-05 22:00:00,394
2015-01-05 23:00:00,626
2015-01-06 00:00:00,624
2015-01-06 01:00:00,616
2015-01-06 02:00:00,582
2015-01-06 03:00:00,576
2015-01-06 04:00:00,499
2015-01-06 05:00:00,415
2015-01-06 06:00:00,412
2015-01-06 07:00:00,1168
2015-01-06 08:00:00,3018
2015-01-06 09:00:00,4129
2015-01-06 10:00:00,4642
2015-01-06 11:00:00,4976
2015-01-06 12:00:00,5044
2015-01-06 13:00:00,4887
2015-01-06 14:00:00,4641
2015-01-06 15:00:00,4279
2015-01-06 16:00:00,3824
2015-01-06 17:00:00,3132
2015-01-06 18:00:00,2383
2015-01-06 19:00:00,1586
2015-01-06 20:00:00,891
2015-01-06 21:00:00,696
2015-01-06 22:00:00,669
2015-01-06 23:00:00,1280
2015-01-07 00:00:00,1253
2015-01-07 01:00:00,1231
2015-01-07 02:00:00,1223
2015-01-07 03:00:00,1189
2015-01-07 04:00:00,1142
2015-01-07 05:00:00,1043
2015-01-07 06:00:00,979
2015-01-07 07:00:00,1336
2015-01-07 08:00:00,2121
2015-01-07 09:00:00,2841
2015-01-07 10:00:00,3556
2015-01-07 11:00:00,3756
2015-01-07 12:00:00,3639
2015-01-07 13:00:00,4133
2015-01-07 14:00:00,4896
2015-01-07 15:00:00,4647
2015-01-07 16:00:00,4184
2015-01-07 17:00:00,3631
2015-01-07 18:00:00,2772
2015-01-07 19:00:00,2013
2015-01-07 20:00:00,1193
2015-01-07 21:00:00,636
2015-01-07 22:00:00,573
2015-01-07 23:00:00,433
2015-01-08 00:00:00,391
2015-01-08 01:00:00,352
2015-01-08 02:00:00,328
2015-01-08 03:00:00,327
2015-01-08 04:00:00,320
2015-01-08 05:00:00,265
2015-01-08 06:00:00,223
2015-01-08 07:00:00,708
2015-01-08 08:00:00,2225
2015-01-08 09:00:00,3943
2015-01-08 10:00:00,4514
2015-01-08 11:00:00,4926
2015-01-08 12:00:00,5067
2015-01-08 13:00:00,5092
2015-01-08 14:00:00,5019
2015-01-08 15:00:00,4803
2015-01-08 16:00:00,4507
2015-01-08 17:00:00,4010
2015-01-08 18:00:00,3321
2015-01-08 19:00:00,2089
2015-01-08 20:00:00,957
2015-01-08 21:00:00,721
2015-01-08 22:00:00,691
2015-01-08 23:00:00,39
2015-01-09 00:00:00,38
2015-01-09 01:00:00,37
2015-01-09 02:00:00,37
2015-01-09 03:00:00,36
2015-01-09 04:00:00,41
2015-01-09 05:00:00,45
2015-01-09 06:00:00,58
2015-01-09 07:00:00,317
2015-01-09 08:00:00,1107
2015-01-09 09:00:00,2133
2015-01-09 10:00:00,3193
2015-01-09 11:00:00,3932
2015-01-09 12:00:00,4156
2015-01-09 13:00:00,4285
2015-01-09 14:00:00,4135
2015-01-09 15:00:00,3883
2015-01-09 16:00:00,3513
2015-01-09 17:00:00,3253
2015-01-09 18:00:00,2403
2015-01-09 19:00:00,1060
2015-01-09 20:00:00,530
2015-01-09 21:00:00,444
2015-01-09 22:00:00,386
2015-01-09 23:00:00,384
2015-01-10 00:00:00,167
2015-01-10 01:00:00,102
2015-01-10 02:00:00,103
2015-01-10 03:00:00,102
2015-01-10 04:00:00,102
2015-01-10 05:00:00,102
2015-01-10 06:00:00,103
2015-01-10 07:00:00,233
2015-01-10 08:00:00,1209
2015-01-10 09:00:00,2927
2015-01-10 10:00:00,4515
2015-01-10 11:00:00,5044
2015-01-10 12:00:00,5107
2015-01-10 13:00:00,4900
2015-01-10 14:00:00,4463
2015-01-10 15:00:00,4215
2015-01-10 16:00:00,3756
2015-01-10 17:00:00,2857
2015-01-10 18:00:00,1303
2015-01-10 19:00:00,633
2015-01-10 20:00:00,510
2015-01-10 21:00:00,497
2015-01-10 22:00:00,466
2015-01-10 23:00:00,26
2015-01-11 00:00:00,25
2015-01-11 01:00:00,25
2015-01-11 02:00:00,25
2015-01-11 03:00:00,25
2015-01-11 04:00:00,25
2015-01-11 05:00:00,23
2015-01-11 06:00:00,35
2015-01-11 07:00:00,394
2015-01-11 08:00:00,1228
2015-01-11 09:00:00,2045
2015-01-11 10:00:00,2423
2015-01-11 11:00:00,2437
2015-01-11 12:00:00,2022
2015-01-11 13:00:00,1630
2015-01-11 14:00:00,1334
2015-01-11 15:00:00,860
2015-01-11 16:00:00,254
2015-01-11 17:00:00,57
2015-01-11 18:00:00,54
2015-01-11 19:00:00,55
2015-01-11 20:00:00,34
2015-01-11 21:00:00,31
2015-01-11 22:00:00,31
2015-01-11 23:00:00,44
2015-01-12 00:00:00,42
2015-01-12 01:00:00,42
2015-01-12 02:00:00,42
2015-01-12 03:00:00,42
2015-01-12 04:00:00,42
2015-01-12 05:00:00,42
2015-01-12 06:00:00,45
2015-01-12 07:00:00,157
2015-01-12 08:00:00,1104
2015-01-12 09:00:00,2190
2015-01-12 10:00:00,3012
2015-01-12 11:00:00,3262
2015-01-12 12:00:00,3208
2015-01-12 13:00:00,3027
2015-01-12 14:00:00,2630
2015-01-12 15:00:00,1615
2015-01-12 16:00:00,422
2015-01-12 17:00:00,86
2015-01-12 18:00:00,63
2015-01-12 19:00:00,56
2015-01-12 20:00:00,44
2015-01-12 21:00:00,42
2015-01-12 22:00:00,42
2015-01-12 23:00:00,32
2015-01-13 00:00:00,32
2015-01-13 01:00:00,32
2015-01-13 02:00:00,32
2015-01-13 03:00:00,32
2015-01-13 04:00:00,32
2015-01-13 05:00:00,32
2015-01-13 06:00:00,37
2015-01-13 07:00:00,56
2015-01-13 08:00:00,516
2015-01-13 09:00:00,1475
2015-01-13 10:00:00,2284
2015-01-13 11:00:00,2857
2015-01-13 12:00:00,3217
2015-01-13 13:00:00,3253
2015-01-13 14:00:00,3084
2015-01-13 15:00:00,2475
2015-01-13 16:00:00,1187
2015-01-13 17:00:00,303
2015-01-13 18:00:00,98
2015-01-13 19:00:00,80
2015-01-13 20:00:00,44
2015-01-13 21:00:00,44
2015-01-13 22:00:00,35
2015-01-13 23:00:00,28
2015-01-14 00:00:00,28
2015-01-14 01:00:00,27
2015-01-14 02:00:00,27
2015-01-14 03:00:00,27
2015-01-14 04:00:00,27
2015-01-14 05:00:00,27
2015-01-14 06:00:00,32
2015-01-14 07:00:00,39
2015-01-14 08:00:00,411
2015-01-14 09:00:00,1258
2015-01-14 10:00:00,1960
2015-01-14 11:00:00,2480
2015-01-14 12:00:00,2688
2015-01-14 13:00:00,2683
2015-01-14 14:00:00,2420
2015-01-14 15:00:00,2003
2015-01-14 16:00:00,905
2015-01-14 17:00:00,213
2015-01-14 18:00:00,112
2015-01-14 19:00:00,79
2015-01-14 20:00:00,32
2015-01-14 21:00:00,31
2015-01-14 22:00:00,31
2015-01-14 23:00:00,31
2015-01-15 00:00:00,31
2015-01-15 01:00:00,31
2015-01-15 02:00:00,31
2015-01-15 03:00:00,31
2015-01-15 04:00:00,31
2015-01-15 05:00:00,31
2015-01-15 06:00:00,33
2015-01-15 07:00:00,50
2015-01-15 08:00:00,562
2015-01-15 09:00:00,1336
2015-01-15 10:00:00,1984
2015-01-15 11:00:00,2287
2015-01-15 12:00:00,2274
2015-01-15 13:00:00,2062
2015-01-15 14:00:00,1593
2015-01-15 15:00:00,939
2015-01-15 16:00:00,287
2015-01-15 17:00:00,67
2015-01-15 18:00:00,62
2015-01-15 19:00:00,61
2015-01-15 20:00:00,59
2015-01-15 21:00:00,59
2015-01-15 22:00:00,59
2015-01-15 23:00:00,59
2015-01-16 00:00:00,59
2015-01-16 01:00:00,59
2015-01-16 02:00:00,59
2015-01-16 03:00:00,59
2015-01-16 04:00:00,59
2015-01-16 05:00:00,59
2015-01-16 06:00:00,59
2015-01-16 07:00:00,40
2015-01-16 08:00:00,352
2015-01-16 09:00:00,1229
2015-01-16 10:00:00,1855
2015-01-16 11:00:00,2270
2015-01-16 12:00:00,2466
2015-01-16 13:00:00,2388
2015-01-16 14:00:00,2126
2015-01-16 15:00:00,1652
2015-01-16 16:00:00,773
2015-01-16 17:00:00,222
2015-01-16 18:00:00,99
2015-01-16 19:00:00,88
2015-01-16 20:00:00,75
2015-01-16 21:00:00,75
2015-01-16 22:00:00,75
2015-01-16 23:00:00,75
2015-01-17 00:00:00,74
2015-01-17 01:00:00,57
2015-01-17 02:00:00,38
2015-01-17 03:00:00,38
2015-01-17 04:00:00,38
2015-01-17 05:00:00,37
2015-01-17 06:00:00,37
2015-01-17 07:00:00,62
2015-01-17 08:00:00,771
2015-01-17 09:00:00,1914
2015-01-17 10:00:00,2804
2015-01-17 11:00:00,3408
2015-01-17 12:00:00,3584
2015-01-17 13:00:00,3496
2015-01-17 14:00:00,3203
2015-01-17 15:00:00,2515
2015-01-17 16:00:00,1121
2015-01-17 17:00:00,233
2015-01-17 18:00:00,89
2015-01-17 19:00:00,79
2015-01-17 20:00:00,71
2015-01-17 21:00:00,70
2015-01-17 22:00:00,70
2015-01-17 23:00:00,70
2015-01-18 00:00:00,61
2015-01-18 01:00:00,54
2015-01-18 02:00:00,54
2015-01-18 03:00:00,54
2015-01-18 04:00:00,54
2015-01-18 05:00:00,54
2015-01-18 06:00:00,55
2015-01-18 07:00:00,74
2015-01-18 08:00:00,360
2015-01-18 09:00:00,717
2015-01-18 10:00:00,817
2015-01-18 11:00:00,827
2015-01-18 12:00:00,824
2015-01-18 13:00:00,669
2015-01-18 14:00:00,481
2015-01-18 15:00:00,262
2015-01-18 16:00:00,103
2015-01-18 17:00:00,69
2015-01-18 18:00:00,69
2015-01-18 19:00:00,67
2015-01-18 20:00:00,65
2015-01-18 21:00:00,65
2015-01-18 22:00:00,65
2015-01-18 23:00:00,65
2015-01-19 00:00:00,65
2015-01-19 01:00:00,65
2015-01-19 02:00:00,65
2015-01-19 03:00:00,65
2015-01-19 04:00:00,66
2015-01-19 05:00:00,74
2015-01-19 06:00:00,66
2015-01-19 07:00:00,68
2015-01-19 08:00:00,317
2015-01-19 09:00:00,962
2015-01-19 10:00:00,1714
2015-01-19 11:00:00,2127
2015-01-19 12:00:00,2268
2015-01-19 13:00:00,2356
2015-01-19 14:00:00,2288
2015-01-19 15:00:00,2003
2015-01-19 16:00:00,1307
2015-01-19 17:00:00,414
2015-01-19 18:00:00,860.5
2015-01-19 19:00:00,637.25
2015-01-19 20:00:00,40
2015-01-19 21:00:00,38
2015-01-19 22:00:00,38
2015-01-19 23:00:00,38
2015-01-20 00:00:00,38
2015-01-20 01:00:00,38
2015-01-20 02:00:00,38
2015-01-20 03:00:00,38
2015-01-20 04:00:00,40
2015-01-20 05:00:00,46
2015-01-20 06:00:00,41
2015-01-20 07:00:00,60
2015-01-20 08:00:00,435
2015-01-20 09:00:00,1034
2015-01-20 10:00:00,1552
2015-01-20 11:00:00,1806
2015-01-20 12:00:00,1740
2015-01-20 13:00:00,1466
2015-01-20 14:00:00,1204
2015-01-20 15:00:00,836
2015-01-20 16:00:00,295
2015-01-20 17:00:00,92
2015-01-20 18:00:00,87
2015-01-20 19:00:00,86
2015-01-20 20:00:00,82
2015-01-20 21:00:00,81
2015-01-20 22:00:00,81
2015-01-20 23:00:00,81
2015-01-21 00:00:00,81
2015-01-21 01:00:00,81
2015-01-21 02:00:00,81
2015-01-21 03:00:00,81
2015-01-21 04:00:00,81
2015-01-21 05:00:00,81
2015-01-21 06:00:00,82
2015-01-21 07:00:00,100
2015-01-21 08:00:00,616
2015-01-21 09:00:00,1488
2015-01-21 10:00:00,1969
2015-01-21 11:00:00,2183
2015-01-21 12:00:00,2170
2015-01-21 13:00:00,2057
2015-01-21 14:00:00,1513
2015-01-21 15:00:00,931
2015-01-21 16:00:00,367
2015-01-21 17:00:00,106
2015-01-21 18:00:00,102
2015-01-21 19:00:00,94
2015-01-21 20:00:00,78
2015-01-21 21:00:00,70
2015-01-21 22:00:00,70
2015-01-21 23:00:00,70
2015-01-22 00:00:00,70
2015-01-22 01:00:00,70
2015-01-22 02:00:00,70
2015-01-22 03:00:00,70
2015-01-22 04:00:00,70
2015-01-22 05:00:00,69
2015-01-22 06:00:00,70
2015-01-22 07:00:00,87
2015-01-22 08:00:00,621
2015-01-22 09:00:00,1627
2015-01-22 10:00:00,2432
2015-01-22 11:00:00,2851
2015-01-22 12:00:00,2532
2015-01-22 13:00:00,2255
2015-01-22 14:00:00,2154
2015-01-22 15:00:00,1853
2015-01-22 16:00:00,1186
2015-01-22 17:00:00,424
2015-01-22 18:00:00,135
2015-01-22 19:00:00,77
2015-01-22 20:00:00,70
2015-01-22 21:00:00,70
2015-01-22 22:00:00,70
2015-01-22 23:00:00,70
2015-01-23 00:00:00,70
2015-01-23 01:00:00,70
2015-01-23 02:00:00,70
2015-01-23 03:00:00,70
2015-01-23 04:00:00,69
2015-01-23 05:00:00,69
2015-01-23 06:00:00,69
2015-01-23 07:00:00,111
2015-01-23 08:00:00,967
2015-01-23 09:00:00,2243
2015-01-23 10:00:00,3335
2015-01-23 11:00:00,3967
2015-01-23 12:00:00,4026
2015-01-23 13:00:00,3928
2015-01-23 14:00:00,3642
2015-01-23 15:00:00,3104
2015-01-23 16:00:00,1809
2015-01-23 17:00:00,580
2015-01-23 18:00:00,208
2015-01-23 19:00:00,148
2015-01-23 20:00:00,138
2015-01-23 21:00:00,137
2015-01-23 22:00:00,137
2015-01-23 23:00:00,137
2015-01-24 00:00:00,137
2015-01-24 01:00:00,128
2015-01-24 02:00:00,118
2015-01-24 03:00:00,100
2015-01-24 04:00:00,100
2015-01-24 05:00:00,100
2015-01-24 06:00:00,101
2015-01-24 07:00:00,148
2015-01-24 08:00:00,1002
2015-01-24 09:00:00,2228
2015-01-24 10:00:00,3533
2015-01-24 11:00:00,4190
2015-01-24 12:00:00,4277
2015-01-24 13:00:00,4176
2015-01-24 14:00:00,4113
2015-01-24 15:00:00,3604
2015-01-24 16:00:00,2259
2015-01-24 17:00:00,792
2015-01-24 18:00:00,268
2015-01-24 19:00:00,175
2015-01-24 20:00:00,110
2015-01-24 21:00:00,110
2015-01-24 22:00:00,109
2015-01-24 23:00:00,109
2015-01-25 00:00:00,109
2015-01-25 01:00:00,109
2015-01-25 02:00:00,109
2015-01-25 03:00:00,109
2015-01-25 04:00:00,109
2015-01-25 05:00:00,110
2015-01-25 06:00:00,117
2015-01-25 07:00:00,167
2015-01-25 08:00:00,1072
2015-01-25 09:00:00,2418
2015-01-25 10:00:00,3832
2015-01-25 11:00:00,4392
2015-01-25 12:00:00,4437
2015-01-25 13:00:00,4394
2015-01-25 14:00:00,4223
2015-01-25 15:00:00,3731
2015-01-25 16:00:00,2334
2015-01-25 17:00:00,828
2015-01-25 18:00:00,342
2015-01-25 19:00:00,244
2015-01-25 20:00:00,169
2015-01-25 21:00:00,137
2015-01-25 22:00:00,136
2015-01-25 23:00:00,136
2015-01-26 00:00:00,136
2015-01-26 01:00:00,136
2015-01-26 02:00:00,136
2015-01-26 03:00:00,135
2015-01-26 04:00:00,136
2015-01-26 05:00:00,137
2015-01-26 06:00:00,127
2015-01-26 07:00:00,165
2015-01-26 08:00:00,1090
2015-01-26 09:00:00,2572
2015-01-26 10:00:00,3983
2015-01-26 11:00:00,4392
2015-01-26 12:00:00,4280
2015-01-26 13:00:00,4132
2015-01-26 14:00:00,3841
2015-01-26 15:00:00,3250
2015-01-26 16:00:00,2066
2015-01-26 17:00:00,752
2015-01-26 18:00:00,295
2015-01-26 19:00:00,218
2015-01-26 20:00:00,154
2015-01-26 21:00:00,142
2015-01-26 22:00:00,123
2015-01-26 23:00:00,117
2015-01-27 00:00:00,116
2015-01-27 01:00:00,111
2015-01-27 02:00:00,95
2015-01-27 03:00:00,95
2015-01-27 04:00:00,95
2015-01-27 05:00:00,95
2015-01-27 06:00:00,99
2015-01-27 07:00:00,151
2015-01-27 08:00:00,868
2015-01-27 09:00:00,1996
2015-01-27 10:00:00,3044
2015-01-27 11:00:00,3603
2015-01-27 12:00:00,3698
2015-01-27 13:00:00,3694
2015-01-27 14:00:00,3527
2015-01-27 15:00:00,3017
2015-01-27 16:00:00,1922
2015-01-27 17:00:00,665
2015-01-27 18:00:00,1293.5
2015-01-27 19:00:00,142
2015-01-27 20:00:00,130
2015-01-27 21:00:00,131
2015-01-27 22:00:00,131
2015-01-27 23:00:00,131
2015-01-28 00:00:00,113
2015-01-28 01:00:00,93
2015-01-28 02:00:00,93
2015-01-28 03:00:00,93
2015-01-28 04:00:00,93
2015-01-28 05:00:00,83
2015-01-28 06:00:00,84
2015-01-28 07:00:00,134
2015-01-28 08:00:00,973
2015-01-28 09:00:00,2198
2015-01-28 10:00:00,3396
2015-01-28 11:00:00,3934
2015-01-28 12:00:00,3665
2015-01-28 13:00:00,4079
2015-01-28 14:00:00,3940
2015-01-28 15:00:00,3397
2015-01-28 16:00:00,2102
2015-01-28 17:00:00,738
2015-01-28 18:00:00,313
2015-01-28 19:00:00,197
2015-01-28 20:00:00,131
2015-01-28 21:00:00,113
2015-01-28 22:00:00,112
2015-01-28 23:00:00,103
2015-01-29 00:00:00,91
2015-01-29 01:00:00,91
2015-01-29 02:00:00,83
2015-01-29 03:00:00,75
2015-01-29 04:00:00,75
2015-01-29 05:00:00,75
2015-01-29 06:00:00,75
2015-01-29 07:00:00,114
2015-01-29 08:00:00,709
2015-01-29 09:00:00,1622
2015-01-29 10:00:00,2214
2015-01-29 11:00:00,2537
2015-01-29 12:00:00,2463
2015-01-29 13:00:00,2163
2015-01-29 14:00:00,1615
2015-01-29 15:00:00,949
2015-01-29 16:00:00,372
2015-01-29 17:00:00,108
2015-01-29 18:00:00,98
2015-01-29 19:00:00,95
2015-01-29 20:00:00,71
2015-01-29 21:00:00,55
2015-01-29 22:00:00,55
2015-01-29 23:00:00,55
2015-01-30 00:00:00,55
2015-01-30 01:00:00,55
2015-01-30 02:00:00,55
2015-01-30 03:00:00,55
2015-01-30 04:00:00,55
2015-01-30 05:00:00,55
2015-01-30 06:00:00,56
2015-01-30 07:00:00,62
2015-01-30 08:00:00,288
2015-01-30 09:00:00,783
2015-01-30 10:00:00,1180
2015-01-30 11:00:00,1336
2015-01-30 12:00:00,1202
2015-01-30 13:00:00,1078
2015-01-30 14:00:00,906
2015-01-30 15:00:00,613
2015-01-30 16:00:00,266
2015-01-30 17:00:00,128
2015-01-30 18:00:00,130
2015-01-30 19:00:00,32
2015-01-30 20:00:00,17
2015-01-30 21:00:00,50
2015-01-30 22:00:00,26
2015-01-30 23:00:00,23
2015-01-31 00:00:00,121
2015-01-31 01:00:00,121
2015-01-31 02:00:00,121
2015-01-31 03:00:00,121
2015-01-31 04:00:00,121
2015-01-31 05:00:00,120
2015-01-31 06:00:00,44
2015-01-31 07:00:00,37
2015-01-31 08:00:00,468
2015-01-31 09:00:00,1303
2015-01-31 10:00:00,1850
2015-01-31 11:00:00,2419
2015-01-31 12:00:00,2551
2015-01-31 13:00:00,2434
2015-01-31 14:00:00,2144
2015-01-31 15:00:00,1805
2015-01-31 16:00:00,1213
2015-01-31 17:00:00,417
2015-01-31 18:00:00,125
2015-01-31 19:00:00,121
2015-01-31 20:00:00,100
2015-01-31 21:00:00,82
2015-01-31 22:00:00,54
2015-01-31 23:00:00,48
2015-02-01 00:00:00,49
2015-02-01 01:00:00,48
2015-02-01 02:00:00,48
2015-02-01 03:00:00,47
2015-02-01 04:00:00,47
2015-02-01 05:00:00,47
2015-02-01 06:00:00,48
2015-02-01 07:00:00,73
2015-02-01 08:00:00,809
2015-02-01 09:00:00,1981
2015-02-01 10:00:00,3082
2015-02-01 11:00:00,3817
2015-02-01 12:00:00,3836
2015-02-01 13:00:00,3701
2015-02-01 14:00:00,3475
2015-02-01 15:00:00,2742
2015-02-01 16:00:00,1281
2015-02-01 17:00:00,328
2015-02-01 18:00:00,161
2015-02-01 19:00:00,124
2015-02-01 20:00:00,86
2015-02-01 21:00:00,62
2015-02-01 22:00:00,62
2015-02-01 23:00:00,138
2015-02-02 00:00:00,137
2015-02-02 01:00:00,137
2015-02-02 02:00:00,136
2015-02-02 03:00:00,116
2015-02-02 04:00:00,90
2015-02-02 05:00:00,90
2015-02-02 06:00:00,91
2015-02-02 07:00:00,122
2015-02-02 08:00:00,455
2015-02-02 09:00:00,950
2015-02-02 10:00:00,1330
2015-02-02 11:00:00,1486
2015-02-02 12:00:00,1489
2015-02-02 13:00:00,1282
2015-02-02 14:00:00,1086
2015-02-02 15:00:00,786
2015-02-02 16:00:00,343
2015-02-02 17:00:00,91
2015-02-02 18:00:00,56
2015-02-02 19:00:00,55
2015-02-02 20:00:00,41
2015-02-02 21:00:00,43
2015-02-02 22:00:00,42
2015-02-02 23:00:00,77
2015-02-03 00:00:00,77
2015-02-03 01:00:00,77
2015-02-03 02:00:00,77
2015-02-03 03:00:00,75
2015-02-03 04:00:00,75
2015-02-03 05:00:00,75
2015-02-03 06:00:00,80
2015-02-03 07:00:00,426
2015-02-03 08:00:00,1339
2015-02-03 09:00:00,2394
2015-02-03 10:00:00,3133
2015-02-03 11:00:00,3457
2015-02-03 12:00:00,3612
2015-02-03 13:00:00,3621
2015-02-03 14:00:00,3525
2015-02-03 15:00:00,3120
2015-02-03 16:00:00,2238
2015-02-03 17:00:00,987
2015-02-03 18:00:00,394
2015-02-03 19:00:00,273
2015-02-03 20:00:00,251
2015-02-03 21:00:00,213
2015-02-03 22:00:00,162
2015-02-03 23:00:00,666
2015-02-04 00:00:00,665
2015-02-04 01:00:00,661
2015-02-04 02:00:00,654
2015-02-04 03:00:00,633
2015-02-04 04:00:00,504
2015-02-04 05:00:00,228
2015-02-04 06:00:00,147
2015-02-04 07:00:00,436
2015-02-04 08:00:00,1673
2015-02-04 09:00:00,3635
2015-02-04 10:00:00,4894
2015-02-04 11:00:00,5323
2015-02-04 12:00:00,5555
2015-02-04 13:00:00,5620
2015-02-04 14:00:00,5517
2015-02-04 15:00:00,5236
2015-02-04 16:00:00,4798
2015-02-04 17:00:00,3891
2015-02-04 18:00:00,2315
2015-02-04 19:00:00,1141
2015-02-04 20:00:00,718
2015-02-04 21:00:00,704
2015-02-04 22:00:00,683
2015-02-04 23:00:00,321
2015-02-05 00:00:00,244
2015-02-05 01:00:00,184
2015-02-05 02:00:00,146
2015-02-05 03:00:00,122
2015-02-05 04:00:00,61
2015-02-05 05:00:00,33
2015-02-05 06:00:00,93
2015-02-05 07:00:00,657
2015-02-05 08:00:00,1983
2015-02-05 09:00:00,3771
2015-02-05 10:00:00,4546
2015-02-05 11:00:00,4804
2015-02-05 12:00:00,4957
2015-02-05 13:00:00,4915
2015-02-05 14:00:00,4766
2015-02-05 15:00:00,4406
2015-02-05 16:00:00,3924
2015-02-05 17:00:00,3033
2015-02-05 18:00:00,2035
2015-02-05 19:00:00,1070
2015-02-05 20:00:00,663
2015-02-05 21:00:00,602
2015-02-05 22:00:00,604
2015-02-05 23:00:00,661
2015-02-06 00:00:00,665
2015-02-06 01:00:00,661
2015-02-06 02:00:00,621
2015-02-06 03:00:00,560
2015-02-06 04:00:00,465
2015-02-06 05:00:00,425
2015-02-06 06:00:00,518
2015-02-06 07:00:00,1272
2015-02-06 08:00:00,3123
2015-02-06 09:00:00,4415
2015-02-06 10:00:00,4950
2015-02-06 11:00:00,5245
2015-02-06 12:00:00,5366
2015-02-06 13:00:00,5338
2015-02-06 14:00:00,5083
2015-02-06 15:00:00,4666
2015-02-06 16:00:00,4279
2015-02-06 17:00:00,3709
2015-02-06 18:00:00,2866
2015-02-06 19:00:00,1846
2015-02-06 20:00:00,989
2015-02-06 21:00:00,838
2015-02-06 22:00:00,825
2015-02-06 23:00:00,448
2015-02-07 00:00:00,368
2015-02-07 01:00:00,284
2015-02-07 02:00:00,233
2015-02-07 03:00:00,164
2015-02-07 04:00:00,123
2015-02-07 05:00:00,70
2015-02-07 06:00:00,158
2015-02-07 07:00:00,673
2015-02-07 08:00:00,1870
2015-02-07 09:00:00,3375
2015-02-07 10:00:00,4055
2015-02-07 11:00:00,4463
2015-02-07 12:00:00,4778
2015-02-07 13:00:00,4922
2015-02-07 14:00:00,4851
2015-02-07 15:00:00,4748
2015-02-07 16:00:00,4518
2015-02-07 17:00:00,3987
2015-02-07 18:00:00,3297
2015-02-07 19:00:00,2093
2015-02-07 20:00:00,1040
2015-02-07 21:00:00,726
2015-02-07 22:00:00,676
2015-02-07 23:00:00,687
2015-02-08 00:00:00,689
2015-02-08 01:00:00,688
2015-02-08 02:00:00,685
2015-02-08 03:00:00,685
2015-02-08 04:00:00,624
2015-02-08 05:00:00,496
2015-02-08 06:00:00,322
2015-02-08 07:00:00,808
2015-02-08 08:00:00,2429
2015-02-08 09:00:00,4004
2015-02-08 10:00:00,4609
2015-02-08 11:00:00,4932
2015-02-08 12:00:00,5076
2015-02-08 13:00:00,5137
2015-02-08 14:00:00,5097
2015-02-08 15:00:00,4896
2015-02-08 16:00:00,4503
2015-02-08 17:00:00,3847
2015-02-08 18:00:00,2860
2015-02-08 19:00:00,1541
2015-02-08 20:00:00,756
2015-02-08 21:00:00,621
2015-02-08 22:00:00,624
2015-02-08 23:00:00,299
2015-02-09 00:00:00,173
2015-02-09 01:00:00,82
2015-02-09 02:00:00,68
2015-02-09 03:00:00,69
2015-02-09 04:00:00,69
2015-02-09 05:00:00,68
2015-02-09 06:00:00,76
2015-02-09 07:00:00,307
2015-02-09 08:00:00,1153
2015-02-09 09:00:00,2639
2015-02-09 10:00:00,3479
2015-02-09 11:00:00,3937
2015-02-09 12:00:00,4191
2015-02-09 13:00:00,4189
2015-02-09 14:00:00,4165
2015-02-09 15:00:00,3988
2015-02-09 16:00:00,3761
2015-02-09 17:00:00,3326
2015-02-09 18:00:00,2221
2015-02-09 19:00:00,949
2015-02-09 20:00:00,550
2015-02-09 21:00:00,519
2015-02-09 22:00:00,494
2015-02-09 23:00:00,356
2015-02-10 00:00:00,313
2015-02-10 01:00:00,217
2015-02-10 02:00:00,188
2015-02-10 03:00:00,143
2015-02-10 04:00:00,113
2015-02-10 05:00:00,113
2015-02-10 06:00:00,118
2015-02-10 07:00:00,223
2015-02-10 08:00:00,1098
2015-02-10 09:00:00,2612
2015-02-10 10:00:00,4112
2015-02-10 11:00:00,4513
2015-02-10 12:00:00,4770
2015-02-10 13:00:00,4701
2015-02-10 14:00:00,4449
2015-02-10 15:00:00,3918
2015-02-10 16:00:00,3237
2015-02-10 17:00:00,2407
2015-02-10 18:00:00,1060
2015-02-10 19:00:00,593
2015-02-10 20:00:00,493
2015-02-10 21:00:00,408
2015-02-10 22:00:00,248
2015-02-10 23:00:00,31
2015-02-11 00:00:00,31
2015-02-11 01:00:00,31
2015-02-11 02:00:00,22
2015-02-11 03:00:00,22
2015-02-11 04:00:00,22
2015-02-11 05:00:00,22
2015-02-11 06:00:00,32
2015-02-11 07:00:00,84
2015-02-11 08:00:00,332
2015-02-11 09:00:00,676
2015-02-11 10:00:00,833
2015-02-11 11:00:00,967
2015-02-11 12:00:00,928
2015-02-11 13:00:00,816
2015-02-11 14:00:00,672
2015-02-11 15:00:00,521
2015-02-11 16:00:00,185
2015-02-11 17:00:00,39
2015-02-11 18:00:00,34
2015-02-11 19:00:00,34
2015-02-11 20:00:00,21
2015-02-11 21:00:00,21
2015-02-11 22:00:00,21
2015-02-11 23:00:00,34
2015-02-12 00:00:00,34
2015-02-12 01:00:00,34
2015-02-12 02:00:00,33
2015-02-12 03:00:00,33
2015-02-12 04:00:00,33
2015-02-12 05:00:00,33
2015-02-12 06:00:00,37
2015-02-12 07:00:00,75
2015-02-12 08:00:00,524
2015-02-12 09:00:00,1215
2015-02-12 10:00:00,1860
2015-02-12 11:00:00,2169
2015-02-12 12:00:00,2731
2015-02-12 13:00:00,2726
2015-02-12 14:00:00,2540
2015-02-12 15:00:00,1715
2015-02-12 16:00:00,500
2015-02-12 17:00:00,97
2015-02-12 18:00:00,54
2015-02-12 19:00:00,54
2015-02-12 20:00:00,44
2015-02-12 21:00:00,42
2015-02-12 22:00:00,41
2015-02-12 23:00:00,74
2015-02-13 00:00:00,70
2015-02-13 01:00:00,70
2015-02-13 02:00:00,70
2015-02-13 03:00:00,70
2015-02-13 04:00:00,70
2015-02-13 05:00:00,77
2015-02-13 06:00:00,72
2015-02-13 07:00:00,155
2015-02-13 08:00:00,940
2015-02-13 09:00:00,1906
2015-02-13 10:00:00,2861
2015-02-13 11:00:00,3583
2015-02-13 12:00:00,3783
2015-02-13 13:00:00,3431
2015-02-13 14:00:00,3012
2015-02-13 15:00:00,2520
2015-02-13 16:00:00,1867
2015-02-13 17:00:00,737
2015-02-13 18:00:00,235
2015-02-13 19:00:00,153
2015-02-13 20:00:00,71
2015-02-13 21:00:00,49
2015-02-13 22:00:00,49
2015-02-13 23:00:00,49
2015-02-14 00:00:00,40
2015-02-14 01:00:00,39
2015-02-14 02:00:00,39
2015-02-14 03:00:00,39
2015-02-14 04:00:00,39
2015-02-14 05:00:00,39
2015-02-14 06:00:00,42
2015-02-14 07:00:00,94
2015-02-14 08:00:00,380
2015-02-14 09:00:00,718
2015-02-14 10:00:00,1084
2015-02-14 11:00:00,1335
2015-02-14 12:00:00,1475
2015-02-14 13:00:00,1400
2015-02-14 14:00:00,1242
2015-02-14 15:00:00,924
2015-02-14 16:00:00,439
2015-02-14 17:00:00,140
2015-02-14 18:00:00,59
2015-02-14 19:00:00,54
2015-02-14 20:00:00,53
2015-02-14 21:00:00,43
2015-02-14 22:00:00,42
2015-02-14 23:00:00,42
2015-02-15 00:00:00,42
2015-02-15 01:00:00,44
2015-02-15 02:00:00,41
2015-02-15 03:00:00,39
2015-02-15 04:00:00,32
2015-02-15 05:00:00,32
2015-02-15 06:00:00,36
2015-02-15 07:00:00,82
2015-02-15 08:00:00,464
2015-02-15 09:00:00,1033
2015-02-15 10:00:00,1399
2015-02-15 11:00:00,1639
2015-02-15 12:00:00,1650
2015-02-15 13:00:00,1582
2015-02-15 14:00:00,1463
2015-02-15 15:00:00,1352
2015-02-15 16:00:00,1104
2015-02-15 17:00:00,456
2015-02-15 18:00:00,95
2015-02-15 19:00:00,46
2015-02-15 20:00:00,31
2015-02-15 21:00:00,31
2015-02-15 22:00:00,31
2015-02-15 23:00:00,31
2015-02-16 00:00:00,30
2015-02-16 01:00:00,30
2015-02-16 02:00:00,30
2015-02-16 03:00:00,30
2015-02-16 04:00:00,30
2015-02-16 05:00:00,33
2015-02-16 06:00:00,39
2015-02-16 07:00:00,175
2015-02-16 08:00:00,812
2015-02-16 09:00:00,1409
2015-02-16 10:00:00,1899
2015-02-16 11:00:00,2058
2015-02-16 12:00:00,1956
2015-02-16 13:00:00,1721
2015-02-16 14:00:00,1467
2015-02-16 15:00:00,1170
2015-02-16 16:00:00,804
2015-02-16 17:00:00,314
2015-02-16 18:00:00,88
2015-02-16 19:00:00,52
2015-02-16 20:00:00,40
2015-02-16 21:00:00,41
2015-02-16 22:00:00,42
2015-02-16 23:00:00,32
2015-02-17 00:00:00,32
2015-02-17 01:00:00,32
2015-02-17 02:00:00,32
2015-02-17 03:00:00,32
2015-02-17 04:00:00,32
2015-02-17 05:00:00,32
2015-02-17 06:00:00,36
2015-02-17 07:00:00,69
2015-02-17 08:00:00,443
2015-02-17 09:00:00,1035
2015-02-17 10:00:00,1608
2015-02-17 11:00:00,1916
2015-02-17 12:00:00,2159
2015-02-17 13:00:00,2100
2015-02-17 14:00:00,1666
2015-02-17 15:00:00,1182
2015-02-17 16:00:00,734
2015-02-17 17:00:00,343
2015-02-17 18:00:00,134
2015-02-17 19:00:00,77
2015-02-17 20:00:00,71
2015-02-17 21:00:00,71
2015-02-17 22:00:00,71
2015-02-17 23:00:00,71
2015-02-18 00:00:00,70
2015-02-18 01:00:00,70
2015-02-18 02:00:00,70
2015-02-18 03:00:00,68
2015-02-18 04:00:00,69
2015-02-18 05:00:00,79
2015-02-18 06:00:00,75
2015-02-18 07:00:00,208
2015-02-18 08:00:00,1107
2015-02-18 09:00:00,2415
2015-02-18 10:00:00,3391
2015-02-18 11:00:00,3603
2015-02-18 12:00:00,3660
2015-02-18 13:00:00,3437
2015-02-18 14:00:00,3146
2015-02-18 15:00:00,2692
2015-02-18 16:00:00,1919
2015-02-18 17:00:00,868
2015-02-18 18:00:00,384
2015-02-18 19:00:00,302
2015-02-18 20:00:00,252
2015-02-18 21:00:00,190
2015-02-18 22:00:00,123
2015-02-18 23:00:00,45
2015-02-19 00:00:00,44
2015-02-19 01:00:00,44
2015-02-19 02:00:00,45
2015-02-19 03:00:00,44
2015-02-19 04:00:00,46
2015-02-19 05:00:00,53
2015-02-19 06:00:00,69
2015-02-19 07:00:00,320
2015-02-19 08:00:00,1497
2015-02-19 09:00:00,3060
2015-02-19 10:00:00,4123
2015-02-19 11:00:00,4265
2015-02-19 12:00:00,4277
2015-02-19 13:00:00,4260
2015-02-19 14:00:00,4055
2015-02-19 15:00:00,3635
2015-02-19 16:00:00,2730
2015-02-19 17:00:00,1135
2015-02-19 18:00:00,456
2015-02-19 19:00:00,338
2015-02-19 20:00:00,275
2015-02-19 21:00:00,200
2015-02-19 22:00:00,88
2015-02-19 23:00:00,43
2015-02-20 00:00:00,43
2015-02-20 01:00:00,43
2015-02-20 02:00:00,43
2015-02-20 03:00:00,44
2015-02-20 04:00:00,43
2015-02-20 05:00:00,44
2015-02-20 06:00:00,61
2015-02-20 07:00:00,284
2015-02-20 08:00:00,1111
2015-02-20 09:00:00,1955
2015-02-20 10:00:00,2750
2015-02-20 11:00:00,3090
2015-02-20 12:00:00,3243
2015-02-20 13:00:00,3039
2015-02-20 14:00:00,2621
2015-02-20 15:00:00,2318
2015-02-20 16:00:00,1643
2015-02-20 17:00:00,570
2015-02-20 18:00:00,201
2015-02-20 19:00:00,139
2015-02-20 20:00:00,99
2015-02-20 21:00:00,98
2015-02-20 22:00:00,99
2015-02-20 23:00:00,96
2015-02-21 00:00:00,75
2015-02-21 01:00:00,69
2015-02-21 02:00:00,70
2015-02-21 03:00:00,64
2015-02-21 04:00:00,46
2015-02-21 05:00:00,46
2015-02-21 06:00:00,64
2015-02-21 07:00:00,128
2015-02-21 08:00:00,513
2015-02-21 09:00:00,936
2015-02-21 10:00:00,1418
2015-02-21 11:00:00,1800
2015-02-21 12:00:00,2232
2015-02-21 13:00:00,2617
2015-02-21 14:00:00,2932
2015-02-21 15:00:00,2836
2015-02-21 16:00:00,2362
2015-02-21 17:00:00,1110
2015-02-21 18:00:00,419
2015-02-21 19:00:00,331
2015-02-21 20:00:00,233
2015-02-21 21:00:00,136
2015-02-21 22:00:00,63
2015-02-21 23:00:00,61
2015-02-22 00:00:00,61
2015-02-22 01:00:00,61
2015-02-22 02:00:00,61
2015-02-22 03:00:00,60
2015-02-22 04:00:00,66
2015-02-22 05:00:00,62
2015-02-22 06:00:00,79
2015-02-22 07:00:00,395
2015-02-22 08:00:00,1610
2015-02-22 09:00:00,3150
2015-02-22 10:00:00,3564
2015-02-22 11:00:00,4039
2015-02-22 12:00:00,4562
2015-02-22 13:00:00,4610
2015-02-22 14:00:00,3657
2015-02-22 15:00:00,2884
2015-02-22 16:00:00,2057
2015-02-22 17:00:00,1060
2015-02-22 18:00:00,598
2015-02-22 19:00:00,524
2015-02-22 20:00:00,499
2015-02-22 21:00:00,498
2015-02-22 22:00:00,431
2015-02-22 23:00:00,235
2015-02-23 00:00:00,138
2015-02-23 01:00:00,86
2015-02-23 02:00:00,86
2015-02-23 03:00:00,62
2015-02-23 04:00:00,56
2015-02-23 05:00:00,53
2015-02-23 06:00:00,41
2015-02-23 07:00:00,259
2015-02-23 08:00:00,805
2015-02-23 09:00:00,1269
2015-02-23 10:00:00,1540
2015-02-23 11:00:00,1705
2015-02-23 12:00:00,1675
2015-02-23 13:00:00,1705
2015-02-23 14:00:00,1526
2015-02-23 15:00:00,1408
2015-02-23 16:00:00,857
2015-02-23 17:00:00,195
2015-02-23 18:00:00,53
2015-02-23 19:00:00,55
2015-02-23 20:00:00,51
2015-02-23 21:00:00,50
2015-02-23 22:00:00,35
2015-02-23 23:00:00,21
2015-02-24 00:00:00,21
2015-02-24 01:00:00,21
2015-02-24 02:00:00,21
2015-02-24 03:00:00,21
2015-02-24 04:00:00,21
2015-02-24 05:00:00,21
2015-02-24 06:00:00,23
2015-02-24 07:00:00,461
2015-02-24 08:00:00,1727
2015-02-24 09:00:00,2935
2015-02-24 10:00:00,4119
2015-02-24 11:00:00,4557
2015-02-24 12:00:00,4480
2015-02-24 13:00:00,4166
2015-02-24 14:00:00,3729
2015-02-24 15:00:00,3086
2015-02-24 16:00:00,2315
2015-02-24 17:00:00,1021
2015-02-24 18:00:00,455
2015-02-24 19:00:00,353
2015-02-24 20:00:00,306
2015-02-24 21:00:00,210
2015-02-24 22:00:00,145
2015-02-24 23:00:00,84
2015-02-25 00:00:00,75
2015-02-25 01:00:00,47
2015-02-25 02:00:00,43
2015-02-25 03:00:00,43
2015-02-25 04:00:00,42
2015-02-25 05:00:00,42
2015-02-25 06:00:00,45
2015-02-25 07:00:00,294
2015-02-25 08:00:00,1395
2015-02-25 09:00:00,2973
2015-02-25 10:00:00,4086
2015-02-25 11:00:00,4256
2015-02-25 12:00:00,4046
2015-02-25 13:00:00,3741
2015-02-25 14:00:00,3294
2015-02-25 15:00:00,3030
2015-02-25 16:00:00,2483
2015-02-25 17:00:00,1310
2015-02-25 18:00:00,590
2015-02-25 19:00:00,463
2015-02-25 20:00:00,379
2015-02-25 21:00:00,225
2015-02-25 22:00:00,146
2015-02-25 23:00:00,74
2015-02-26 00:00:00,43
2015-02-26 01:00:00,44
2015-02-26 02:00:00,44
2015-02-26 03:00:00,43
2015-02-26 04:00:00,47
2015-02-26 05:00:00,44
2015-02-26 06:00:00,47
2015-02-26 07:00:00,384
2015-02-26 08:00:00,1270
2015-02-26 09:00:00,2348
2015-02-26 10:00:00,3188
2015-02-26 11:00:00,3500
2015-02-26 12:00:00,3550
2015-02-26 13:00:00,3283
2015-02-26 14:00:00,2950
2015-02-26 15:00:00,2432
2015-02-26 16:00:00,1708
2015-02-26 17:00:00,728
2015-02-26 18:00:00,208
2015-02-26 19:00:00,136
2015-02-26 20:00:00,111
2015-02-26 21:00:00,84
2015-02-26 22:00:00,65
2015-02-26 23:00:00,41
2015-02-27 00:00:00,41
2015-02-27 01:00:00,40
2015-02-27 02:00:00,37
2015-02-27 03:00:00,31
2015-02-27 04:00:00,39
2015-02-27 05:00:00,47
2015-02-27 06:00:00,45
2015-02-27 07:00:00,444
2015-02-27 08:00:00,1440
2015-02-27 09:00:00,2721
2015-02-27 10:00:00,3892
2015-02-27 11:00:00,4318
2015-02-27 12:00:00,4466
2015-02-27 13:00:00,4613
2015-02-27 14:00:00,4527
2015-02-27 15:00:00,4192
2015-02-27 16:00:00,3372
2015-02-27 17:00:00,1546
2015-02-27 18:00:00,612
2015-02-27 19:00:00,473
2015-02-27 20:00:00,435
2015-02-27 21:00:00,316
2015-02-27 22:00:00,162
2015-02-27 23:00:00,101
2015-02-28 00:00:00,67
2015-02-28 01:00:00,53
2015-02-28 02:00:00,53
2015-02-28 03:00:00,39
2015-02-28 04:00:00,28
2015-02-28 05:00:00,28
2015-02-28 06:00:00,33
2015-02-28 07:00:00,499
2015-02-28 08:00:00,1649
2015-02-28 09:00:00,2984
2015-02-28 10:00:00,3745
2015-02-28 11:00:00,3816
2015-02-28 12:00:00,3816
2015-02-28 13:00:00,3604
2015-02-28 14:00:00,3128
2015-02-28 15:00:00,2643
2015-02-28 16:00:00,1618
2015-02-28 17:00:00,661
2015-02-28 18:00:00,216
2015-02-28 19:00:00,104
2015-02-28 20:00:00,77
2015-02-28 21:00:00,73
2015-02-28 22:00:00,71
2015-02-28 23:00:00,62
2015-03-01 00:00:00,62
2015-03-01 01:00:00,62
2015-03-01 02:00:00,62
2015-03-01 03:00:00,60
2015-03-01 04:00:00,60
2015-03-01 05:00:00,60
2015-03-01 06:00:00,61
2015-03-01 07:00:00,85
2015-03-01 08:00:00,810
2015-03-01 09:00:00,2101
2015-03-01 10:00:00,3247
2015-03-01 11:00:00,3903
2015-03-01 12:00:00,3942
2015-03-01 13:00:00,3884
2015-03-01 14:00:00,3752
2015-03-01 15:00:00,3051
2015-03-01 16:00:00,1476
2015-03-01 17:00:00,402
2015-03-01 18:00:00,121
2015-03-01 19:00:00,91
2015-03-01 20:00:00,68
2015-03-01 21:00:00,68
2015-03-01 22:00:00,68
2015-03-01 23:00:00,42
2015-03-02 00:00:00,41
2015-03-02 01:00:00,41
2015-03-02 02:00:00,41
2015-03-02 03:00:00,41
2015-03-02 04:00:00,41
2015-03-02 05:00:00,40
2015-03-02 06:00:00,41
2015-03-02 07:00:00,77
2015-03-02 08:00:00,591
2015-03-02 09:00:00,1210
2015-03-02 10:00:00,1553
2015-03-02 11:00:00,1734
2015-03-02 12:00:00,1726
2015-03-02 13:00:00,1834
2015-03-02 14:00:00,1495
2015-03-02 15:00:00,1081
2015-03-02 16:00:00,465
2015-03-02 17:00:00,109
2015-03-02 18:00:00,72
2015-03-02 19:00:00,64
2015-03-02 20:00:00,48
2015-03-02 21:00:00,44
2015-03-02 22:00:00,44
2015-03-02 23:00:00,102
2015-03-03 00:00:00,93
2015-03-03 01:00:00,66
2015-03-03 02:00:00,59
2015-03-03 03:00:00,60
2015-03-03 04:00:00,60
2015-03-03 05:00:00,59
2015-03-03 06:00:00,64
2015-03-03 07:00:00,430
2015-03-03 08:00:00,1308
2015-03-03 09:00:00,2122
2015-03-03 10:00:00,2906
2015-03-03 11:00:00,3334
2015-03-03 12:00:00,3650
2015-03-03 13:00:00,3894
2015-03-03 14:00:00,3849
2015-03-03 15:00:00,3490
2015-03-03 16:00:00,2728
2015-03-03 17:00:00,1306
2015-03-03 18:00:00,503
2015-03-03 19:00:00,294
2015-03-03 20:00:00,199
2015-03-03 21:00:00,149
2015-03-03 22:00:00,113
2015-03-03 23:00:00,676
2015-03-04 00:00:00,673
2015-03-04 01:00:00,462
2015-03-04 02:00:00,325
2015-03-04 03:00:00,247
2015-03-04 04:00:00,125
2015-03-04 05:00:00,70
2015-03-04 06:00:00,71
2015-03-04 07:00:00,347
2015-03-04 08:00:00,1312
2015-03-04 09:00:00,2566
2015-03-04 10:00:00,3719
2015-03-04 11:00:00,4437
2015-03-04 12:00:00,4703
2015-03-04 13:00:00,4730
2015-03-04 14:00:00,4567
2015-03-04 15:00:00,4202
2015-03-04 16:00:00,3365
2015-03-04 17:00:00,2474
2015-03-04 18:00:00,1408
2015-03-04 19:00:00,637
2015-03-04 20:00:00,343
2015-03-04 21:00:00,286
2015-03-04 22:00:00,230
2015-03-04 23:00:00,578
2015-03-05 00:00:00,455
2015-03-05 01:00:00,367
2015-03-05 02:00:00,329
2015-03-05 03:00:00,286
2015-03-05 04:00:00,186
2015-03-05 05:00:00,120
2015-03-05 06:00:00,83
2015-03-05 07:00:00,401
2015-03-05 08:00:00,1059
2015-03-05 09:00:00,1689
2015-03-05 10:00:00,2068
2015-03-05 11:00:00,2174
2015-03-05 12:00:00,2287
2015-03-05 13:00:00,2289
2015-03-05 14:00:00,2224
2015-03-05 15:00:00,1841
2015-03-05 16:00:00,1396
2015-03-05 17:00:00,885
2015-03-05 18:00:00,372
2015-03-05 19:00:00,84
2015-03-05 20:00:00,34
2015-03-05 21:00:00,32
2015-03-05 22:00:00,31
2015-03-05 23:00:00,774
2015-03-06 00:00:00,735
2015-03-06 01:00:00,726
2015-03-06 02:00:00,728
2015-03-06 03:00:00,725
2015-03-06 04:00:00,679
2015-03-06 05:00:00,476
2015-03-06 06:00:00,454
2015-03-06 07:00:00,1119
2015-03-06 08:00:00,2893
2015-03-06 09:00:00,4087
2015-03-06 10:00:00,4613
2015-03-06 11:00:00,5125
2015-03-06 12:00:00,5316
2015-03-06 13:00:00,5272
2015-03-06 14:00:00,5066
2015-03-06 15:00:00,4704
2015-03-06 16:00:00,4268
2015-03-06 17:00:00,3565
2015-03-06 18:00:00,2881
2015-03-06 19:00:00,1822
2015-03-06 20:00:00,1011
2015-03-06 21:00:00,814
2015-03-06 22:00:00,788
2015-03-06 23:00:00,669
2015-03-07 00:00:00,615
2015-03-07 01:00:00,526
2015-03-07 02:00:00,509
2015-03-07 03:00:00,500
2015-03-07 04:00:00,492
2015-03-07 05:00:00,407
2015-03-07 06:00:00,433
2015-03-07 07:00:00,1030
2015-03-07 08:00:00,2521
2015-03-07 09:00:00,3856
2015-03-07 10:00:00,4567
2015-03-07 11:00:00,5040
2015-03-07 12:00:00,5198
2015-03-07 13:00:00,5261
2015-03-07 14:00:00,5178
2015-03-07 15:00:00,4983
2015-03-07 16:00:00,4623
2015-03-07 17:00:00,3966
2015-03-07 18:00:00,3050
2015-03-07 19:00:00,1982
2015-03-07 20:00:00,1007
2015-03-07 21:00:00,715
2015-03-07 22:00:00,682
2015-03-07 23:00:00,614
2015-03-08 00:00:00,553
2015-03-08 01:00:00,551
2015-03-08 02:00:00,532
2015-03-08 03:00:00,474
2015-03-08 04:00:00,447
2015-03-08 05:00:00,249
2015-03-08 06:00:00,213
2015-03-08 07:00:00,610
2015-03-08 08:00:00,1282
2015-03-08 09:00:00,1981
2015-03-08 10:00:00,2908
2015-03-08 11:00:00,3627
2015-03-08 12:00:00,3778
2015-03-08 13:00:00,3721
2015-03-08 14:00:00,3646
2015-03-08 15:00:00,3264
2015-03-08 16:00:00,3154
2015-03-08 17:00:00,2892
2015-03-08 18:00:00,2205
2015-03-08 19:00:00,1269
2015-03-08 20:00:00,534
2015-03-08 21:00:00,309
2015-03-08 22:00:00,221
2015-03-08 23:00:00,375
2015-03-09 00:00:00,243
2015-03-09 01:00:00,173
2015-03-09 02:00:00,123
2015-03-09 03:00:00,103
2015-03-09 04:00:00,103
2015-03-09 05:00:00,83
2015-03-09 06:00:00,74
2015-03-09 07:00:00,268
2015-03-09 08:00:00,1013
2015-03-09 09:00:00,2112
2015-03-09 10:00:00,3075
2015-03-09 11:00:00,3666
2015-03-09 12:00:00,3944
2015-03-09 13:00:00,4290
2015-03-09 14:00:00,4379
2015-03-09 15:00:00,4061
2015-03-09 16:00:00,3548
2015-03-09 17:00:00,2750
2015-03-09 18:00:00,1719
2015-03-09 19:00:00,777
2015-03-09 20:00:00,416
2015-03-09 21:00:00,360
2015-03-09 22:00:00,254
2015-03-09 23:00:00,134
2015-03-10 00:00:00,91
2015-03-10 01:00:00,51
2015-03-10 02:00:00,45
2015-03-10 03:00:00,45
2015-03-10 04:00:00,42
2015-03-10 05:00:00,39
2015-03-10 06:00:00,41
2015-03-10 07:00:00,95
2015-03-10 08:00:00,466
2015-03-10 09:00:00,903
2015-03-10 10:00:00,1263
2015-03-10 11:00:00,1709
2015-03-10 12:00:00,2282
2015-03-10 13:00:00,2425
2015-03-10 14:00:00,2253
2015-03-10 15:00:00,1829
2015-03-10 16:00:00,1253
2015-03-10 17:00:00,661
2015-03-10 18:00:00,120
2015-03-10 19:00:00,46
2015-03-10 20:00:00,38
2015-03-10 21:00:00,37
2015-03-10 22:00:00,37
2015-03-10 23:00:00,21
2015-03-11 00:00:00,21
2015-03-11 01:00:00,21
2015-03-11 02:00:00,21
2015-03-11 03:00:00,21
2015-03-11 04:00:00,21
2015-03-11 05:00:00,20
2015-03-11 06:00:00,32
2015-03-11 07:00:00,182
2015-03-11 08:00:00,607
2015-03-11 09:00:00,1003
2015-03-11 10:00:00,1306
2015-03-11 11:00:00,1531
2015-03-11 12:00:00,1584
2015-03-11 13:00:00,1438
2015-03-11 14:00:00,1219
2015-03-11 15:00:00,992
2015-03-11 16:00:00,328
2015-03-11 17:00:00,50
2015-03-11 18:00:00,34
2015-03-11 19:00:00,30
2015-03-11 20:00:00,21
2015-03-11 21:00:00,21
2015-03-11 22:00:00,21
2015-03-11 23:00:00,32
2015-03-12 00:00:00,32
2015-03-12 01:00:00,31
2015-03-12 02:00:00,29
2015-03-12 03:00:00,29
2015-03-12 04:00:00,29
2015-03-12 05:00:00,29
2015-03-12 06:00:00,33
2015-03-12 07:00:00,117
2015-03-12 08:00:00,1034
2015-03-12 09:00:00,2187
2015-03-12 10:00:00,3142
2015-03-12 11:00:00,3511
2015-03-12 12:00:00,3552
2015-03-12 13:00:00,3443
2015-03-12 14:00:00,3145
2015-03-12 15:00:00,2308
2015-03-12 16:00:00,918
2015-03-12 17:00:00,186
2015-03-12 18:00:00,67
2015-03-12 19:00:00,59
2015-03-12 20:00:00,57
2015-03-12 21:00:00,55
2015-03-12 22:00:00,55
2015-03-12 23:00:00,347
2015-03-13 00:00:00,192
2015-03-13 01:00:00,110
2015-03-13 02:00:00,56
2015-03-13 03:00:00,53
2015-03-13 04:00:00,58
2015-03-13 05:00:00,58
2015-03-13 06:00:00,78
2015-03-13 07:00:00,560
2015-03-13 08:00:00,1518
2015-03-13 09:00:00,2700
2015-03-13 10:00:00,3612
2015-03-13 11:00:00,4345
2015-03-13 12:00:00,4646
2015-03-13 13:00:00,4751
2015-03-13 14:00:00,4687
2015-03-13 15:00:00,4209
2015-03-13 16:00:00,3308
2015-03-13 17:00:00,1748
2015-03-13 18:00:00,669
2015-03-13 19:00:00,466
2015-03-13 20:00:00,333
2015-03-13 21:00:00,182
2015-03-13 22:00:00,98
2015-03-13 23:00:00,53
2015-03-14 00:00:00,48
2015-03-14 01:00:00,29
2015-03-14 02:00:00,28
2015-03-14 03:00:00,28
2015-03-14 04:00:00,28
2015-03-14 05:00:00,30
2015-03-14 06:00:00,57
2015-03-14 07:00:00,614
2015-03-14 08:00:00,1670
2015-03-14 09:00:00,3022
2015-03-14 10:00:00,4128
2015-03-14 11:00:00,4582
2015-03-14 12:00:00,4807
2015-03-14 13:00:00,4920
2015-03-14 14:00:00,4953
2015-03-14 15:00:00,4459
2015-03-14 16:00:00,3726
2015-03-14 17:00:00,2237
2015-03-14 18:00:00,904
2015-03-14 19:00:00,636
2015-03-14 20:00:00,574
2015-03-14 21:00:00,520
2015-03-14 22:00:00,445
2015-03-14 23:00:00,412
2015-03-15 00:00:00,379
2015-03-15 01:00:00,206
2015-03-15 02:00:00,95
2015-03-15 03:00:00,40
2015-03-15 04:00:00,39
2015-03-15 05:00:00,39
2015-03-15 06:00:00,91
2015-03-15 07:00:00,849
2015-03-15 08:00:00,2572
2015-03-15 09:00:00,4272
2015-03-15 10:00:00,4791
2015-03-15 11:00:00,4782
2015-03-15 12:00:00,4622
2015-03-15 13:00:00,4477
2015-03-15 14:00:00,4100
2015-03-15 15:00:00,3589
2015-03-15 16:00:00,2986
2015-03-15 17:00:00,1886
2015-03-15 18:00:00,884
2015-03-15 19:00:00,618
2015-03-15 20:00:00,462
2015-03-15 21:00:00,442
2015-03-15 22:00:00,440
2015-03-15 23:00:00,431
2015-03-16 00:00:00,410
2015-03-16 01:00:00,249
2015-03-16 02:00:00,155
2015-03-16 03:00:00,68
2015-03-16 04:00:00,48
2015-03-16 05:00:00,51
2015-03-16 06:00:00,95
2015-03-16 07:00:00,862
2015-03-16 08:00:00,2423
2015-03-16 09:00:00,3991
2015-03-16 10:00:00,4526
2015-03-16 11:00:00,4902
2015-03-16 12:00:00,5125
2015-03-16 13:00:00,5074
2015-03-16 14:00:00,4816
2015-03-16 15:00:00,4381
2015-03-16 16:00:00,3587
2015-03-16 17:00:00,2135
2015-03-16 18:00:00,882
2015-03-16 19:00:00,601
2015-03-16 20:00:00,516
2015-03-16 21:00:00,509
2015-03-16 22:00:00,460
2015-03-16 23:00:00,425
2015-03-17 00:00:00,340
2015-03-17 01:00:00,197
2015-03-17 02:00:00,96
2015-03-17 03:00:00,50
2015-03-17 04:00:00,28
2015-03-17 05:00:00,23
2015-03-17 06:00:00,77
2015-03-17 07:00:00,613
2015-03-17 08:00:00,1325
2015-03-17 09:00:00,1997
2015-03-17 10:00:00,2326
2015-03-17 11:00:00,2325
2015-03-17 12:00:00,2269
2015-03-17 13:00:00,1990
2015-03-17 14:00:00,1588
2015-03-17 15:00:00,1114
2015-03-17 16:00:00,681
2015-03-17 17:00:00,230
2015-03-17 18:00:00,66
2015-03-17 19:00:00,54
2015-03-17 20:00:00,35
2015-03-17 21:00:00,34
2015-03-17 22:00:00,34
2015-03-17 23:00:00,34
2015-03-18 00:00:00,34
2015-03-18 01:00:00,35
2015-03-18 02:00:00,35
2015-03-18 03:00:00,35
2015-03-18 04:00:00,35
2015-03-18 05:00:00,36
2015-03-18 06:00:00,55
2015-03-18 07:00:00,189
2015-03-18 08:00:00,445
2015-03-18 09:00:00,652
2015-03-18 10:00:00,829
2015-03-18 11:00:00,903
2015-03-18 12:00:00,921
2015-03-18 13:00:00,920
2015-03-18 14:00:00,882
2015-03-18 15:00:00,756
2015-03-18 16:00:00,556
2015-03-18 17:00:00,387
2015-03-18 18:00:00,154
2015-03-18 19:00:00,58
2015-03-18 20:00:00,44
2015-03-18 21:00:00,45
2015-03-18 22:00:00,44
2015-03-18 23:00:00,34
2015-03-19 00:00:00,33
2015-03-19 01:00:00,33
2015-03-19 02:00:00,31
2015-03-19 03:00:00,30
2015-03-19 04:00:00,30
2015-03-19 05:00:00,34
2015-03-19 06:00:00,59
2015-03-19 07:00:00,337
2015-03-19 08:00:00,745
2015-03-19 09:00:00,1129
2015-03-19 10:00:00,1500
2015-03-19 11:00:00,1695
2015-03-19 12:00:00,1541
2015-03-19 13:00:00,1370
2015-03-19 14:00:00,1115
2015-03-19 15:00:00,755
2015-03-19 16:00:00,449
2015-03-19 17:00:00,173
2015-03-19 18:00:00,75
2015-03-19 19:00:00,75
2015-03-19 20:00:00,65
2015-03-19 21:00:00,58
2015-03-19 22:00:00,57
2015-03-19 23:00:00,48
2015-03-20 00:00:00,47
2015-03-20 01:00:00,29
2015-03-20 02:00:00,26
2015-03-20 03:00:00,26
2015-03-20 04:00:00,29
2015-03-20 05:00:00,41
2015-03-20 06:00:00,61
2015-03-20 07:00:00,305
2015-03-20 08:00:00,498
2015-03-20 09:00:00,566
2015-03-20 10:00:00,1194
2015-03-20 11:00:00,1329
2015-03-20 12:00:00,1271
2015-03-20 13:00:00,1121
2015-03-20 14:00:00,992
2015-03-20 15:00:00,642
2015-03-20 16:00:00,366
2015-03-20 17:00:00,128
2015-03-20 18:00:00,55
2015-03-20 19:00:00,54
2015-03-20 20:00:00,42
2015-03-20 21:00:00,39
2015-03-20 22:00:00,39
2015-03-20 23:00:00,43
2015-03-21 00:00:00,39
2015-03-21 01:00:00,39
2015-03-21 02:00:00,39
2015-03-21 03:00:00,48
2015-03-21 04:00:00,47
2015-03-21 05:00:00,44
2015-03-21 06:00:00,65
2015-03-21 07:00:00,269
2015-03-21 08:00:00,617
2015-03-21 09:00:00,953
2015-03-21 10:00:00,1212
2015-03-21 11:00:00,1367
2015-03-21 12:00:00,1265
2015-03-21 13:00:00,1171
2015-03-21 14:00:00,1044
2015-03-21 15:00:00,751
2015-03-21 16:00:00,446
2015-03-21 17:00:00,205
2015-03-21 18:00:00,105
2015-03-21 19:00:00,98
2015-03-21 20:00:00,91
2015-03-21 21:00:00,90
2015-03-21 22:00:00,42
2015-03-21 23:00:00,32
2015-03-22 00:00:00,32
2015-03-22 01:00:00,30
2015-03-22 02:00:00,28
2015-03-22 03:00:00,28
2015-03-22 04:00:00,28
2015-03-22 05:00:00,28
2015-03-22 06:00:00,52
2015-03-22 07:00:00,266
2015-03-22 08:00:00,688
2015-03-22 09:00:00,1122
2015-03-22 10:00:00,1483
2015-03-22 11:00:00,1580
2015-03-22 12:00:00,1568
2015-03-22 13:00:00,1592
2015-03-22 14:00:00,1394
2015-03-22 15:00:00,1076
2015-03-22 16:00:00,718
2015-03-22 17:00:00,410
2015-03-22 18:00:00,220
2015-03-22 19:00:00,205
2015-03-22 20:00:00,190
2015-03-22 21:00:00,189
2015-03-22 22:00:00,189
2015-03-22 23:00:00,183
2015-03-23 00:00:00,58
2015-03-23 01:00:00,52
2015-03-23 02:00:00,52
2015-03-23 03:00:00,52
2015-03-23 04:00:00,52
2015-03-23 05:00:00,53
2015-03-23 06:00:00,78
2015-03-23 07:00:00,301
2015-03-23 08:00:00,665
2015-03-23 09:00:00,1037
2015-03-23 10:00:00,1280
2015-03-23 11:00:00,1415
2015-03-23 12:00:00,1398
2015-03-23 13:00:00,1416
2015-03-23 14:00:00,1174
2015-03-23 15:00:00,927
2015-03-23 16:00:00,774
2015-03-23 17:00:00,371
2015-03-23 18:00:00,101
2015-03-23 19:00:00,49
2015-03-23 20:00:00,35
2015-03-23 21:00:00,35
2015-03-23 22:00:00,34
2015-03-23 23:00:00,25
2015-03-24 00:00:00,24
2015-03-24 01:00:00,24
2015-03-24 02:00:00,24
2015-03-24 03:00:00,24
2015-03-24 04:00:00,24
2015-03-24 05:00:00,28
2015-03-24 06:00:00,56
2015-03-24 07:00:00,295
2015-03-24 08:00:00,681
2015-03-24 09:00:00,1132
2015-03-24 10:00:00,1379
2015-03-24 11:00:00,1443
2015-03-24 12:00:00,1589
2015-03-24 13:00:00,1680
2015-03-24 14:00:00,1451
2015-03-24 15:00:00,1206
2015-03-24 16:00:00,890
2015-03-24 17:00:00,441
2015-03-24 18:00:00,132
2015-03-24 19:00:00,47
2015-03-24 20:00:00,35
2015-03-24 21:00:00,33
2015-03-24 22:00:00,31
2015-03-24 23:00:00,23
2015-03-25 00:00:00,23
2015-03-25 01:00:00,23
2015-03-25 02:00:00,23
2015-03-25 03:00:00,23
2015-03-25 04:00:00,23
2015-03-25 05:00:00,23
2015-03-25 06:00:00,102
2015-03-25 07:00:00,904
2015-03-25 08:00:00,2202
2015-03-25 09:00:00,3269
2015-03-25 10:00:00,3814
2015-03-25 11:00:00,4360
2015-03-25 12:00:00,4199
2015-03-25 13:00:00,3983
2015-03-25 14:00:00,3504
2015-03-25 15:00:00,3045
2015-03-25 16:00:00,2476
2015-03-25 17:00:00,1614
2015-03-25 18:00:00,688
2015-03-25 19:00:00,474
2015-03-25 20:00:00,423
2015-03-25 21:00:00,429
2015-03-25 22:00:00,405
2015-03-25 23:00:00,369
2015-03-26 00:00:00,337
2015-03-26 01:00:00,280
2015-03-26 02:00:00,89
2015-03-26 03:00:00,30
2015-03-26 04:00:00,31
2015-03-26 05:00:00,31
2015-03-26 06:00:00,153
2015-03-26 07:00:00,805
2015-03-26 08:00:00,401
2015-03-26 09:00:00,2183
2015-03-26 10:00:00,2616
2015-03-26 11:00:00,2965
2015-03-26 12:00:00,2198
2015-03-26 13:00:00,2865
2015-03-26 14:00:00,2487
2015-03-26 15:00:00,2207
2015-03-26 16:00:00,1762
2015-03-26 17:00:00,1126
2015-03-26 18:00:00,475
2015-03-26 19:00:00,272
2015-03-26 20:00:00,154
2015-03-26 21:00:00,111
2015-03-26 22:00:00,111
2015-03-26 23:00:00,112
2015-03-27 00:00:00,90
2015-03-27 01:00:00,28
2015-03-27 02:00:00,24
2015-03-27 03:00:00,30
2015-03-27 04:00:00,39
2015-03-27 05:00:00,43
2015-03-27 06:00:00,192
2015-03-27 07:00:00,1222
2015-03-27 08:00:00,2806
2015-03-27 09:00:00,4360
2015-03-27 10:00:00,4982
2015-03-27 11:00:00,5010
2015-03-27 12:00:00,4973
2015-03-27 13:00:00,4823
2015-03-27 14:00:00,4637
2015-03-27 15:00:00,4161
2015-03-27 16:00:00,3392
2015-03-27 17:00:00,2197
2015-03-27 18:00:00,914
2015-03-27 19:00:00,568
2015-03-27 20:00:00,517
2015-03-27 21:00:00,514
2015-03-27 22:00:00,512
2015-03-27 23:00:00,510
2015-03-28 00:00:00,508
2015-03-28 01:00:00,442
2015-03-28 02:00:00,326
2015-03-28 03:00:00,172
2015-03-28 04:00:00,45
2015-03-28 05:00:00,42
2015-03-28 06:00:00,218
2015-03-28 07:00:00,1349
2015-03-28 08:00:00,3231
2015-03-28 09:00:00,4685
2015-03-28 10:00:00,5127
2015-03-28 11:00:00,5386
2015-03-28 12:00:00,5559
2015-03-28 13:00:00,5470
2015-03-28 14:00:00,5245
2015-03-28 15:00:00,4799
2015-03-28 16:00:00,4064
2015-03-28 17:00:00,2659
2015-03-28 18:00:00,1191
2015-03-28 19:00:00,807
2015-03-28 20:00:00,663
2015-03-28 21:00:00,652
2015-03-28 22:00:00,649
2015-03-28 23:00:00,632
2015-03-29 00:00:00,610
2015-03-29 01:00:00,566
2015-03-29 02:00:00,415
2015-03-29 03:00:00,188
2015-03-29 04:00:00,107
2015-03-29 05:00:00,87
2015-03-29 06:00:00,236
2015-03-29 07:00:00,1231
2015-03-29 08:00:00,2355
2015-03-29 09:00:00,4335
2015-03-29 10:00:00,5004
2015-03-29 11:00:00,4888
2015-03-29 12:00:00,4820
2015-03-29 13:00:00,4389
2015-03-29 14:00:00,3621
2015-03-29 15:00:00,3170
2015-03-29 16:00:00,2270
2015-03-29 17:00:00,1296
2015-03-29 18:00:00,832
2015-03-29 19:00:00,679
2015-03-29 20:00:00,682
2015-03-29 21:00:00,658
2015-03-29 22:00:00,539
2015-03-29 23:00:00,477
2015-03-30 00:00:00,238
2015-03-30 01:00:00,207
2015-03-30 02:00:00,198
2015-03-30 03:00:00,163
2015-03-30 04:00:00,170
2015-03-30 05:00:00,231
2015-03-30 06:00:00,254
2015-03-30 07:00:00,1180
2015-03-30 08:00:00,2930
2015-03-30 09:00:00,4328
2015-03-30 10:00:00,4935
2015-03-30 11:00:00,5195
2015-03-30 12:00:00,5261
2015-03-30 13:00:00,5201
2015-03-30 14:00:00,5000
2015-03-30 15:00:00,4565
2015-03-30 16:00:00,3966
2015-03-30 17:00:00,2762
2015-03-30 18:00:00,1182
2015-03-30 19:00:00,700
2015-03-30 20:00:00,700
2015-03-30 21:00:00,694
2015-03-30 22:00:00,640
2015-03-30 23:00:00,627
2015-03-31 00:00:00,599
2015-03-31 01:00:00,595
2015-03-31 02:00:00,544
2015-03-31 03:00:00,336
2015-03-31 04:00:00,136
2015-03-31 05:00:00,107
2015-03-31 06:00:00,363
2015-03-31 07:00:00,1667
2015-03-31 08:00:00,3789
2015-03-31 09:00:00,4980
2015-03-31 10:00:00,5425
2015-03-31 11:00:00,5535
2015-03-31 12:00:00,5536
2015-03-31 13:00:00,5453
2015-03-31 14:00:00,5244
2015-03-31 15:00:00,4786
2015-03-31 16:00:00,4102
2015-03-31 17:00:00,2810
2015-03-31 18:00:00,1372
2015-03-31 19:00:00,772
2015-03-31 20:00:00,724
2015-03-31 21:00:00,693
2015-03-31 22:00:00,67
2015-03-31 23:00:00,68
2015-04-01 00:00:00,68
2015-04-01 01:00:00,68
2015-04-01 02:00:00,68
2015-04-01 03:00:00,67
2015-04-01 04:00:00,68
2015-04-01 05:00:00,69
2015-04-01 06:00:00,88
2015-04-01 07:00:00,764
2015-04-01 08:00:00,2066
2015-04-01 09:00:00,3320
2015-04-01 10:00:00,3900
2015-04-01 11:00:00,3941
2015-04-01 12:00:00,3917
2015-04-01 13:00:00,3793
2015-04-01 14:00:00,3127
2015-04-01 15:00:00,1544
2015-04-01 16:00:00,383
2015-04-01 17:00:00,137
2015-04-01 18:00:00,122
2015-04-01 19:00:00,110
2015-04-01 20:00:00,111
2015-04-01 21:00:00,111
2015-04-01 22:00:00,43
2015-04-01 23:00:00,44
2015-04-02 00:00:00,43
2015-04-02 01:00:00,44
2015-04-02 02:00:00,43
2015-04-02 03:00:00,44
2015-04-02 04:00:00,45
2015-04-02 05:00:00,46
2015-04-02 06:00:00,75
2015-04-02 07:00:00,699
2015-04-02 08:00:00,1625
2015-04-02 09:00:00,2556
2015-04-02 10:00:00,3150
2015-04-02 11:00:00,3259
2015-04-02 12:00:00,3100
2015-04-02 13:00:00,2838
2015-04-02 14:00:00,2281
2015-04-02 15:00:00,1368
2015-04-02 16:00:00,514
2015-04-02 17:00:00,180
2015-04-02 18:00:00,142
2015-04-02 19:00:00,96
2015-04-02 20:00:00,80
2015-04-02 21:00:00,57
2015-04-02 22:00:00,54
2015-04-02 23:00:00,51
2015-04-03 00:00:00,50
2015-04-03 01:00:00,49
2015-04-03 02:00:00,50
2015-04-03 03:00:00,50
2015-04-03 04:00:00,51
2015-04-03 05:00:00,57
2015-04-03 06:00:00,420
2015-04-03 07:00:00,1280
2015-04-03 08:00:00,2048
2015-04-03 09:00:00,2725
2015-04-03 10:00:00,3558
2015-04-03 11:00:00,4169
2015-04-03 12:00:00,4404
2015-04-03 13:00:00,4257
2015-04-03 14:00:00,3905
2015-04-03 15:00:00,3051
2015-04-03 16:00:00,1447
2015-04-03 17:00:00,522
2015-04-03 18:00:00,375
2015-04-03 19:00:00,318
2015-04-03 20:00:00,246
2015-04-03 21:00:00,172
2015-04-03 22:00:00,187
2015-04-03 23:00:00,102
2015-04-04 00:00:00,60
2015-04-04 01:00:00,68
2015-04-04 02:00:00,68
2015-04-04 03:00:00,67
2015-04-04 04:00:00,68
2015-04-04 05:00:00,81
2015-04-04 06:00:00,294
2015-04-04 07:00:00,1125
2015-04-04 08:00:00,2302
2015-04-04 09:00:00,3701
2015-04-04 10:00:00,4518
2015-04-04 11:00:00,4831
2015-04-04 12:00:00,4731
2015-04-04 13:00:00,4511
2015-04-04 14:00:00,4283
2015-04-04 15:00:00,3650
2015-04-04 16:00:00,2752
2015-04-04 17:00:00,1893
2015-04-04 18:00:00,950
2015-04-04 19:00:00,628
2015-04-04 20:00:00,556
2015-04-04 21:00:00,450
2015-04-04 22:00:00,31
2015-04-04 23:00:00,31
2015-04-05 00:00:00,31
2015-04-05 01:00:00,31
2015-04-05 02:00:00,31
2015-04-05 03:00:00,30
2015-04-05 04:00:00,30
2015-04-05 05:00:00,53
2015-04-05 06:00:00,242
2015-04-05 07:00:00,616
2015-04-05 08:00:00,1008
2015-04-05 09:00:00,1405
2015-04-05 10:00:00,1905
2015-04-05 11:00:00,2396
2015-04-05 12:00:00,2569
2015-04-05 13:00:00,2226
2015-04-05 14:00:00,1748
2015-04-05 15:00:00,1226
2015-04-05 16:00:00,793
2015-04-05 17:00:00,435
2015-04-05 18:00:00,111
2015-04-05 19:00:00,29
2015-04-05 20:00:00,28
2015-04-05 21:00:00,28
2015-04-05 22:00:00,782
2015-04-05 23:00:00,759
2015-04-06 00:00:00,708
2015-04-06 01:00:00,680
2015-04-06 02:00:00,658
2015-04-06 03:00:00,632
2015-04-06 04:00:00,479
2015-04-06 05:00:00,517
2015-04-06 06:00:00,1294
2015-04-06 07:00:00,3315
2015-04-06 08:00:00,4416
2015-04-06 09:00:00,4930
2015-04-06 10:00:00,5236
2015-04-06 11:00:00,5333
2015-04-06 12:00:00,5323
2015-04-06 13:00:00,5214
2015-04-06 14:00:00,4989
2015-04-06 15:00:00,4639
2015-04-06 16:00:00,4159
2015-04-06 17:00:00,3364
2015-04-06 18:00:00,2165
2015-04-06 19:00:00,1113
2015-04-06 20:00:00,839
2015-04-06 21:00:00,802
2015-04-06 22:00:00,639
2015-04-06 23:00:00,616
2015-04-07 00:00:00,554
2015-04-07 01:00:00,516
2015-04-07 02:00:00,476
2015-04-07 03:00:00,416
2015-04-07 04:00:00,324
2015-04-07 05:00:00,397
2015-04-07 06:00:00,1003
2015-04-07 07:00:00,2208
2015-04-07 08:00:00,3485
2015-04-07 09:00:00,4398
2015-04-07 10:00:00,4940
2015-04-07 11:00:00,5120
2015-04-07 12:00:00,5084
2015-04-07 13:00:00,5034
2015-04-07 14:00:00,4873
2015-04-07 15:00:00,4476
2015-04-07 16:00:00,3777
2015-04-07 17:00:00,2905
2015-04-07 18:00:00,1851
2015-04-07 19:00:00,949
2015-04-07 20:00:00,736
2015-04-07 21:00:00,690
2015-04-07 22:00:00,132
2015-04-07 23:00:00,95
2015-04-08 00:00:00,94
2015-04-08 01:00:00,94
2015-04-08 02:00:00,94
2015-04-08 03:00:00,93
2015-04-08 04:00:00,93
2015-04-08 05:00:00,136
2015-04-08 06:00:00,516
2015-04-08 07:00:00,1557
2015-04-08 08:00:00,3418
2015-04-08 09:00:00,4498
2015-04-08 10:00:00,4923
2015-04-08 11:00:00,5093
2015-04-08 12:00:00,5119
2015-04-08 13:00:00,5023
2015-04-08 14:00:00,4909
2015-04-08 15:00:00,4540
2015-04-08 16:00:00,3982
2015-04-08 17:00:00,3223
2015-04-08 18:00:00,1914
2015-04-08 19:00:00,898
2015-04-08 20:00:00,632
2015-04-08 21:00:00,588
2015-04-08 22:00:00,157
2015-04-08 23:00:00,142
2015-04-09 00:00:00,100
2015-04-09 01:00:00,86
2015-04-09 02:00:00,87
2015-04-09 03:00:00,84
2015-04-09 04:00:00,62
2015-04-09 05:00:00,63
2015-04-09 06:00:00,183
2015-04-09 07:00:00,753
2015-04-09 08:00:00,1559
2015-04-09 09:00:00,2377
2015-04-09 10:00:00,2930
2015-04-09 11:00:00,3562
2015-04-09 12:00:00,3838
2015-04-09 13:00:00,4175
2015-04-09 14:00:00,4017
2015-04-09 15:00:00,3591
2015-04-09 16:00:00,2854
2015-04-09 17:00:00,1576
2015-04-09 18:00:00,636
2015-04-09 19:00:00,352
2015-04-09 20:00:00,268
2015-04-09 21:00:00,189
2015-04-09 22:00:00,37
2015-04-09 23:00:00,37
2015-04-10 00:00:00,37
2015-04-10 01:00:00,37
2015-04-10 02:00:00,37
2015-04-10 03:00:00,36
2015-04-10 04:00:00,37
2015-04-10 05:00:00,39
2015-04-10 06:00:00,105
2015-04-10 07:00:00,512
2015-04-10 08:00:00,983
2015-04-10 09:00:00,1317
2015-04-10 10:00:00,1524
2015-04-10 11:00:00,1616
2015-04-10 12:00:00,1661
2015-04-10 13:00:00,1484
2015-04-10 14:00:00,1180
2015-04-10 15:00:00,779
2015-04-10 16:00:00,377
2015-04-10 17:00:00,81
2015-04-10 18:00:00,53
2015-04-10 19:00:00,48
2015-04-10 20:00:00,48
2015-04-10 21:00:00,47
2015-04-10 22:00:00,21
2015-04-10 23:00:00,21
2015-04-11 00:00:00,21
2015-04-11 01:00:00,19
2015-04-11 02:00:00,18
2015-04-11 03:00:00,18
2015-04-11 04:00:00,17
2015-04-11 05:00:00,22
2015-04-11 06:00:00,313
2015-04-11 07:00:00,998
2015-04-11 08:00:00,1562
2015-04-11 09:00:00,2083
2015-04-11 10:00:00,2327
2015-04-11 11:00:00,2240
2015-04-11 12:00:00,1985
2015-04-11 13:00:00,1463
2015-04-11 14:00:00,838
2015-04-11 15:00:00,255
2015-04-11 16:00:00,50
2015-04-11 17:00:00,37
2015-04-11 18:00:00,36
2015-04-11 19:00:00,16
2015-04-11 20:00:00,16
2015-04-11 21:00:00,16
2015-04-11 22:00:00,45
2015-04-11 23:00:00,40
2015-04-12 00:00:00,40
2015-04-12 01:00:00,40
2015-04-12 02:00:00,40
2015-04-12 03:00:00,40
2015-04-12 04:00:00,39
2015-04-12 05:00:00,39
2015-04-12 06:00:00,126
2015-04-12 07:00:00,897
2015-04-12 08:00:00,2105
2015-04-12 09:00:00,3072
2015-04-12 10:00:00,3357
2015-04-12 11:00:00,3263
2015-04-12 12:00:00,3003
2015-04-12 13:00:00,2545
2015-04-12 14:00:00,1721
2015-04-12 15:00:00,626
2015-04-12 16:00:00,189
2015-04-12 17:00:00,100
2015-04-12 18:00:00,70
2015-04-12 19:00:00,54
2015-04-12 20:00:00,52
2015-04-12 21:00:00,39
2015-04-12 22:00:00,543
2015-04-12 23:00:00,515
2015-04-13 00:00:00,434
2015-04-13 01:00:00,257
2015-04-13 02:00:00,181
2015-04-13 03:00:00,198
2015-04-13 04:00:00,163
2015-04-13 05:00:00,107
2015-04-13 06:00:00,462
2015-04-13 07:00:00,1394
2015-04-13 08:00:00,2997
2015-04-13 09:00:00,4292
2015-04-13 10:00:00,4764
2015-04-13 11:00:00,4930
2015-04-13 12:00:00,4889
2015-04-13 13:00:00,4869
2015-04-13 14:00:00,4591
2015-04-13 15:00:00,4182
2015-04-13 16:00:00,3606
2015-04-13 17:00:00,2458
2015-04-13 18:00:00,1085
2015-04-13 19:00:00,644
2015-04-13 20:00:00,542
2015-04-13 21:00:00,479
2015-04-13 22:00:00,447
2015-04-13 23:00:00,363
2015-04-14 00:00:00,200
2015-04-14 01:00:00,144
2015-04-14 02:00:00,80
2015-04-14 03:00:00,53
2015-04-14 04:00:00,53
2015-04-14 05:00:00,86
2015-04-14 06:00:00,424
2015-04-14 07:00:00,1133
2015-04-14 08:00:00,1819
2015-04-14 09:00:00,2339
2015-04-14 10:00:00,2796
2015-04-14 11:00:00,2998
2015-04-14 12:00:00,2917
2015-04-14 13:00:00,2725
2015-04-14 14:00:00,2438
2015-04-14 15:00:00,2139
2015-04-14 16:00:00,1616
2015-04-14 17:00:00,1126
2015-04-14 18:00:00,348
2015-04-14 19:00:00,76
2015-04-14 20:00:00,29
2015-04-14 21:00:00,30
2015-04-14 22:00:00,30
2015-04-14 23:00:00,30
2015-04-15 00:00:00,30
2015-04-15 01:00:00,30
2015-04-15 02:00:00,30
2015-04-15 03:00:00,30
2015-04-15 04:00:00,30
2015-04-15 05:00:00,42
2015-04-15 06:00:00,169
2015-04-15 07:00:00,495
2015-04-15 08:00:00,997
2015-04-15 09:00:00,1469
2015-04-15 10:00:00,1667
2015-04-15 11:00:00,1749
2015-04-15 12:00:00,1907
2015-04-15 13:00:00,2041
2015-04-15 14:00:00,1777
2015-04-15 15:00:00,1213
2015-04-15 16:00:00,818
2015-04-15 17:00:00,548
2015-04-15 18:00:00,165
2015-04-15 19:00:00,57
2015-04-15 20:00:00,54
2015-04-15 21:00:00,53
2015-04-15 22:00:00,53
2015-04-15 23:00:00,53
2015-04-16 00:00:00,52
2015-04-16 01:00:00,53
2015-04-16 02:00:00,53
2015-04-16 03:00:00,53
2015-04-16 04:00:00,53
2015-04-16 05:00:00,67
2015-04-16 06:00:00,227
2015-04-16 07:00:00,147
2015-04-16 08:00:00,1225
2015-04-16 09:00:00,1619
2015-04-16 10:00:00,2021
2015-04-16 11:00:00,2201
2015-04-16 12:00:00,2483
2015-04-16 13:00:00,2626
2015-04-16 14:00:00,2554
2015-04-16 15:00:00,2127
2015-04-16 16:00:00,1672
2015-04-16 17:00:00,1010
2015-04-16 18:00:00,400
2015-04-16 19:00:00,222
2015-04-16 20:00:00,197
2015-04-16 21:00:00,142
2015-04-16 22:00:00,66
2015-04-16 23:00:00,63
2015-04-17 00:00:00,60
2015-04-17 01:00:00,56
2015-04-17 02:00:00,55
2015-04-17 03:00:00,40
2015-04-17 04:00:00,38
2015-04-17 05:00:00,53
2015-04-17 06:00:00,344
2015-04-17 07:00:00,1129
2015-04-17 08:00:00,2171
2015-04-17 09:00:00,2942
2015-04-17 10:00:00,3474
2015-04-17 11:00:00,3843
2015-04-17 12:00:00,3834
2015-04-17 13:00:00,3771
2015-04-17 14:00:00,3720
2015-04-17 15:00:00,3319
2015-04-17 16:00:00,2591
2015-04-17 17:00:00,1732
2015-04-17 18:00:00,896
2015-04-17 19:00:00,556
2015-04-17 20:00:00,508
2015-04-17 21:00:00,446
2015-04-17 22:00:00,261
2015-04-17 23:00:00,106
2015-04-18 00:00:00,73
2015-04-18 01:00:00,49
2015-04-18 02:00:00,46
2015-04-18 03:00:00,46
2015-04-18 04:00:00,47
2015-04-18 05:00:00,67
2015-04-18 06:00:00,390
2015-04-18 07:00:00,1302
2015-04-18 08:00:00,2706
2015-04-18 09:00:00,3698
2015-04-18 10:00:00,4123
2015-04-18 11:00:00,4234
2015-04-18 12:00:00,4116
2015-04-18 13:00:00,4133
2015-04-18 14:00:00,3943
2015-04-18 15:00:00,3414
2015-04-18 16:00:00,2929
2015-04-18 17:00:00,1854
2015-04-18 18:00:00,1062
2015-04-18 19:00:00,678
2015-04-18 20:00:00,623
2015-04-18 21:00:00,620
2015-04-18 22:00:00,589
2015-04-18 23:00:00,510
2015-04-19 00:00:00,384
2015-04-19 01:00:00,255
2015-04-19 02:00:00,146
2015-04-19 03:00:00,90
2015-04-19 04:00:00,68
2015-04-19 05:00:00,72
2015-04-19 06:00:00,529
2015-04-19 07:00:00,1646
2015-04-19 08:00:00,3214
2015-04-19 09:00:00,4067
2015-04-19 10:00:00,4454
2015-04-19 11:00:00,4706
2015-04-19 12:00:00,4724
2015-04-19 13:00:00,4584
2015-04-19 14:00:00,4323
2015-04-19 15:00:00,3900
2015-04-19 16:00:00,3502
2015-04-19 17:00:00,2653
2015-04-19 18:00:00,1297
2015-04-19 19:00:00,694
2015-04-19 20:00:00,596
2015-04-19 21:00:00,598
2015-04-19 22:00:00,563
2015-04-19 23:00:00,403
2015-04-20 00:00:00,267
2015-04-20 01:00:00,181
2015-04-20 02:00:00,35
2015-04-20 03:00:00,34
2015-04-20 04:00:00,35
2015-04-20 05:00:00,70
2015-04-20 06:00:00,636
2015-04-20 07:00:00,1994
2015-04-20 08:00:00,3734
2015-04-20 09:00:00,4620
2015-04-20 10:00:00,5147
2015-04-20 11:00:00,5301
2015-04-20 12:00:00,5309
2015-04-20 13:00:00,5153
2015-04-20 14:00:00,4911
2015-04-20 15:00:00,4435
2015-04-20 16:00:00,3816
2015-04-20 17:00:00,2699
2015-04-20 18:00:00,1187
2015-04-20 19:00:00,685
2015-04-20 20:00:00,596
2015-04-20 21:00:00,592
2015-04-20 22:00:00,593
2015-04-20 23:00:00,592
2015-04-21 00:00:00,581
2015-04-21 01:00:00,537
2015-04-21 02:00:00,408
2015-04-21 03:00:00,231
2015-04-21 04:00:00,121
2015-04-21 05:00:00,80
2015-04-21 06:00:00,526
2015-04-21 07:00:00,1485
2015-04-21 08:00:00,2508
2015-04-21 09:00:00,3375
2015-04-21 10:00:00,4187
2015-04-21 11:00:00,4703
2015-04-21 12:00:00,4611
2015-04-21 13:00:00,4373
2015-04-21 14:00:00,3812
2015-04-21 15:00:00,3249
2015-04-21 16:00:00,2542
2015-04-21 17:00:00,1715
2015-04-21 18:00:00,843
2015-04-21 19:00:00,469
2015-04-21 20:00:00,357
2015-04-21 21:00:00,235
2015-04-21 22:00:00,142
2015-04-21 23:00:00,103
2015-04-22 00:00:00,103
2015-04-22 01:00:00,81
2015-04-22 02:00:00,26
2015-04-22 03:00:00,25
2015-04-22 04:00:00,28
2015-04-22 05:00:00,40
2015-04-22 06:00:00,234
2015-04-22 07:00:00,896
2015-04-22 08:00:00,2046
2015-04-22 09:00:00,2778
2015-04-22 10:00:00,3237
2015-04-22 11:00:00,3480
2015-04-22 12:00:00,3773
2015-04-22 13:00:00,4088
2015-04-22 14:00:00,4169
2015-04-22 15:00:00,3893
2015-04-22 16:00:00,3337
2015-04-22 17:00:00,2361
2015-04-22 18:00:00,1061
2015-04-22 19:00:00,594
2015-04-22 20:00:00,495
2015-04-22 21:00:00,390
2015-04-22 22:00:00,292
2015-04-22 23:00:00,214
2015-04-23 00:00:00,146
2015-04-23 01:00:00,98
2015-04-23 02:00:00,47
2015-04-23 03:00:00,24
2015-04-23 04:00:00,27
2015-04-23 05:00:00,61
2015-04-23 06:00:00,593
2015-04-23 07:00:00,1792
2015-04-23 08:00:00,3452
2015-04-23 09:00:00,4309
2015-04-23 10:00:00,4535
2015-04-23 11:00:00,4885
2015-04-23 12:00:00,4953
2015-04-23 13:00:00,4860
2015-04-23 14:00:00,4627
2015-04-23 15:00:00,4211
2015-04-23 16:00:00,3506
2015-04-23 17:00:00,2241
2015-04-23 18:00:00,1056
2015-04-23 19:00:00,1648.5
2015-04-23 20:00:00,598
2015-04-23 21:00:00,578
2015-04-23 22:00:00,552
2015-04-23 23:00:00,399
2015-04-24 00:00:00,170
2015-04-24 01:00:00,55
2015-04-24 02:00:00,41
2015-04-24 03:00:00,41
2015-04-24 04:00:00,43
2015-04-24 05:00:00,83
2015-04-24 06:00:00,498
2015-04-24 07:00:00,1319
2015-04-24 08:00:00,2027
2015-04-24 09:00:00,2549
2015-04-24 10:00:00,2879
2015-04-24 11:00:00,2964
2015-04-24 12:00:00,2861
2015-04-24 13:00:00,2387
2015-04-24 14:00:00,1802
2015-04-24 15:00:00,1239
2015-04-24 16:00:00,849
2015-04-24 17:00:00,481
2015-04-24 18:00:00,242
2015-04-24 19:00:00,138
2015-04-24 20:00:00,92
2015-04-24 21:00:00,54
2015-04-24 22:00:00,40
2015-04-24 23:00:00,33
2015-04-25 00:00:00,31
2015-04-25 01:00:00,27
2015-04-25 02:00:00,27
2015-04-25 03:00:00,27
2015-04-25 04:00:00,27
2015-04-25 05:00:00,56
2015-04-25 06:00:00,357
2015-04-25 07:00:00,863
2015-04-25 08:00:00,1316
2015-04-25 09:00:00,1575
2015-04-25 10:00:00,1800
2015-04-25 11:00:00,1901
2015-04-25 12:00:00,1840
2015-04-25 13:00:00,1696
2015-04-25 14:00:00,1478
2015-04-25 15:00:00,1261
2015-04-25 16:00:00,855
2015-04-25 17:00:00,440
2015-04-25 18:00:00,126
2015-04-25 19:00:00,66
2015-04-25 20:00:00,67
2015-04-25 21:00:00,65
2015-04-25 22:00:00,35
2015-04-25 23:00:00,30
2015-04-26 00:00:00,28
2015-04-26 01:00:00,28
2015-04-26 02:00:00,28
2015-04-26 03:00:00,28
2015-04-26 04:00:00,28
2015-04-26 05:00:00,37
2015-04-26 06:00:00,194
2015-04-26 07:00:00,569
2015-04-26 08:00:00,944
2015-04-26 09:00:00,1405
2015-04-26 10:00:00,1633
2015-04-26 11:00:00,1825
2015-04-26 12:00:00,1980
2015-04-26 13:00:00,1824
2015-04-26 14:00:00,1527
2015-04-26 15:00:00,1387
2015-04-26 16:00:00,1079
2015-04-26 17:00:00,699
2015-04-26 18:00:00,345
2015-04-26 19:00:00,69
2015-04-26 20:00:00,31
2015-04-26 21:00:00,29
2015-04-26 22:00:00,28
2015-04-26 23:00:00,28
2015-04-27 00:00:00,28
2015-04-27 01:00:00,28
2015-04-27 02:00:00,28
2015-04-27 03:00:00,27
2015-04-27 04:00:00,28
2015-04-27 05:00:00,58
2015-04-27 06:00:00,407
2015-04-27 07:00:00,1096
2015-04-27 08:00:00,1614
2015-04-27 09:00:00,2280
2015-04-27 10:00:00,2708
2015-04-27 11:00:00,2730
2015-04-27 12:00:00,2729
2015-04-27 13:00:00,2621
2015-04-27 14:00:00,2696
2015-04-27 15:00:00,2501
2015-04-27 16:00:00,2076
2015-04-27 17:00:00,1560
2015-04-27 18:00:00,826
2015-04-27 19:00:00,569
2015-04-27 20:00:00,365
2015-04-27 21:00:00,172
2015-04-27 22:00:00,142
2015-04-27 23:00:00,111
2015-04-28 00:00:00,108
2015-04-28 01:00:00,83
2015-04-28 02:00:00,52
2015-04-28 03:00:00,24
2015-04-28 04:00:00,29
2015-04-28 05:00:00,86
2015-04-28 06:00:00,646
2015-04-28 07:00:00,1822
2015-04-28 08:00:00,3666
2015-04-28 09:00:00,4726
2015-04-28 10:00:00,5244
2015-04-28 11:00:00,5230
2015-04-28 12:00:00,5022
2015-04-28 13:00:00,4841
2015-04-28 14:00:00,4556
2015-04-28 15:00:00,3835
2015-04-28 16:00:00,3228
2015-04-28 17:00:00,2335
2015-04-28 18:00:00,1183
2015-04-28 19:00:00,704
2015-04-28 20:00:00,657
2015-04-28 21:00:00,657
2015-04-28 22:00:00,633
2015-04-28 23:00:00,585
2015-04-29 00:00:00,507
2015-04-29 01:00:00,364
2015-04-29 02:00:00,274
2015-04-29 03:00:00,179
2015-04-29 04:00:00,69
2015-04-29 05:00:00,75
2015-04-29 06:00:00,527
2015-04-29 07:00:00,1863
2015-04-29 08:00:00,3749
2015-04-29 09:00:00,4800
2015-04-29 10:00:00,5258
2015-04-29 11:00:00,5348
2015-04-29 12:00:00,5399
2015-04-29 13:00:00,5297
2015-04-29 14:00:00,4996
2015-04-29 15:00:00,4483
2015-04-29 16:00:00,3714
2015-04-29 17:00:00,2643
2015-04-29 18:00:00,1234
2015-04-29 19:00:00,730
2015-04-29 20:00:00,686
2015-04-29 21:00:00,661
2015-04-29 22:00:00,651
2015-04-29 23:00:00,653
2015-04-30 00:00:00,644
2015-04-30 01:00:00,580
2015-04-30 02:00:00,443
2015-04-30 03:00:00,298
2015-04-30 04:00:00,157
2015-04-30 05:00:00,126
2015-04-30 06:00:00,685
2015-04-30 07:00:00,1838
2015-04-30 08:00:00,3786
2015-04-30 09:00:00,4707
2015-04-30 10:00:00,5141
2015-04-30 11:00:00,5400
2015-04-30 12:00:00,5418
2015-04-30 13:00:00,5220
2015-04-30 14:00:00,4913
2015-04-30 15:00:00,4510
2015-04-30 16:00:00,3747
2015-04-30 17:00:00,2895
2015-04-30 18:00:00,1443
2015-04-30 19:00:00,800
2015-04-30 20:00:00,698
2015-04-30 21:00:00,698
2015-04-30 22:00:00,109
2015-04-30 23:00:00,85
2015-05-01 00:00:00,65
2015-05-01 01:00:00,65
2015-05-01 02:00:00,65
2015-05-01 03:00:00,65
2015-05-01 04:00:00,66
2015-05-01 05:00:00,67
2015-05-01 06:00:00,83
2015-05-01 07:00:00,649
2015-05-01 08:00:00,1722
2015-05-01 09:00:00,2636
2015-05-01 10:00:00,3288
2015-05-01 11:00:00,3428
2015-05-01 12:00:00,3467
2015-05-01 13:00:00,3414
2015-05-01 14:00:00,2862
2015-05-01 15:00:00,1412
2015-05-01 16:00:00,376
2015-05-01 17:00:00,109
2015-05-01 18:00:00,73
2015-05-01 19:00:00,47
2015-05-01 20:00:00,41
2015-05-01 21:00:00,31
2015-05-01 22:00:00,47
2015-05-01 23:00:00,46
2015-05-02 00:00:00,46
2015-05-02 01:00:00,47
2015-05-02 02:00:00,46
2015-05-02 03:00:00,46
2015-05-02 04:00:00,46
2015-05-02 05:00:00,49
2015-05-02 06:00:00,138
2015-05-02 07:00:00,1100
2015-05-02 08:00:00,2535
2015-05-02 09:00:00,3954
2015-05-02 10:00:00,3917
2015-05-02 11:00:00,4308
2015-05-02 12:00:00,4080
2015-05-02 13:00:00,3803
2015-05-02 14:00:00,3291
2015-05-02 15:00:00,2185
2015-05-02 16:00:00,864
2015-05-02 17:00:00,321
2015-05-02 18:00:00,243
2015-05-02 19:00:00,189
2015-05-02 20:00:00,161
2015-05-02 21:00:00,151
2015-05-02 22:00:00,91
2015-05-02 23:00:00,63
2015-05-03 00:00:00,63
2015-05-03 01:00:00,63
2015-05-03 02:00:00,63
2015-05-03 03:00:00,63
2015-05-03 04:00:00,63
2015-05-03 05:00:00,76
2015-05-03 06:00:00,805
2015-05-03 07:00:00,2404
2015-05-03 08:00:00,3865
2015-05-03 09:00:00,4516
2015-05-03 10:00:00,4950
2015-05-03 11:00:00,4992
2015-05-03 12:00:00,5024
2015-05-03 13:00:00,4862
2015-05-03 14:00:00,4426
2015-05-03 15:00:00,3612
2015-05-03 16:00:00,1906
2015-05-03 17:00:00,726
2015-05-03 18:00:00,519
2015-05-03 19:00:00,459
2015-05-03 20:00:00,457
2015-05-03 21:00:00,459
2015-05-03 22:00:00,288
2015-05-03 23:00:00,188
2015-05-04 00:00:00,119
2015-05-04 01:00:00,72
2015-05-04 02:00:00,52
2015-05-04 03:00:00,52
2015-05-04 04:00:00,52
2015-05-04 05:00:00,71
2015-05-04 06:00:00,370
2015-05-04 07:00:00,1476
2015-05-04 08:00:00,3354
2015-05-04 09:00:00,4602
2015-05-04 10:00:00,5124
2015-05-04 11:00:00,5274
2015-05-04 12:00:00,5170
2015-05-04 13:00:00,4907
2015-05-04 14:00:00,4441
2015-05-04 15:00:00,3861
2015-05-04 16:00:00,2943
2015-05-04 17:00:00,1502
2015-05-04 18:00:00,467
2015-05-04 19:00:00,271
2015-05-04 20:00:00,251
2015-05-04 21:00:00,219
2015-05-04 22:00:00,29
2015-05-04 23:00:00,28
2015-05-05 00:00:00,28
2015-05-05 01:00:00,28
2015-05-05 02:00:00,28
2015-05-05 03:00:00,28
2015-05-05 04:00:00,28
2015-05-05 05:00:00,50
2015-05-05 06:00:00,370
2015-05-05 07:00:00,988
2015-05-05 08:00:00,1710
2015-05-05 09:00:00,2431
2015-05-05 10:00:00,2727
2015-05-05 11:00:00,3015
2015-05-05 12:00:00,3391
2015-05-05 13:00:00,3592
2015-05-05 14:00:00,3589
2015-05-05 15:00:00,3387
2015-05-05 16:00:00,3121
2015-05-05 17:00:00,2547
2015-05-05 18:00:00,1373
2015-05-05 19:00:00,578
2015-05-05 20:00:00,324
2015-05-05 21:00:00,266
2015-05-05 22:00:00,801
2015-05-05 23:00:00,799
2015-05-06 00:00:00,798
2015-05-06 01:00:00,798
2015-05-06 02:00:00,798
2015-05-06 03:00:00,740
2015-05-06 04:00:00,557
2015-05-06 05:00:00,586
2015-05-06 06:00:00,1345
2015-05-06 07:00:00,3138
2015-05-06 08:00:00,4389
2015-05-06 09:00:00,4923
2015-05-06 10:00:00,5182
2015-05-06 11:00:00,5296
2015-05-06 12:00:00,5294
2015-05-06 13:00:00,5168
2015-05-06 14:00:00,4912
2015-05-06 15:00:00,4527
2015-05-06 16:00:00,3935
2015-05-06 17:00:00,3175
2015-05-06 18:00:00,2042
2015-05-06 19:00:00,1100
2015-05-06 20:00:00,882
2015-05-06 21:00:00,858
2015-05-06 22:00:00,644
2015-05-06 23:00:00,577
2015-05-07 00:00:00,563
2015-05-07 01:00:00,434
2015-05-07 02:00:00,407
2015-05-07 03:00:00,411
2015-05-07 04:00:00,350
2015-05-07 05:00:00,415
2015-05-07 06:00:00,1012
2015-05-07 07:00:00,2466
2015-05-07 08:00:00,3983
2015-05-07 09:00:00,4696
2015-05-07 10:00:00,4996
2015-05-07 11:00:00,5132
2015-05-07 12:00:00,5136
2015-05-07 13:00:00,5012
2015-05-07 14:00:00,4693
2015-05-07 15:00:00,4224
2015-05-07 16:00:00,3479
2015-05-07 17:00:00,2532
2015-05-07 18:00:00,1513
2015-05-07 19:00:00,845
2015-05-07 20:00:00,702
2015-05-07 21:00:00,693
2015-05-07 22:00:00,574
2015-05-07 23:00:00,574
2015-05-08 00:00:00,571
2015-05-08 01:00:00,494
2015-05-08 02:00:00,446
2015-05-08 03:00:00,436
2015-05-08 04:00:00,342
2015-05-08 05:00:00,265
2015-05-08 06:00:00,784
2015-05-08 07:00:00,2238
2015-05-08 08:00:00,3793
2015-05-08 09:00:00,4550
2015-05-08 10:00:00,4954
2015-05-08 11:00:00,5130
2015-05-08 12:00:00,5141
2015-05-08 13:00:00,5037
2015-05-08 14:00:00,4800
2015-05-08 15:00:00,4357
2015-05-08 16:00:00,3735
2015-05-08 17:00:00,2891
2015-05-08 18:00:00,1696
2015-05-08 19:00:00,798
2015-05-08 20:00:00,603
2015-05-08 21:00:00,598
2015-05-08 22:00:00,180
2015-05-08 23:00:00,146
2015-05-09 00:00:00,77
2015-05-09 01:00:00,59
2015-05-09 02:00:00,56
2015-05-09 03:00:00,45
2015-05-09 04:00:00,45
2015-05-09 05:00:00,45
2015-05-09 06:00:00,273
2015-05-09 07:00:00,959
2015-05-09 08:00:00,1799
2015-05-09 09:00:00,2443
2015-05-09 10:00:00,2745
2015-05-09 11:00:00,2785
2015-05-09 12:00:00,2971
2015-05-09 13:00:00,2819
2015-05-09 14:00:00,2198
2015-05-09 15:00:00,1539
2015-05-09 16:00:00,909
2015-05-09 17:00:00,475
2015-05-09 18:00:00,150
2015-05-09 19:00:00,40
2015-05-09 20:00:00,39
2015-05-09 21:00:00,39
2015-05-09 22:00:00,45
2015-05-09 23:00:00,46
2015-05-10 00:00:00,45
2015-05-10 01:00:00,46
2015-05-10 02:00:00,46
2015-05-10 03:00:00,45
2015-05-10 04:00:00,45
2015-05-10 05:00:00,48
2015-05-10 06:00:00,61
2015-05-10 07:00:00,278
2015-05-10 08:00:00,681
2015-05-10 09:00:00,946
2015-05-10 10:00:00,1117
2015-05-10 11:00:00,1373
2015-05-10 12:00:00,1435
2015-05-10 13:00:00,1250
2015-05-10 14:00:00,939
2015-05-10 15:00:00,723
2015-05-10 16:00:00,390