Time,Canada
1,0.861698
2,0.861104
3,0.86103
4,0.862069
5,0.861995
6,0.86103
7,0.862887
8,0.864304
9,0.86423
10,0.858369
11,0.859107
12,0.853752
13,0.848176
14,0.845309
15,0.848896
16,0.843526
17,0.839983
18,0.837591
19,0.841397
20,0.839913
21,0.843313
22,0.842886
23,0.841255
24,0.840407
25,0.841822
26,0.837872
27,0.835352
28,0.8364
29,0.83167
30,0.833403
31,0.828638
32,0.829187
33,0.834028
34,0.831947
35,0.832432
36,0.83717
37,0.835422
38,0.834725
39,0.83696
40,0.838715
41,0.840195
42,0.837521
43,0.839913
44,0.84246
45,0.843811
46,0.847817
47,0.847961
48,0.848176
49,0.849041
50,0.851426
51,0.848896
52,0.847242
53,0.844809
54,0.847961
55,0.849762
56,0.849834
57,0.851064
58,0.850412
59,0.85034
60,0.850196
61,0.851571
62,0.854336
63,0.855066
64,0.857486
65,0.856678
66,0.855725
67,0.858001
68,0.860807
69,0.860956
70,0.858222
71,0.859771
72,0.858369
73,0.856898
74,0.855945
75,0.860363
76,0.860659
77,0.859993
78,0.861326
79,0.862589
80,0.861475
81,0.86192
82,0.85955
83,0.858074
84,0.858516
85,0.856678
86,0.856898
87,0.859623
88,0.860215
89,0.859476
90,0.857486
91,0.858148
92,0.848536
93,0.849618
94,0.84674
95,0.850557
96,0.851934
97,0.84868
98,0.847817
99,0.838786
100,0.84488
101,0.843526
102,0.844523
103,0.846167
104,0.848896
105,0.851426
106,0.852806
107,0.849907
108,0.850557
109,0.85266
110,0.855945
111,0.851064
112,0.853898
113,0.853606
114,0.853097
115,0.854336
116,0.853242
117,0.852733
118,0.851716
119,0.852951
120,0.851136
121,0.845881
122,0.847889
123,0.85237
124,0.854336
125,0.854847
126,0.857265
127,0.860659
128,0.860215
129,0.859697
130,0.859697
131,0.862664
132,0.864155
133,0.862292
134,0.862589
135,0.863632
136,0.862887
137,0.864828
138,0.867303
139,0.866701
140,0.86408
141,0.864304
142,0.865052
143,0.868056
144,0.868282
145,0.867905
146,0.86783
147,0.867303
148,0.866927
149,0.86783
150,0.868432
151,0.870701
152,0.869338
153,0.870322
154,0.87184
155,0.87146
156,0.87184
157,0.873057
158,0.874508
159,0.870928
160,0.873744
161,0.874279
162,0.877578
163,0.879894
164,0.883704
165,0.88199
166,0.879353
167,0.875503
168,0.878889
169,0.872981
170,0.866176
171,0.860956
172,0.867378
173,0.863632
174,0.859476
175,0.854336
176,0.859845
177,0.859993
178,0.858811
179,0.85859
180,0.862515
181,0.863931
182,0.863931
183,0.866101
184,0.867152
185,0.869338
186,0.869943
187,0.867002
188,0.865576
189,0.864678
190,0.867378
191,0.867303
192,0.868282
193,0.870398
194,0.866176
195,0.86881
196,0.869565
197,0.868508
198,0.871688
199,0.86783
200,0.865426
201,0.85859
202,0.851209
203,0.856898
204,0.852297
205,0.853971
206,0.855578
207,0.856164
208,0.858001
209,0.858959
210,0.856898
211,0.856311
212,0.858222
213,0.858001
214,0.863036
215,0.861252
216,0.859993
217,0.855432
218,0.854701
219,0.85778
220,0.858738
221,0.860511
222,0.859771
223,0.862069
224,0.862664
225,0.862589
226,0.862069
227,0.859476
228,0.858222
229,0.858516
230,0.85778
231,0.858001
232,0.859254
233,0.859845
234,0.860363
235,0.862813
236,0.864304
237,0.862887
238,0.86192
239,0.862069
240,0.862143
241,0.863931
242,0.864603
243,0.862589
244,0.862813
245,0.862069
246,0.861772
247,0.862069
248,0.861178
249,0.861178
250,0.861698
251,0.864006
252,0.867303
253,0.868583
254,0.867077
255,0.868432
256,0.865127
257,0.867604
258,0.867303
259,0.870701
260,0.870701
261,0.870625
262,0.865501
263,0.862962
264,0.860956
265,0.862962
266,0.862887
267,0.858738
268,0.860511
269,0.862292
270,0.861698
271,0.859919
272,0.861475
273,0.863409
274,0.862441
275,0.863558
276,0.862292
277,0.863185
278,0.864454
279,0.867002
280,0.867077
281,0.866551
282,0.866176
283,0.866551
284,0.867002
285,0.868432
286,0.868056
287,0.86798
288,0.868357
289,0.868206
290,0.869641
291,0.867227
292,0.865276
293,0.865876
294,0.865276
295,0.865726
296,0.866401
297,0.866701
298,0.865576
299,0.867077
300,0.865202
301,0.86326
302,0.865052
303,0.863856
304,0.861698
305,0.862218
306,0.861475
307,0.862962
308,0.862441
309,0.863185
310,0.865052
311,0.865276
312,0.865276
313,0.866701
314,0.866551
315,0.867528
316,0.867905
317,0.869717
318,0.868961
319,0.869717
320,0.870474
321,0.868885
322,0.867679
323,0.865801
324,0.862441
325,0.864828
326,0.865801
327,0.867303
328,0.868131
329,0.867002
330,0.868056
331,0.869792
332,0.868432
333,0.868432
334,0.868961
335,0.868056
336,0.867303
337,0.868508
338,0.869338
339,0.868734
340,0.86949
341,0.870322
342,0.869036
343,0.869868
344,0.870474
345,0.870171
346,0.868885
347,0.869943
348,0.872296
349,0.871688
350,0.871992
351,0.873134
352,0.873286
353,0.873744
354,0.872981
355,0.87222
356,0.87146
357,0.871536
358,0.87321
359,0.873744
360,0.873744
361,0.874891
362,0.875274
363,0.87535
364,0.87581
365,0.87512
366,0.874891
367,0.875734
368,0.87581
369,0.875197
370,0.87535
371,0.874891
372,0.874661
373,0.875044
374,0.874279
375,0.873744
376,0.87146
377,0.87108
378,0.870095
379,0.870852
380,0.87222
381,0.872372
382,0.871536
383,0.866176
384,0.862069
385,0.864528
386,0.864454
387,0.867679
388,0.869717
389,0.870246
390,0.868583
391,0.868131
392,0.869338
393,0.86881
394,0.869717
395,0.870549
396,0.87146
397,0.872068
398,0.871992
399,0.871916
400,0.8726
401,0.87382
402,0.874585
403,0.873897
404,0.873897
405,0.87558
406,0.874279
407,0.874508
408,0.874126
409,0.873744
410,0.875887
411,0.876578
412,0.876732
413,0.875503
414,0.876655
415,0.875887
416,0.876424
417,0.877578
418,0.877886
419,0.876732
420,0.878889
421,0.87943
422,0.880204
423,0.879894
424,0.879894
425,0.880669
426,0.881446
427,0.881834
428,0.881446
429,0.880902
430,0.881601
431,0.883783
432,0.884173
433,0.883939
434,0.88347
435,0.885347
436,0.886132
437,0.88574
438,0.884564
439,0.885426
440,0.885112
441,0.884408
442,0.886525
443,0.887311
444,0.887548
445,0.886918
446,0.888573
447,0.888415
448,0.890313
449,0.890631
450,0.890472
451,0.892061
452,0.89222
453,0.888099
454,0.883314
455,0.884408
456,0.886525
457,0.885975
458,0.880359
459,0.880437
460,0.878889
461,0.877501
462,0.880282
463,0.879507
464,0.881057
465,0.882223
466,0.881679
467,0.880747
468,0.879507
469,0.879662
470,0.880204
471,0.879972
472,0.876655
473,0.87558
474,0.87535
475,0.874355
476,0.872981
477,0.871992
478,0.86408
479,0.865801
480,0.861995
481,0.861401
482,0.861104
483,0.861846
484,0.86326
485,0.865202
486,0.868432
487,0.871612
488,0.874661
489,0.875657
490,0.875044
491,0.870322
492,0.866326
493,0.870322
494,0.870474
495,0.864828
496,0.867077
497,0.867152
498,0.866701
499,0.865876
500,0.863334
501,0.856531
502,0.852442
503,0.851571
504,0.853024
505,0.848896
506,0.850919
507,0.852442
508,0.846883
509,0.847961
510,0.848176
511,0.84832
512,0.849834
513,0.845666
514,0.845881
515,0.843739
516,0.84246
517,0.840689
518,0.841822
519,0.843882
520,0.844452
521,0.842247
522,0.843241
523,0.846883
524,0.847817
525,0.846024
526,0.844096
527,0.839842
528,0.838715
529,0.839983
530,0.841397
531,0.838364
532,0.83654
533,0.83731
534,0.83696
535,0.834028
536,0.833194
537,0.835422
538,0.838012
539,0.835561
540,0.834376
541,0.838223
542,0.838926
543,0.840972
544,0.840477
545,0.841184
546,0.839842
547,0.840195
548,0.839278
549,0.838223
550,0.840831
551,0.841893
552,0.841751
553,0.840831
554,0.841468
555,0.842673
556,0.842957
557,0.846167
558,0.847529
559,0.845809
560,0.846024
561,0.847458
562,0.842957
563,0.843313
564,0.843455
565,0.837521
566,0.83654
567,0.837451
568,0.83612
569,0.839983
570,0.839278
571,0.835631
572,0.834168
573,0.833333
574,0.828981
575,0.83022
576,0.829738
577,0.831601
578,0.831393
579,0.834864
580,0.83619
581,0.83612
582,0.83612
583,0.83647
584,0.832016
585,0.831947
586,0.830565
587,0.830013
588,0.830013
589,0.83091
590,0.833125
591,0.835073
592,0.838504
593,0.837521
594,0.837872
595,0.83682
596,0.838012
597,0.839208
598,0.838574
599,0.83612
600,0.835911
601,0.835073
602,0.834655
603,0.83696
604,0.835422
605,0.835631
606,0.83731
607,0.838223
608,0.837872
609,0.835282
610,0.83257
611,0.831601
612,0.831601
613,0.833472
614,0.835771
615,0.839278
616,0.837521
617,0.838786
618,0.838364
619,0.837802
620,0.838364
621,0.839701
622,0.840336
623,0.840831
624,0.838364
625,0.839983
626,0.841397
627,0.839278
628,0.841043
629,0.841468
630,0.842105
631,0.845237
632,0.844238
633,0.844452
634,0.843597
635,0.845309
636,0.842815
637,0.843241
638,0.83949
639,0.838997
640,0.838012
641,0.835213
642,0.834864
643,0.838434
644,0.838715
645,0.840054
646,0.840407
647,0.839701
648,0.83682
649,0.835771
650,0.83668
651,0.83731
652,0.835422
653,0.834376
654,0.834028
655,0.830358
656,0.822368
657,0.819672
658,0.818465
659,0.825219
660,0.820345
661,0.818331
662,0.821288
663,0.82203
664,0.812216
665,0.804894
666,0.805477
667,0.806712
668,0.802246
669,0.797448
670,0.801282
671,0.804117
672,0.796813
673,0.801989
674,0.800833
675,0.802182
676,0.79968
677,0.80289
678,0.800961
679,0.80032
680,0.801667
681,0.802118
682,0.807754
683,0.807754
684,0.804829
685,0.801989
686,0.80032
687,0.805477
688,0.805283
689,0.802568
690,0.801282
691,0.790952
692,0.791452
693,0.791139
694,0.787402
695,0.784314
696,0.784006
697,0.785546
698,0.782167
699,0.777907
700,0.777545
701,0.777786
702,0.780336
703,0.783085
704,0.78235
705,0.783699
706,0.784375
707,0.785238
708,0.783392
709,0.78456
710,0.782963
711,0.784437
712,0.783945
713,0.792833
714,0.793336
715,0.792581
716,0.789889
717,0.788208
718,0.786535
719,0.78235
720,0.783208
721,0.78235
722,0.781372
723,0.779727
724,0.784006
725,0.782289
726,0.782167
727,0.783147
728,0.780945
729,0.776699
730,0.77991
731,0.781922
732,0.786658
733,0.78734
734,0.786844
735,0.787402
736,0.791139
737,0.791954
738,0.792958
739,0.791077
740,0.788519
741,0.789952
742,0.795988
743,0.796559
744,0.795925
745,0.792581
746,0.793651
747,0.795545
748,0.792456
749,0.797766
750,0.800128
751,0.800128
752,0.801282
753,0.801989
754,0.804635
755,0.801603
756,0.804182
757,0.802439
758,0.802697
759,0.803471
760,0.804182
761,0.802246
762,0.79968
763,0.79885
764,0.801796
765,0.80289
766,0.803019
767,0.801089
768,0.803471
769,0.803859
770,0.803277
771,0.802053
772,0.799105
773,0.795355
774,0.794597
775,0.793336
776,0.794913
777,0.79384
778,0.79321
779,0.792833
780,0.791515
781,0.793021
782,0.794281
783,0.796052
784,0.795735
785,0.792707
786,0.794597
787,0.785731
788,0.788333
789,0.784375
790,0.784498
791,0.785731
792,0.784745
793,0.783883
794,0.785546
795,0.788955
796,0.788457
797,0.789578
798,0.792267
799,0.793273
800,0.790826
801,0.786968
802,0.786535
803,0.78456
804,0.782779
805,0.782167
806,0.779423
807,0.780884
808,0.7818
809,0.78125
810,0.780336
811,0.781494
812,0.781006
813,0.783024
814,0.784375
815,0.780823
816,0.779727
817,0.779423
818,0.779059
819,0.780336
820,0.779849
821,0.776036
822,0.775976
823,0.777786
824,0.778392
825,0.781006
826,0.783392
827,0.781861
828,0.782289
829,0.77918
830,0.780092
831,0.781372
832,0.782228
833,0.782228
834,0.782963
835,0.781555
836,0.781311
837,0.780396
838,0.778816
839,0.779059
840,0.776699
841,0.778574
842,0.77682
843,0.774593
844,0.776458
845,0.775494
846,0.774713
847,0.774353
848,0.774114
849,0.768758
850,0.763417
851,0.760456
852,0.760341
853,0.760861
854,0.757576
855,0.758438
856,0.757576
857,0.757576
858,0.75792
859,0.760746
860,0.759878
861,0.756544
862,0.757346
863,0.757117
864,0.756029
865,0.75358
866,0.752785
867,0.755116
868,0.75815
869,0.759705
870,0.760746
871,0.759763
872,0.756544
873,0.761615
874,0.76063
875,0.761035
876,0.75643
877,0.755744
878,0.75815
879,0.756144
880,0.757863
881,0.755116
882,0.755458
883,0.752502
884,0.748503
885,0.746826
886,0.746826
887,0.747049
888,0.748783
889,0.750188
890,0.75092
891,0.751202
892,0.752276
893,0.75375
894,0.75092
895,0.753296
896,0.754546
897,0.75643
898,0.759301
899,0.766284
900,0.76365
901,0.757174
902,0.758495
903,0.756029
904,0.75643
905,0.759878
906,0.765814
907,0.763825
908,0.766401
909,0.773096
910,0.771426
911,0.764935
912,0.764176
913,0.761325
914,0.757174
915,0.75815
916,0.759705
917,0.756029
918,0.753125
919,0.75188
920,0.75358
921,0.752276
922,0.752559
923,0.74912
924,0.747831
925,0.750019
926,0.751371
927,0.752445
928,0.75375
929,0.756029
930,0.755858
931,0.754831
932,0.752276
933,0.752332
934,0.749625
935,0.750075
936,0.75092
937,0.746993
938,0.743882
939,0.743937
940,0.749344
941,0.753863
942,0.753863
943,0.753012
944,0.752445
945,0.749906
946,0.752445
947,0.754432
948,0.760167
949,0.759129
950,0.758725
951,0.756716
952,0.755572
953,0.758668
954,0.756487
955,0.757117
956,0.75706
957,0.757289
958,0.760052
959,0.762777
960,0.763184
961,0.762486
962,0.762777
963,0.762369
964,0.761441
965,0.762486
966,0.755287
967,0.75358
968,0.751428
969,0.753182
970,0.753125
971,0.749457
972,0.745268
973,0.74499
974,0.74366
975,0.745379
976,0.744602
977,0.738771
978,0.738225
979,0.740302
980,0.745935
981,0.746993
982,0.744879
983,0.746269
984,0.742115
985,0.739864
986,0.739536
987,0.74085
988,0.73888
989,0.737409
990,0.736648
991,0.736974
992,0.736757
993,0.739536
994,0.73654
995,0.734376
996,0.735294
997,0.733138
998,0.734053
999,0.732279
1000,0.730194
1001,0.73303
1002,0.731797
1003,0.733138
1004,0.728544
1005,0.727114
1006,0.727379
1007,0.725953
1008,0.724953
1009,0.722648
1010,0.722491
1011,0.722543
1012,0.721241
1013,0.723746
1014,0.720461
1015,0.7249
1016,0.726586
1017,0.724795
1018,0.72197
1019,0.720098
1020,0.721241
1021,0.721605
1022,0.724008
1023,0.725426
1024,0.723851
1025,0.728173
1026,0.727114
1027,0.724375
1028,0.723694
1029,0.723066
1030,0.722543
1031,0.721345
1032,0.722178
1033,0.722752
1034,0.724795
1035,0.725479
1036,0.725637
1037,0.724218
1038,0.725426
1039,0.726956
1040,0.725163
1041,0.725795
1042,0.727908
1043,0.726322
1044,0.725163
1045,0.725374
1046,0.723327
1047,0.721241
1048,0.721293
1049,0.722282
1050,0.721501
1051,0.721761
1052,0.723014
1053,0.727537
1054,0.729395
1055,0.726956
1056,0.727802
1057,0.727537
1058,0.724008
1059,0.721501
1060,0.720357
1061,0.717978
1062,0.718133
1063,0.71736
1064,0.724375
1065,0.722022
1066,0.721865
1067,0.719528
1068,0.720721
1069,0.721293
1070,0.722543
1071,0.723327
1072,0.723484
1073,0.719891
1074,0.722074
1075,0.720202
1076,0.719269
1077,0.718907
1078,0.7227
1079,0.723903
1080,0.723589
1081,0.725163
1082,0.725689
1083,0.724638
1084,0.723851
1085,0.725426
1086,0.725689
1087,0.725321
1088,0.72427
1089,0.724795
1090,0.724218
1091,0.722804
1092,0.720202
1093,0.719632
1094,0.720305
1095,0.721033
1096,0.720357
1097,0.724638
1098,0.727431
1099,0.727114
1100,0.725689
1101,0.723641
1102,0.724533
1103,0.724848
1104,0.726322
1105,0.725058
1106,0.726903
1107,0.727008
1108,0.725953
1109,0.727484
1110,0.728332
1111,0.729927
1112,0.7303
1113,0.731368
1114,0.729288
1115,0.730887
1116,0.731797
1117,0.730994
1118,0.730727
1119,0.729395
1120,0.731315
1121,0.731957
1122,0.738716
1123,0.739864
1124,0.738552
1125,0.739919
1126,0.739809
1127,0.743882
1128,0.744602
1129,0.744435
1130,0.743052
1131,0.742225
1132,0.74195
1133,0.745712
1134,0.744879
1135,0.745712
1136,0.743108
1137,0.743494
1138,0.74228
1139,0.742005
1140,0.741565
1141,0.744158
1142,0.742005
1143,0.7414
1144,0.738552
1145,0.737191
1146,0.738007
1147,0.738116
1148,0.738007
1149,0.738389
1150,0.739372
1151,0.741015
1152,0.742115
1153,0.74129
1154,0.740631
1155,0.739262
1156,0.73828
1157,0.737735
1158,0.736757
1159,0.736594
1160,0.737681
1161,0.736648
1162,0.738825
1163,0.735943
1164,0.736485
1165,0.733568
1166,0.732601
1167,0.732386
1168,0.731261
1169,0.731582
1170,0.726639
1171,0.728067
1172,0.726691
1173,0.725426
1174,0.725847
1175,0.727167
1176,0.727061
1177,0.728863
1178,0.728226
1179,0.728226
1180,0.72469
1181,0.722804
1182,0.722126
1183,0.721501
1184,0.720877
1185,0.720721
1186,0.720721
1187,0.720202
1188,0.717309
1189,0.717051
1190,0.717103
1191,0.715052
1192,0.714745
1193,0.714031
1194,0.712504
1195,0.710328
1196,0.712758
1197,0.712504
1198,0.712758
1199,0.714031
1200,0.713878
1201,0.711238
1202,0.708065
1203,0.707214
1204,0.705965
1205,0.708617
1206,0.703482
1207,0.703383
1208,0.703235
1209,0.702346
1210,0.704473
1211,0.706814
1212,0.706764
1213,0.706814
1214,0.706614
1215,0.704573
1216,0.709622
1217,0.708767
1218,0.710985
1219,0.712809
1220,0.715052
1221,0.716589
1222,0.716846
1223,0.714898
1224,0.713267
1225,0.71286
1226,0.714541
1227,0.711896
1228,0.70922
1229,0.711491
1230,0.714541
1231,0.71495
1232,0.717206
1233,0.71736
1234,0.716076
1235,0.717515
1236,0.716076
1237,0.712251
1238,0.713521
1239,0.705268
1240,0.703482
1241,0.709824
1242,0.707614
1243,0.709673
1244,0.708165
1245,0.705716
1246,0.706314
1247,0.707114
1248,0.705318
1249,0.709975
1250,0.713267
1251,0.712962
1252,0.710985
1253,0.713521
1254,0.713521
1255,0.712606
1256,0.712403
1257,0.71495
1258,0.714643
1259,0.714796
1260,0.717206
1261,0.718236
1262,0.714388
1263,0.718494
1264,0.722491
1265,0.724848
1266,0.725847
1267,0.727961
1268,0.73046
1269,0.731904
1270,0.730087
1271,0.729341
1272,0.729501
1273,0.730834
1274,0.732332
1275,0.732601
1276,0.733676
1277,0.733514
1278,0.735456
1279,0.737735
1280,0.736594
1281,0.732869
1282,0.732869
1283,0.738552
1284,0.736323
1285,0.736485
1286,0.737028
1287,0.739645
1288,0.738825
1289,0.735727
1290,0.737354
1291,0.736811
1292,0.73692
1293,0.73692
1294,0.732601
1295,0.732601
1296,0.73244
1297,0.730194
1298,0.728332
1299,0.729554
1300,0.730034
1301,0.728332
1302,0.726903
1303,0.726111
1304,0.724113
1305,0.724375
1306,0.727908
1307,0.726269
1308,0.724743
1309,0.722387
1310,0.723851
1311,0.726216
1312,0.723327
1313,0.723956
1314,0.724743
1315,0.726744
1316,0.726586
1317,0.727643
1318,0.728598
1319,0.726744
1320,0.727008
1321,0.72648
1322,0.727908
1323,0.728704
1324,0.729767
1325,0.7303
1326,0.733138
1327,0.739754
1328,0.738498
1329,0.737735
1330,0.735727
1331,0.735673
1332,0.737409
1333,0.735024
1334,0.735186
1335,0.733407
1336,0.735402
1337,0.735835
1338,0.737572
1339,0.736377
1340,0.734862
1341,0.732923
1342,0.730194
1343,0.731689
1344,0.73692
1345,0.735889
1346,0.737354
1347,0.736703
1348,0.737191
1349,0.735024
1350,0.736377
1351,0.735835
1352,0.733568
1353,0.734916
1354,0.735835
1355,0.735835
1356,0.735673
1357,0.735727
1358,0.736485
1359,0.736106
1360,0.737191
1361,0.742887
1362,0.74599
1363,0.746547
1364,0.747775
1365,0.744491
1366,0.744325
1367,0.744602
1368,0.746659
1369,0.746826
1370,0.743716
1371,0.744435
1372,0.743218
1373,0.73828
1374,0.7303
1375,0.732064
1376,0.733407
1377,0.735943
1378,0.734754
1379,0.736648
1380,0.739372
1381,0.742721
1382,0.742942
1383,0.741015
1384,0.740192
1385,0.743771
1386,0.746603
1387,0.752729
1388,0.751202
1389,0.748783
1390,0.750863
1391,0.748615
1392,0.747664
1393,0.746938
1394,0.747719
1395,0.747664
1396,0.746993
1397,0.74677
1398,0.747943
1399,0.740741
1400,0.730727
1401,0.729661
1402,0.731797
1403,0.732064
1404,0.729714
1405,0.734214
1406,0.746213
1407,0.74195
1408,0.744713
1409,0.742005
1410,0.739919
1411,0.735835
1412,0.736648
1413,0.737463
1414,0.739481
1415,0.740192
1416,0.738716
1417,0.737626
1418,0.737463
1419,0.73959
1420,0.739919
1421,0.739098
1422,0.739098
1423,0.738443
1424,0.739481
1425,0.737191
1426,0.736106
1427,0.735998
1428,0.732064
1429,0.731957
1430,0.731422
1431,0.732172
1432,0.730727
1433,0.726956
1434,0.724533
1435,0.726006
1436,0.726533
1437,0.727537
1438,0.727537
1439,0.726691
1440,0.726216
1441,0.731261
1442,0.734214
1443,0.733299
1444,0.734592
1445,0.73524
1446,0.735024
1447,0.732332
1448,0.73654
1449,0.739098
1450,0.738498
1451,0.736757
1452,0.734808
1453,0.73443
1454,0.732654
1455,0.732869
1456,0.733945
1457,0.731689
1458,0.73046
1459,0.733138
1460,0.732493
1461,0.73046
1462,0.729395
1463,0.729661
1464,0.726322
1465,0.723484
1466,0.723851
1467,0.725953
1468,0.727643
1469,0.727908
1470,0.727326
1471,0.725689
1472,0.728067
1473,0.731689
1474,0.730087
1475,0.728598
1476,0.728438
1477,0.728757
1478,0.725216
1479,0.725058
1480,0.723589
1481,0.723851
1482,0.725268
1483,0.726903
1484,0.726111
1485,0.727167
1486,0.727537
1487,0.727537
1488,0.728438
1489,0.729395
1490,0.729076
1491,0.72881
1492,0.729022
1493,0.729501
1494,0.731636
1495,0.731529
1496,0.731048
1497,0.730994
1498,0.731101
1499,0.733138
1500,0.73551
1501,0.735781
1502,0.735348
1503,0.734592
1504,0.734107
1505,0.733837
1506,0.733353
1507,0.733407
1508,0.733407
1509,0.733407
1510,0.738116
1511,0.737518
1512,0.73692
1513,0.736431
1514,0.736974
1515,0.736269
1516,0.735943
1517,0.736757
1518,0.737137
1519,0.737191
1520,0.7373
1521,0.736648
1522,0.737191
1523,0.734484
1524,0.734268
1525,0.733999
1526,0.734053
1527,0.734214
1528,0.732869
1529,0.733676
1530,0.733783
1531,0.734484
1532,0.733891
1533,0.733945
1534,0.733622
1535,0.732172
1536,0.731797
1537,0.730887
1538,0.730994
1539,0.731743
1540,0.730674
1541,0.730353
1542,0.730727
1543,0.730994
1544,0.729927
1545,0.727961
1546,0.728598
1547,0.728544
1548,0.727114
1549,0.727484
1550,0.72648
1551,0.728969
1552,0.730727
1553,0.729714
1554,0.730353
1555,0.730407
1556,0.732064
1557,0.732816
1558,0.731582
1559,0.733138
1560,0.732279
1561,0.731636
1562,0.73046
1563,0.731797
1564,0.73185
1565,0.73046
1566,0.730887
1567,0.731208
1568,0.732332
1569,0.734322
1570,0.735294
1571,0.734592
1572,0.733783
1573,0.732225
1574,0.733407
1575,0.733299
1576,0.734754
1577,0.730834
1578,0.729341
1579,0.730194
1580,0.73046
1581,0.729714
1582,0.730194
1583,0.730194
1584,0.729022
1585,0.728544
1586,0.731101
1587,0.731315
1588,0.731208
1589,0.729129
1590,0.728863
1591,0.728544
1592,0.727484
1593,0.728651
1594,0.727961
1595,0.727431
1596,0.729129
1597,0.727008
1598,0.726903
1599,0.727537
1600,0.728757
1601,0.728704
1602,0.728704
1603,0.729129
1604,0.727379
1605,0.727537
1606,0.725953
1607,0.727749
1608,0.728067
1609,0.728067
1610,0.727802
1611,0.728969
1612,0.729927
1613,0.729448
1614,0.731208
1615,0.731797
1616,0.731743
1617,0.730727
1618,0.730034
1619,0.72998
1620,0.729767
1621,0.727961
1622,0.728332
1623,0.729395
1624,0.728969
1625,0.729395
1626,0.729767
1627,0.729661
1628,0.729341
1629,0.729076
1630,0.729235
1631,0.730994
1632,0.731797
1633,0.731048
1634,0.731529
1635,0.731101
1636,0.733568
1637,0.734214
1638,0.733999
1639,0.734214
1640,0.734808
1641,0.737844
1642,0.738661
1643,0.738062
1644,0.738116
1645,0.739864
1646,0.739317
1647,0.738607
1648,0.737735
1649,0.739536
1650,0.741125
1651,0.742115
1652,0.743605
1653,0.744103
1654,0.743108
1655,0.743771
1656,0.743605
1657,0.743273
1658,0.745323
1659,0.745768
1660,0.749176
1661,0.748559
1662,0.750188
1663,0.751315
1664,0.750638
1665,0.750751
1666,0.748951
1667,0.749794
1668,0.749457
1669,0.748055
1670,0.745212
1671,0.744823
1672,0.745156
1673,0.746659
1674,0.746659
1675,0.745545
1676,0.74499
1677,0.742611
1678,0.741345
1679,0.739919
1680,0.74151
1681,0.739372
1682,0.736106
1683,0.735564
1684,0.737735
1685,0.736974
1686,0.733945
1687,0.736974
1688,0.733945
1689,0.731957
1690,0.731797
1691,0.731475
1692,0.730727
1693,0.731261
1694,0.731261
1695,0.732225
1696,0.733299
1697,0.730087
1698,0.730834
1699,0.730087
1700,0.728014
1701,0.727696
1702,0.730674
1703,0.73692
1704,0.738934
1705,0.739536
1706,0.74184
1707,0.74129
1708,0.740466
1709,0.745101
1710,0.746714
1711,0.746324
1712,0.747105
1713,0.748671
1714,0.745323
1715,0.74151
1716,0.743882
1717,0.745879
1718,0.743218
1719,0.74173
1720,0.74217
1721,0.74438
1722,0.744546
1723,0.744602
1724,0.74162
1725,0.741125
1726,0.739754
1727,0.737572
1728,0.737626
1729,0.739044
1730,0.740631
1731,0.736648
1732,0.735835
1733,0.735456
1734,0.733945
1735,0.734053
1736,0.734646
1737,0.732064
1738,0.731475
1739,0.731529
1740,0.731261
1741,0.729927
1742,0.730834
1743,0.732654
1744,0.730994
1745,0.729395
1746,0.731689
1747,0.733138
1748,0.733514
1749,0.733353
1750,0.730247
1751,0.727484
1752,0.725163
1753,0.7249
1754,0.724533
1755,0.725689
1756,0.725742
1757,0.727484
1758,0.726216
1759,0.724113
1760,0.722804
1761,0.721241
1762,0.720617
1763,0.720098
1764,0.718236
1765,0.719735
1766,0.720461
1767,0.720357
1768,0.718597
1769,0.715512
1770,0.715052
1771,0.715973
1772,0.71541
1773,0.715564
1774,0.714592
1775,0.71541
1776,0.716486
1777,0.717257
1778,0.717978
1779,0.716025
1780,0.714541
1781,0.715359
1782,0.715768
1783,0.719683
1784,0.722909
1785,0.723956
1786,0.725637
1787,0.723746
1788,0.722804
1789,0.718907
1790,0.719424
1791,0.721397
1792,0.721709
1793,0.725111
1794,0.729661
1795,0.728863
1796,0.727273
1797,0.731689
1798,0.729022
1799,0.72722
1800,0.723432
1801,0.722387
1802,0.723746
1803,0.724743
1804,0.725637
1805,0.727802
1806,0.726744
1807,0.726533
1808,0.722543
1809,0.721241
1810,0.721397
1811,0.720981
1812,0.723327
1813,0.724428
1814,0.722282
1815,0.721501
1816,0.720825
1817,0.720357
1818,0.718133
1819,0.719683
1820,0.718597
1821,0.716949
1822,0.723746
1823,0.723851
1824,0.724113
1825,0.72448
1826,0.726216
1827,0.728014
1828,0.726639
1829,0.727537
1830,0.728332
1831,0.728014
1832,0.729661
1833,0.73046
1834,0.729501
1835,0.728014
1836,0.725637
1837,0.727484
1838,0.727484
1839,0.723694
1840,0.724008
1841,0.722961
1842,0.722126
1843,0.721241
1844,0.721761
1845,0.723956
1846,0.723589
1847,0.719891
1848,0.724743
1849,0.723851
1850,0.720929
1851,0.720721
1852,0.717978
1853,0.71772
1854,0.717772
1855,0.718081
1856,0.719062
1857,0.719269
1858,0.720098
1859,0.716794
1860,0.717412
1861,0.716589
1862,0.716949
1863,0.718546
1864,0.716794
1865,0.718546
1866,0.720565
1867,0.719942
1868,0.722282
1869,0.7227
1870,0.721605
1871,0.72338
1872,0.722282
1873,0.721917
1874,0.718391
1875,0.717618
1876,0.718288
1877,0.718701
1878,0.720046
1879,0.718856
1880,0.719321
1881,0.719942
1882,0.719269
1883,0.720721
1884,0.722439
1885,0.722596
1886,0.722126
1887,0.72338
1888,0.725111
1889,0.727431
1890,0.729235
1891,0.728969
1892,0.728332
1893,0.728491
1894,0.727431
1895,0.7249
1896,0.723275
1897,0.721241
1898,0.720981
1899,0.721501
1900,0.722022
1901,0.719942
1902,0.718649
1903,0.719683
1904,0.718391
1905,0.715256
1906,0.709723
1907,0.713521
1908,0.71048
1909,0.70927
1910,0.710985
1911,0.712301
1912,0.714031
1913,0.713012
1914,0.709471
1915,0.710682
1916,0.709723
1917,0.710126
1918,0.707864
1919,0.706764
1920,0.706964
1921,0.706464
1922,0.70373
1923,0.705716
1924,0.70373
1925,0.705219
1926,0.702001
1927,0.702001
1928,0.702001
1929,0.703334
1930,0.705219
1931,0.702889
1932,0.702741
1933,0.703087
1934,0.703037
1935,0.702149
1936,0.702198
1937,0.703829
1938,0.703631
1939,0.702395
1940,0.70279
1941,0.702001
1942,0.697934
1943,0.697107
1944,0.696185
1945,0.696621
1946,0.696573
1947,0.694541
1948,0.696136
1949,0.699888
1950,0.701508
1951,0.701066
1952,0.698812
1953,0.699447
1954,0.69847
1955,0.701508
1956,0.697107
1957,0.696282
1958,0.696961
1959,0.695943
1960,0.696088
1961,0.694927
1962,0.692665
1963,0.689275
1964,0.687002
1965,0.68975
1966,0.687521
1967,0.686436
1968,0.6832
1969,0.686719
1970,0.688279
1971,0.689085
1972,0.691037
1973,0.695024
1974,0.700035
1975,0.69667
1976,0.699545
1977,0.696233
1978,0.695265
1979,0.692953
1980,0.694203
1981,0.696621
1982,0.702494
1983,0.703977
1984,0.701951
1985,0.703334
1986,0.702642
1987,0.703977
1988,0.702445
1989,0.701754
1990,0.704871
1991,0.703136
1992,0.70497
1993,0.70497
1994,0.707064
1995,0.707214
1996,0.71048
1997,0.708567
1998,0.70922
1999,0.707314
2000,0.705965
2001,0.704771
2002,0.705219
2003,0.705119
2004,0.703235
2005,0.704325
2006,0.709069
2007,0.708215
2008,0.706864
2009,0.702988
2010,0.705219
2011,0.705467
2012,0.704473
2013,0.70373
2014,0.70497
2015,0.703087
2016,0.701951
2017,0.701705
2018,0.700967
2019,0.698324
2020,0.697107
2021,0.694686
2022,0.695943
2023,0.699545
2024,0.70028
2025,0.698812
2026,0.697983
2027,0.697107
2028,0.696379
2029,0.695169
2030,0.694927
2031,0.695604
2032,0.699203
2033,0.69735
2034,0.696864
2035,0.694927
2036,0.694879
2037,0.694444
2038,0.69604
2039,0.697593
2040,0.698178
2041,0.692137
2042,0.690608
2043,0.689275
2044,0.689798
2045,0.68956
2046,0.68975
2047,0.690846
2048,0.689845
2049,0.687332
2050,0.686436
2051,0.687002
2052,0.686295
2053,0.686436
2054,0.687616
2055,0.688231
2056,0.686907
2057,0.685589
2058,0.685307
2059,0.684838
2060,0.68171
2061,0.680226
2062,0.680967
2063,0.678426
2064,0.679902
2065,0.683293
2066,0.680735
2067,0.680504
2068,0.679671
2069,0.680365
2070,0.680272
2071,0.681756
2072,0.680596
2073,0.679302
2074,0.679486
2075,0.682221
2076,0.680921
2077,0.681431
2078,0.678887
2079,0.678794
2080,0.678196
2081,0.67714
2082,0.675676
2083,0.676315
2084,0.676133
2085,0.673401
2086,0.671592
2087,0.671817
2088,0.672043
2089,0.670107
2090,0.668583
2091,0.668762
2092,0.667601
2093,0.664894
2094,0.665646
2095,0.664938
2096,0.66291
2097,0.661726
2098,0.659848
2099,0.660502
2100,0.659848
2101,0.654365
2102,0.657073
2103,0.658892
2104,0.657333
2105,0.659979
2106,0.659196
2107,0.658501
2108,0.656039
2109,0.654236
2110,0.652103
2111,0.653381
2112,0.648508
2113,0.645453
2114,0.64487
2115,0.639795
2116,0.634115
2117,0.637267
2118,0.635122
2119,0.643708
2120,0.649984
2121,0.649562
2122,0.655093
2123,0.655179
2124,0.657462
2125,0.660284
2126,0.659457
2127,0.665779
2128,0.664982
2129,0.655523
2130,0.653808
2131,0.655008
2132,0.653808
2133,0.65445
2134,0.661376
2135,0.661026
2136,0.661989
2137,0.666134
2138,0.655222
2139,0.650872
2140,0.644953
2141,0.642261
2142,0.64433
2143,0.654108
2144,0.647878
2145,0.646831
2146,0.645786
2147,0.646621
2148,0.646705
2149,0.648088
2150,0.645578
2151,0.649773
2152,0.643087
2153,0.647962
2154,0.647459
2155,0.647249
2156,0.649562
2157,0.648508
2158,0.645286
2159,0.648004
2160,0.652529
2161,0.656168
2162,0.655867
2163,0.658979
2164,0.652955
2165,0.651466
2166,0.646831
2167,0.645453
2168,0.644122
2169,0.643087
2170,0.645703
2171,0.642797
2172,0.645161
2173,0.647165
2174,0.646329
2175,0.645745
2176,0.647668
2177,0.650787
2178,0.656383
2179,0.652316
2180,0.650703
2181,0.651975
2182,0.651466
2183,0.650449
2184,0.647794
2185,0.647878
2186,0.648761
2187,0.648424
2188,0.64914
2189,0.648508
2190,0.649773
2191,0.648424
2192,0.647333
2193,0.645411
2194,0.643915
2195,0.644496
2196,0.644538
2197,0.644122
2198,0.64433
2199,0.645494
2200,0.650407
2201,0.654721
2202,0.658267
2203,0.661988
2204,0.661662
2205,0.661051
2206,0.664165
2207,0.662867
2208,0.654042
2209,0.654219
2210,0.653952
2211,0.653851
2212,0.653223
2213,0.657098
2214,0.661182
2215,0.658585
2216,0.66035
2217,0.658226
2218,0.657526
2219,0.655308
2220,0.662996
2221,0.663419
2222,0.660914
2223,0.660962
2224,0.670105
2225,0.672604
2226,0.672089
2227,0.669502
2228,0.669501
2229,0.671592
2230,0.669995
2231,0.669032
2232,0.667156
2233,0.666978
2234,0.672159
2235,0.671006
2236,0.66856
2237,0.668649
2238,0.667423
2239,0.664542
2240,0.663527
2241,0.656708
2242,0.657566
2243,0.654944
2244,0.6555
2245,0.659283
2246,0.659914
2247,0.659239
2248,0.655883
2249,0.657077
2250,0.656188
2251,0.654664
2252,0.654171
2253,0.657225
2254,0.658354
2255,0.659869
2256,0.663769
2257,0.663679
2258,0.665071
2259,0.662098
2260,0.660566
2261,0.661047
2262,0.661025
2263,0.662868
2264,0.665912
2265,0.666778
2266,0.665625
2267,0.666134
2268,0.667356
2269,0.665779
2270,0.669254
2271,0.671297
2272,0.669904
2273,0.670849
2274,0.673354
2275,0.674289
2276,0.671366
2277,0.67195
2278,0.674971
2279,0.676849
2280,0.676538
2281,0.675977
2282,0.677277
2283,0.681871
2284,0.686197
2285,0.689624
2286,0.68793
2287,0.686333
2288,0.686676
2289,0.685867
2290,0.685484
2291,0.687934
2292,0.684625
2293,0.68539
2294,0.683495
2295,0.684859
2296,0.684971
2297,0.68197
2298,0.681995
2299,0.684687
2300,0.685299
2301,0.679299
2302,0.678395
2303,0.679212
2304,0.677251
2305,0.674014
2306,0.675765
2307,0.677347
2308,0.679935
2309,0.679294
2310,0.679889
2311,0.679256
2312,0.684632
2313,0.685224
2314,0.685299
2315,0.683237
2316,0.685473
2317,0.684394
2318,0.682762
2319,0.679389
2320,0.680749
2321,0.678613
2322,0.680016
2323,0.68357
2324,0.681027
2325,0.677645
2326,0.679076
2327,0.68269
2328,0.681933
2329,0.681515
2330,0.680749
2331,0.680479
2332,0.679112
2333,0.67488
2334,0.674334
2335,0.675762
2336,0.674784
2337,0.674245
2338,0.670555
2339,0.670042
2340,0.666223
2341,0.66589
2342,0.663549
2343,0.662472
2344,0.661116
2345,0.662277
2346,0.663064
2347,0.664144
2348,0.668786
2349,0.671165
2350,0.669254
2351,0.664916
2352,0.664959
2353,0.666667
2354,0.671296
2355,0.673672
2356,0.676457
2357,0.67488
2358,0.675999
2359,0.674309
2360,0.669568
2361,0.668831
2362,0.668673
2363,0.66845
2364,0.66836
2365,0.665646
2366,0.670107
2367,0.670396
2368,0.669007
2369,0.673353
2370,0.669321
2371,0.670379
2372,0.669814
2373,0.672045
2374,0.675741
2375,0.678262
2376,0.68034
2377,0.678972
2378,0.677511
2379,0.677575
2380,0.678494
2381,0.676133
2382,0.679188
2383,0.680834
2384,0.678235
2385,0.678678
2386,0.679263
2387,0.682442
2388,0.683132
2389,0.680272
2390,0.678802
2391,0.680365
2392,0.680716
2393,0.680367
2394,0.679739
2395,0.678157
2396,0.677695
2397,0.674926
2398,0.674405
2399,0.673714
2400,0.669075
2401,0.671251
2402,0.671521
2403,0.673177
2404,0.676985
2405,0.678402
2406,0.680011
2407,0.679448
2408,0.678916
2409,0.679101
2410,0.681537
2411,0.680466
2412,0.680398
2413,0.682572
2414,0.684053
2415,0.680967
2416,0.678382
2417,0.679489
2418,0.683725
2419,0.683072
2420,0.680278
2421,0.681546
2422,0.683539
2423,0.683649
2424,0.683883
2425,0.682529
2426,0.680806
2427,0.680831
2428,0.68063
2429,0.677787
2430,0.678911
2431,0.678198
2432,0.676195
2433,0.675817
2434,0.678334
2435,0.677741
2436,0.676469
2437,0.678155
2438,0.676317
2439,0.675791
2440,0.674831
2441,0.674218
2442,0.676429
2443,0.676841
2444,0.675542
2445,0.676721
2446,0.677413
2447,0.678724
2448,0.681515
2449,0.689322
2450,0.688025
2451,0.693342
2452,0.68843
2453,0.689106
2454,0.686775
2455,0.684863
2456,0.686693
2457,0.686475
2458,0.686946
2459,0.689527
2460,0.689506
2461,0.689413
2462,0.689815
2463,0.688494
2464,0.690746
2465,0.694964
2466,0.694167
2467,0.694649
2468,0.695507
2469,0.696814
2470,0.69012
2471,0.688947
2472,0.691001
2473,0.692654
2474,0.694304
2475,0.691186
2476,0.691802
2477,0.69133
2478,0.692606
2479,0.689655
2480,0.689292
2481,0.687543
2482,0.685983
2483,0.68924
2484,0.688266
2485,0.68893
2486,0.687677
2487,0.685062
2488,0.683352
2489,0.68316
2490,0.688343
2491,0.689042
2492,0.688167
2493,0.688679
2494,0.69012
2495,0.688459
2496,0.688805
2497,0.688262
2498,0.687118
2499,0.687032
2500,0.686758
2501,0.686051
2502,0.684877
2503,0.682985
2504,0.678032
2505,0.678032
2506,0.680896
2507,0.68154
2508,0.680915
2509,0.680267
2510,0.681657
2511,0.686214
2512,0.687015
2513,0.687603
2514,0.685589
2515,0.687251
2516,0.689396
2517,0.689781
2518,0.6868
2519,0.689076
2520,0.68711
2521,0.686342
2522,0.682432
2523,0.682432
2524,0.683995
2525,0.680566
2526,0.675497
2527,0.672992
2528,0.676546
2529,0.678402
2530,0.678293
2531,0.67887
2532,0.677944
2533,0.680902
2534,0.67719
2535,0.67764
2536,0.674427
2537,0.676658
2538,0.672835
2539,0.670307
2540,0.668852
2541,0.670892
2542,0.670827
2543,0.671275
2544,0.672743
2545,0.672743
2546,0.672858
2547,0.672565
2548,0.672136
2549,0.667
2550,0.667111
2551,0.668874
2552,0.667713
2553,0.663702
2554,0.661636
2555,0.664983
2556,0.666933
2557,0.666733
2558,0.665381
2559,0.668896
2560,0.670896
2561,0.677557
2562,0.677616
2563,0.677938
2564,0.675793
2565,0.677848
2566,0.67895
2567,0.67847
2568,0.681137
2569,0.680063
2570,0.678996
2571,0.681379
2572,0.681663
2573,0.679421
2574,0.678264
2575,0.677984
2576,0.671932
2577,0.674289
2578,0.673085
2579,0.675542
2580,0.674447
2581,0.675198
2582,0.674767
2583,0.672448
2584,0.673401
2585,0.67367
2586,0.674904
2587,0.676998
2588,0.676087
2589,0.674403
2590,0.675583
2591,0.674013
2592,0.67542
2593,0.67824
2594,0.677942
2595,0.679908
2596,0.681601
2597,0.682432
2598,0.681106
2599,0.682196
2600,0.678702
2601,0.676158
2602,0.672697
2603,0.674601
2604,0.676359
2605,0.673336
2606,0.669703
2607,0.67279
2608,0.672587
2609,0.674287
2610,0.674444
2611,0.674444
2612,0.673761
2613,0.675152
2614,0.677623
2615,0.678428
2616,0.678266
2617,0.677325
2618,0.674513
2619,0.673491
2620,0.673739
2621,0.674013
2622,0.67472
2623,0.674397
2624,0.678034
2625,0.679859
2626,0.679506
2627,0.678654
2628,0.676158
2629,0.674014
2630,0.677964
2631,0.676343
2632,0.675902
2633,0.677
2634,0.671254
2635,0.672136
2636,0.673313
2637,0.672583
2638,0.674104
2639,0.674174
2640,0.671932
2641,0.671999
2642,0.672249
2643,0.672153
2644,0.666644
2645,0.665049
2646,0.664519
2647,0.663018
2648,0.666289
2649,0.66749
2650,0.668986
2651,0.664938
2652,0.665734
2653,0.666089
2654,0.664076
2655,0.658325
2656,0.661987
2657,0.657896
2658,0.658282
2659,0.661877
2660,0.662712
2661,0.660896
2662,0.662408
2663,0.659285
2664,0.6607
2665,0.657137
2666,0.653553
2667,0.652845
2668,0.65666
2669,0.652824
2670,0.653228
2671,0.652611
2672,0.653123
2673,0.651827
2674,0.648274
2675,0.647387
2676,0.647474
2677,0.647688
2678,0.646304
2679,0.643908
2680,0.643331
2681,0.641203
2682,0.641816
2683,0.645301
2684,0.645845
2685,0.646642
2686,0.649685
2687,0.652485
2688,0.649307
2689,0.646928
2690,0.651886
2691,0.647122
2692,0.647768
2693,0.648524
2694,0.654749
2695,0.653377
2696,0.658195
2697,0.656254
2698,0.65453
2699,0.658022
2700,0.658478
2701,0.657807
2702,0.655303
2703,0.656188
2704,0.657028
2705,0.657591
2706,0.659261
2707,0.662031
2708,0.661747
2709,0.661002
2710,0.6666
2711,0.667468
2712,0.668159
2713,0.670129
2714,0.66807
2715,0.665026
2716,0.667245
2717,0.66883
2718,0.668919
2719,0.666311
2720,0.66921
2721,0.665358
2722,0.665003
2723,0.663944
2724,0.661901
2725,0.661659
2726,0.661417
2727,0.664539
2728,0.662383
2729,0.659801
2730,0.664473
2731,0.664209
2732,0.665668
2733,0.665402
2734,0.667022
2735,0.669525
2736,0.667691
2737,0.663062
2738,0.662054
2739,0.661439
2740,0.662339
2741,0.661222
2742,0.657093
2743,0.65718
2744,0.654772
2745,0.651781
2746,0.64954
2747,0.650907
2748,0.649217
2749,0.650783
2750,0.650213
2751,0.651292
2752,0.654255
2753,0.654554
2754,0.650146
2755,0.646344
2756,0.647728
2757,0.648086
2758,0.64874
2759,0.644924
2760,0.647011
2761,0.646236
2762,0.644079
2763,0.647623
2764,0.642357
2765,0.638544
2766,0.638035
2767,0.639711
2768,0.63823
2769,0.634756
2770,0.637846
2771,0.639642
2772,0.641013
2773,0.635826
2774,0.635232
2775,0.634437
2776,0.633673
2777,0.632635
2778,0.634287
2779,0.634854
2780,0.6363
2781,0.639481
2782,0.639683
2783,0.642579
2784,0.641818
2785,0.640039
2786,0.639969
2787,0.640943
2788,0.638352
2789,0.638932
2790,0.645467
2791,0.645661
2792,0.645761
2793,0.64689
2794,0.64593
2795,0.64834
2796,0.648212
2797,0.651316
2798,0.652654
2799,0.652868
2800,0.652096
2801,0.651249
2802,0.64844
2803,0.648023
2804,0.648907
2805,0.647785
2806,0.644652
2807,0.644015
2808,0.646636
2809,0.649706
2810,0.651102
2811,0.651143
2812,0.650571
2813,0.648986
2814,0.644681
2815,0.6463
2816,0.6472
2817,0.647659
2818,0.651102
2819,0.647916
2820,0.650251
2821,0.650592
2822,0.651079
2823,0.653057
2824,0.656447
2825,0.657114
2826,0.65798
2827,0.658021
2828,0.656206
2829,0.658867
2830,0.65798
2831,0.657806
2832,0.651759
2833,0.651565
2834,0.652273
2835,0.656446
2836,0.656206
2837,0.657631
2838,0.65889
2839,0.658888
2840,0.657009
2841,0.660085
2842,0.660391
2843,0.662011
2844,0.662011
2845,0.661091
2846,0.656616
2847,0.657264
2848,0.658132
2849,0.655156
2850,0.652438
2851,0.651587
2852,0.650485
2853,0.650216
2854,0.650442
2855,0.648863
2856,0.647198
2857,0.649223
2858,0.649787
2859,0.652036
2860,0.652353
2861,0.654192
2862,0.652123
2863,0.650695
2864,0.651719
2865,0.652996
2866,0.65565
2867,0.651098
2868,0.651992
2869,0.649794
2870,0.64949
2871,0.650044
2872,0.650865
2873,0.654664
2874,0.650146
2875,0.648445
2876,0.647417
2877,0.646033
2878,0.648249
2879,0.649328
2880,0.649556
2881,0.64924
2882,0.649279
2883,0.646842
2884,0.647375
2885,0.64491
2886,0.644739
2887,0.641077
2888,0.642167
2889,0.641945
2890,0.638727
2891,0.639836
2892,0.639987
2893,0.639276
2894,0.639046
2895,0.636975
2896,0.635867
2897,0.637012
2898,0.636514
2899,0.636326
2900,0.636549
2901,0.636448
2902,0.635962
2903,0.633076
2904,0.633226
2905,0.63539
2906,0.637889
2907,0.637511
2908,0.637584
2909,0.639885
2910,0.640133
2911,0.638628
2912,0.637831
2913,0.638972
2914,0.640164
2915,0.64197
2916,0.639159
2917,0.636587
2918,0.633684
2919,0.634747
2920,0.63367
2921,0.636132
2922,0.635214
2923,0.635419
2924,0.634357
2925,0.635033
2926,0.63367
2927,0.62999
2928,0.628279
2929,0.627707
2930,0.627963
2931,0.625391
2932,0.625469
2933,0.623908
2934,0.62751
2935,0.627943
2936,0.629961
2937,0.629109
2938,0.630517
2939,0.627235
2940,0.624493
2941,0.624922
2942,0.625489
2943,0.624805
2944,0.627235
2945,0.630955
2946,0.632391
2947,0.635789
2948,0.634035
2949,0.636436
2950,0.635586
2951,0.635647
2952,0.63478
2953,0.633633
2954,0.633754
2955,0.638447
2956,0.637714
2957,0.641355
2958,0.638978
2959,0.635243
2960,0.63484
2961,0.633312
2962,0.630736
2963,0.62692
2964,0.624493
2965,0.6259
2966,0.627727
2967,0.628082
2968,0.626253
2969,0.626253
2970,0.626782
2971,0.6259
2972,0.626645
2973,0.625782
2974,0.626017
2975,0.624512
2976,0.627156
2977,0.629089
2978,0.626331
2979,0.62054
2980,0.618582
2981,0.620155
2982,0.621697
2983,0.624376
2984,0.623519
2985,0.621987
2986,0.623986
2987,0.62822
2988,0.629901
2989,0.627805
2990,0.628852
2991,0.626233
2992,0.625743
2993,0.622801
2994,0.625684
2995,0.625919
2996,0.628792
2997,0.628299
2998,0.628871
2999,0.628042
3000,0.629188