Time,Heart rate
1/1/00 6:00:00,84.2697
1/1/00 6:00:05,84.2697
1/1/00 6:00:10,84.0619
1/1/00 6:00:15,85.6542
1/1/00 6:00:20,87.2093
1/1/00 6:00:25,87.1246
1/1/00 6:00:30,86.8726
1/1/00 6:00:35,86.7052
1/1/00 6:00:40,87.5899
1/1/00 6:00:45,89.1475
1/1/00 6:00:50,89.8204
1/1/00 6:00:55,89.8204
1/1/00 6:01:00,90.4375
1/1/00 6:01:05,91.7605
1/1/00 6:01:10,93.1081
1/1/00 6:01:15,94.3291
1/1/00 6:01:20,95.8003
1/1/00 6:01:25,97.5119
1/1/00 6:01:30,98.7457
1/1/00 6:01:35,98.904
1/1/00 6:01:40,98.3437
1/1/00 6:01:45,98.3075
1/1/00 6:01:50,98.8313
1/1/00 6:01:55,99.0789
1/1/00 6:02:00,98.8157
1/1/00 6:02:05,98.2998
1/1/00 6:02:10,97.7311
1/1/00 6:02:15,97.6471
1/1/00 6:02:20,97.7922
1/1/00 6:02:25,97.2974
1/1/00 6:02:30,96.2042
1/1/00 6:02:35,95.2318
1/1/00 6:02:40,94.9367
1/1/00 6:02:45,95.0867
1/1/00 6:02:50,95.389
1/1/00 6:02:55,95.5414
1/1/00 6:03:00,95.2439
1/1/00 6:03:05,94.9415
1/1/00 6:03:10,95.3557
1/1/00 6:03:15,96.3423
1/1/00 6:03:20,97.1563
1/1/00 6:03:25,97.4026
1/1/00 6:03:30,96.7028
1/1/00 6:03:35,96.5516
1/1/00 6:03:40,97.9837
1/1/00 6:03:45,98.9879
1/1/00 6:03:50,97.6312
1/1/00 6:03:55,95.4064
1/1/00 6:04:00,93.8603
1/1/00 6:04:05,93.0552
1/1/00 6:04:10,94.6012
1/1/00 6:04:15,95.8476
1/1/00 6:04:20,95.7692
1/1/00 6:04:25,95.9236
1/1/00 6:04:30,95.7692
1/1/00 6:04:35,95.9211
1/1/00 6:04:40,95.8501
1/1/00 6:04:45,94.6703
1/1/00 6:04:50,93.0993
1/1/00 6:04:55,91.972
1/1/00 6:05:00,91.7821
1/1/00 6:05:05,91.7911
1/1/00 6:05:10,90.807
1/1/00 6:05:15,89.3196
1/1/00 6:05:20,88.1511
1/1/00 6:05:25,88.7762
1/1/00 6:05:30,90.2265
1/1/00 6:05:35,90.8066
1/1/00 6:05:40,91.2284
1/1/00 6:05:45,92.4238
1/1/00 6:05:50,93.243
1/1/00 6:05:55,92.8472
1/1/00 6:06:00,92.5926
1/1/00 6:06:05,91.7778
1/1/00 6:06:10,91.2974
1/1/00 6:06:15,91.6364
1/1/00 6:06:20,91.2952
1/1/00 6:06:25,91.771
1/1/00 6:06:30,93.2285
1/1/00 6:06:35,93.3199
1/1/00 6:06:40,91.8799
1/1/00 6:06:45,91.2239
1/1/00 6:06:50,92.4055
1/1/00 6:06:55,93.8716
1/1/00 6:07:00,94.5825
1/1/00 6:07:05,94.5594
1/1/00 6:07:10,94.9453
1/1/00 6:07:15,96.2412
1/1/00 6:07:20,96.6879
1/1/00 6:07:25,95.8295
1/1/00 6:07:30,94.7819
1/1/00 6:07:35,93.4731
1/1/00 6:07:40,92.7997
1/1/00 6:07:45,92.963
1/1/00 6:07:50,92.6996
1/1/00 6:07:55,91.9648
1/1/00 6:08:00,91.2417
1/1/00 6:08:05,91.9312
1/1/00 6:08:10,93.9548
1/1/00 6:08:15,95.3044
1/1/00 6:08:19,95.2511
1/1/00 6:08:24,94.5358
1/1/00 6:08:29,93.8093
1/1/00 6:08:34,93.2287
1/1/00 6:08:39,92.2065
1/1/00 6:08:44,92.1588
1/1/00 6:08:49,93.6376
1/1/00 6:08:54,94.899
1/1/00 6:08:59,95.1592
1/1/00 6:09:04,95.2415
1/1/00 6:09:09,95.5414
1/1/00 6:09:14,95.0971
1/1/00 6:09:19,94.528
1/1/00 6:09:24,95.5887
1/1/00 6:09:29,96.4715
1/1/00 6:09:34,96.6158
1/1/00 6:09:39,97.0769
1/1/00 6:09:44,96.8531
1/1/00 6:09:49,96.3947
1/1/00 6:09:54,97.4291
1/1/00 6:09:59,98.1767
1/1/00 6:10:04,97.0148
1/1/00 6:10:09,96.044
1/1/00 6:10:14,95.9581
1/1/00 6:10:19,96.4814
1/1/00 6:10:24,96.5211
1/1/00 6:10:29,95.3629
1/1/00 6:10:34,93.5741
1/1/00 6:10:39,92.077
1/1/00 6:10:44,90.4094
1/1/00 6:10:49,90.1751
1/1/00 6:10:54,91.3312
1/1/00 6:10:59,91.2883
1/1/00 6:11:04,89.0592
1/1/00 6:11:09,87.052
1/1/00 6:11:14,86.6226
1/1/00 6:11:19,85.7889
1/1/00 6:11:24,85.6348
1/1/00 6:11:29,85.3911
1/1/00 6:11:34,83.8064
1/1/00 6:11:39,82.8729
1/1/00 6:11:44,82.6266
1/1/00 6:11:49,82.645
1/1/00 6:11:54,82.645
1/1/00 6:11:59,82.645
1/1/00 6:12:04,82.645
1/1/00 6:12:09,82.645
1/1/00 6:12:14,82.645
1/1/00 6:12:19,82.645
1/1/00 6:12:24,82.645
1/1/00 6:12:29,82.645
1/1/00 6:12:34,95.0292
1/1/00 6:12:39,95.6378
1/1/00 6:12:44,95.3338
1/1/00 6:12:49,94.6154
1/1/00 6:12:54,94.717
1/1/00 6:12:59,94.4172
1/1/00 6:13:04,93.071
1/1/00 6:13:09,92.4772
1/1/00 6:13:14,92.7607
1/1/00 6:13:19,92.308
1/1/00 6:13:24,92.0245
1/1/00 6:13:29,91.0371
1/1/00 6:13:34,90.0865
1/1/00 6:13:39,90.1796
1/1/00 6:13:44,90.0281
1/1/00 6:13:49,90.5564
1/1/00 6:13:54,91.7077
1/1/00 6:13:59,92.4405
1/1/00 6:14:04,92.963
1/1/00 6:14:09,93.4589
1/1/00 6:14:14,93.75
1/1/00 6:14:19,94.2788
1/1/00 6:14:24,95.6006
1/1/00 6:14:29,96.8981
1/1/00 6:14:34,97.4026
1/1/00 6:14:39,97.6343
1/1/00 6:14:44,98.1152
1/1/00 6:14:49,98.7137
1/1/00 6:14:54,99.5611
1/1/00 6:14:59,100.365
1/1/00 6:15:04,100.671
1/1/00 6:15:09,100.435
1/1/00 6:15:14,99.6052
1/1/00 6:15:19,98.4364
1/1/00 6:15:24,97.6318
1/1/00 6:15:29,97.4026
1/1/00 6:15:34,96.6432
1/1/00 6:15:39,96.412
1/1/00 6:15:44,97.5981
1/1/00 6:15:49,98.3932
1/1/00 6:15:54,97.9665
1/1/00 6:15:59,95.0147
1/1/00 6:16:04,92
1/1/00 6:16:09,91.2143
1/1/00 6:16:14,91.2594
1/1/00 6:16:19,92.2747
1/1/00 6:16:24,92.9359
1/1/00 6:16:29,92.795
1/1/00 6:16:34,93.0328
1/1/00 6:16:39,93.8005
1/1/00 6:16:44,95.0726
1/1/00 6:16:49,96.5076
1/1/00 6:16:54,97.6244
1/1/00 6:16:59,98.0753
1/1/00 6:17:04,98.3978
1/1/00 6:17:09,99.5744
1/1/00 6:17:14,100.568
1/1/00 6:17:19,101.201
1/1/00 6:17:24,101.996
1/1/00 6:17:29,101.752
1/1/00 6:17:34,100.957
1/1/00 6:17:39,100.026
1/1/00 6:17:44,99.6107
1/1/00 6:17:49,99.7351
1/1/00 6:17:54,98.9231
1/1/00 6:17:59,97.2177
1/1/00 6:18:04,96.4963
1/1/00 6:18:09,96.5062
1/1/00 6:18:14,96.5806
1/1/00 6:18:19,97.4089
1/1/00 6:18:24,98.2353
1/1/00 6:18:29,98.3075
1/1/00 6:18:34,98.0392
1/1/00 6:18:39,97.81
1/1/00 6:18:44,97.3384
1/1/00 6:18:49,96.8581
1/1/00 6:18:54,96.3871
1/1/00 6:18:59,97.0965
1/1/00 6:19:04,98.543
1/1/00 6:19:09,99.571
1/1/00 6:19:14,100.383
1/1/00 6:19:19,100.548
1/1/00 6:19:24,99.8818
1/1/00 6:19:29,96.8987
1/1/00 6:19:34,95.0382
1/1/00 6:19:39,96.0268
1/1/00 6:19:44,96.6055
1/1/00 6:19:49,96.7742
1/1/00 6:19:54,96.4715
1/1/00 6:19:59,95.7183
1/1/00 6:20:04,94.9637
1/1/00 6:20:09,94.7937
1/1/00 6:20:14,96.1652
1/1/00 6:20:19,97.7082
1/1/00 6:20:24,98.0265
1/1/00 6:20:29,98.2043
1/1/00 6:20:34,98.6236
1/1/00 6:20:39,99.1664
1/1/00 6:20:44,100.063
1/1/00 6:20:49,102.237
1/1/00 6:20:54,104.256
1/1/00 6:20:59,104.368
1/1/00 6:21:04,103.428
1/1/00 6:21:09,102.716
1/1/00 6:21:14,103.304
1/1/00 6:21:19,103.373
1/1/00 6:21:24,100.826
1/1/00 6:21:29,98.563
1/1/00 6:21:34,98.2895
1/1/00 6:21:39,98.1599
1/1/00 6:21:44,97.0303
1/1/00 6:21:49,95.5209
1/1/00 6:21:54,94.4763
1/1/00 6:21:59,94.4791
1/1/00 6:22:04,95.7819
1/1/00 6:22:09,97.3151
1/1/00 6:22:14,97.3915
1/1/00 6:22:19,97.7791
1/1/00 6:22:24,99.0609
1/1/00 6:22:29,99.2175
1/1/00 6:22:34,98.9404
1/1/00 6:22:39,99.0606
1/1/00 6:22:44,98.7248
1/1/00 6:22:49,96.3218
1/1/00 6:22:54,93.4816
1/1/00 6:22:59,91.8813
1/1/00 6:23:04,90.8463
1/1/00 6:23:09,92.4127
1/1/00 6:23:14,94.2124
1/1/00 6:23:19,92.4513
1/1/00 6:23:24,92.4513
1/1/00 6:23:29,92.4513
1/1/00 6:23:34,92.4513
1/1/00 6:23:39,89.9078
1/1/00 6:23:44,93.5217
1/1/00 6:23:49,97.4854
1/1/00 6:23:54,99.4921
1/1/00 6:23:59,99.4464
1/1/00 6:24:04,98.7744
1/1/00 6:24:09,96.5739
1/1/00 6:24:14,96.1598
1/1/00 6:24:19,97.6346
1/1/00 6:24:24,97.9628
1/1/00 6:24:29,97.8419
1/1/00 6:24:34,97.2094
1/1/00 6:24:39,96.7742
1/1/00 6:24:44,98.1161
1/1/00 6:24:49,100.156
1/1/00 6:24:54,100.95
1/1/00 6:24:58,100.946
1/1/00 6:25:03,101.098
1/1/00 6:25:08,101.351
1/1/00 6:25:13,101.351
1/1/00 6:25:18,100.185
1/1/00 6:25:23,98.3766
1/1/00 6:25:28,97.4133
1/1/00 6:25:33,96.6234
1/1/00 6:25:38,95.8476
1/1/00 6:25:43,94.875
1/1/00 6:25:48,93.8442
1/1/00 6:25:53,93.3238
1/1/00 6:25:58,93.1677
1/1/00 6:26:03,92.9124
1/1/00 6:26:08,92.795
1/1/00 6:26:13,92.963
1/1/00 6:26:18,92.7997
1/1/00 6:26:23,93.4731
1/1/00 6:26:28,94.3396
1/1/00 6:26:33,94.6184
1/1/00 6:26:38,95.283
1/1/00 6:26:43,95.9113
1/1/00 6:26:48,95.8599
1/1/00 6:26:53,95.9876
1/1/00 6:26:58,96.5917
1/1/00 6:27:03,96.5684
1/1/00 6:27:08,95.6497
1/1/00 6:27:13,95.5209
1/1/00 6:27:18,95.9115
1/1/00 6:27:23,95.2212
1/1/00 6:27:28,94.2373
1/1/00 6:27:33,93.75
1/1/00 6:27:38,93.2315
1/1/00 6:27:43,92.4824
1/1/00 6:27:48,92.8411
1/1/00 6:27:53,95.1926
1/1/00 6:27:58,95.1926
1/1/00 6:28:03,95.1926
1/1/00 6:28:08,95.1926
1/1/00 6:28:13,95.1926
1/1/00 6:28:18,95.1926
1/1/00 6:28:23,95.1926
1/1/00 6:28:28,95.1926
1/1/00 6:28:33,95.1926
1/1/00 6:28:38,95.1926
1/1/00 6:28:43,95.1926
1/1/00 6:28:48,104.299
1/1/00 6:28:53,102.933
1/1/00 6:28:58,102.698
1/1/00 6:29:03,101.647
1/1/00 6:29:08,98.3221
1/1/00 6:29:13,96.6484
1/1/00 6:29:18,97.8146
1/1/00 6:29:23,98.797
1/1/00 6:29:28,98.6411
1/1/00 6:29:33,96.5556
1/1/00 6:29:38,93.9147
1/1/00 6:29:43,92.4174
1/1/00 6:29:48,92.0825
1/1/00 6:29:53,93.2812
1/1/00 6:29:58,92.3664
1/1/00 6:30:03,90.1977
1/1/00 6:30:08,89.9113
1/1/00 6:30:13,89.8204
1/1/00 6:30:18,90.3604
1/1/00 6:30:23,90.7207
1/1/00 6:30:28,89.6519
1/1/00 6:30:33,87.2386
1/1/00 6:30:38,85.2571
1/1/00 6:30:43,85.9714
1/1/00 6:30:48,88.2143
1/1/00 6:30:53,89.2857
1/1/00 6:30:58,87.7857
1/1/00 6:31:03,86.6695
1/1/00 6:31:08,87.9053
1/1/00 6:31:13,88.7574
1/1/00 6:31:18,89.7532
1/1/00 6:31:23,90.8726
1/1/00 6:31:28,90.3864
1/1/00 6:31:33,87.0231
1/1/00 6:31:38,83.496
1/1/00 6:31:43,82.9967
1/1/00 6:31:48,85.7531
1/1/00 6:31:53,87.3753
1/1/00 6:31:58,86.2487
1/1/00 6:32:03,85.8621
1/1/00 6:32:08,85.9744
1/1/00 6:32:13,87.5862
1/1/00 6:32:18,89.394
1/1/00 6:32:23,89.2899
1/1/00 6:32:28,89.5466
1/1/00 6:32:33,90.5282
1/1/00 6:32:38,91.0023
1/1/00 6:32:43,91.6818
1/1/00 6:32:48,92.9149
1/1/00 6:32:53,94.4236
1/1/00 6:32:58,95.0212
1/1/00 6:33:03,94.5112
1/1/00 6:33:08,93.6224
1/1/00 6:33:13,93.4402
1/1/00 6:33:18,92.7995
1/1/00 6:33:23,91.125
1/1/00 6:33:28,89.8247
1/1/00 6:33:33,91.2112
1/1/00 6:33:38,93.5647
1/1/00 6:33:43,94.4258
1/1/00 6:33:48,95.0425
1/1/00 6:33:53,94.4881
1/1/00 6:33:58,93.75
1/1/00 6:34:03,93.9316
1/1/00 6:34:08,94.5385
1/1/00 6:34:13,95.4434
1/1/00 6:34:18,94.8365
1/1/00 6:34:23,93.2778
1/1/00 6:34:28,92.4055
1/1/00 6:34:33,91.5635
1/1/00 6:34:38,90.471
1/1/00 6:34:43,90.5367
1/1/00 6:34:48,91.5154
1/1/00 6:34:53,91.35
1/1/00 6:34:58,89.3208
1/1/00 6:35:03,88.1802
1/1/00 6:35:08,89.1291
1/1/00 6:35:13,90.2812
1/1/00 6:35:18,92.0564
1/1/00 6:35:23,92.9032
1/1/00 6:35:28,91.9195
1/1/00 6:35:33,90.166
1/1/00 6:35:38,87.6693
1/1/00 6:35:43,88.0848
1/1/00 6:35:48,90.641
1/1/00 6:35:53,91.9066
1/1/00 6:35:58,93.1219
1/1/00 6:36:03,93.1759
1/1/00 6:36:08,92.2043
1/1/00 6:36:13,91.1155
1/1/00 6:36:18,89.5742
1/1/00 6:36:23,88.2217
1/1/00 6:36:28,88.9623
1/1/00 6:36:33,91.1344
1/1/00 6:36:38,92.6341
1/1/00 6:36:43,93.4775
1/1/00 6:36:48,93.9811
1/1/00 6:36:53,94.7404
1/1/00 6:36:58,95.96
1/1/00 6:37:03,97.4116
1/1/00 6:37:08,99.7615
1/1/00 6:37:13,101.351
1/1/00 6:37:18,101.123
1/1/00 6:37:23,99.9982
1/1/00 6:37:28,97.8726
1/1/00 6:37:33,95.4913
1/1/00 6:37:38,92.6655
1/1/00 6:37:43,90.5932
1/1/00 6:37:48,89.6715
1/1/00 6:37:53,88.4337
1/1/00 6:37:58,89.2376
1/1/00 6:38:03,91.185
1/1/00 6:38:08,91.5465
1/1/00 6:38:13,90.9202
1/1/00 6:38:18,90.3614
1/1/00 6:38:23,90.3614
1/1/00 6:38:28,90.4556
1/1/00 6:38:33,90.7428
1/1/00 6:38:38,91.4802
1/1/00 6:38:43,92.229
1/1/00 6:38:48,92.5131
1/1/00 6:38:53,92.5926
1/1/00 6:38:58,92.5926
1/1/00 6:39:03,92.8318
1/1/00 6:39:08,93.9316
1/1/00 6:39:13,95.473
1/1/00 6:39:18,95.7212
1/1/00 6:39:23,95.7212
1/1/00 6:39:28,95.7212
1/1/00 6:39:33,95.7212
1/1/00 6:39:38,95.7212
1/1/00 6:39:43,95.7212
1/1/00 6:39:48,95.7212
1/1/00 6:39:53,95.7212
1/1/00 6:39:58,95.7212
1/1/00 6:40:03,78.5878
1/1/00 6:40:08,80.6419
1/1/00 6:40:13,82.7255
1/1/00 6:40:18,84.3797
1/1/00 6:40:23,84.4015
1/1/00 6:40:28,83.8636
1/1/00 6:40:33,84.614
1/1/00 6:40:38,82.012
1/1/00 6:40:43,79.5961
1/1/00 6:40:48,80.9197
1/1/00 6:40:53,82.6967
1/1/00 6:40:58,83.5211
1/1/00 6:41:03,83.0931
1/1/00 6:41:08,83.1381
1/1/00 6:41:13,82.847
1/1/00 6:41:18,82.1639
1/1/00 6:41:23,81.9672
1/1/00 6:41:28,82.8698
1/1/00 6:41:33,84.281
1/1/00 6:41:37,85.252
1/1/00 6:41:42,87.4286
1/1/00 6:41:47,89.379
1/1/00 6:41:52,89.6429
1/1/00 6:41:57,89.4782
1/1/00 6:42:02,88.5526
1/1/00 6:42:07,87.3399
1/1/00 6:42:12,86.5774
1/1/00 6:42:17,86.4999
1/1/00 6:42:22,86.9048
1/1/00 6:42:27,87.9264
1/1/00 6:42:32,89.9372
1/1/00 6:42:37,92.1468
1/1/00 6:42:42,92.7059
1/1/00 6:42:47,91.0494
1/1/00 6:42:52,88.8935
1/1/00 6:42:57,88.609
1/1/00 6:43:02,87.8714
1/1/00 6:43:07,86.2799
1/1/00 6:43:12,86.402
1/1/00 6:43:17,86.4541
1/1/00 6:43:22,86.8316
1/1/00 6:43:27,88.0487
1/1/00 6:43:32,89.2307
1/1/00 6:43:37,88.3874
1/1/00 6:43:42,86.6963
1/1/00 6:43:47,86.5061
1/1/00 6:43:52,87.6658
1/1/00 6:43:57,88.9666
1/1/00 6:44:02,89.4717
1/1/00 6:44:07,90
1/1/00 6:44:12,89.759
1/1/00 6:44:17,88.8782
1/1/00 6:44:22,88.2456
1/1/00 6:44:27,87.8337
1/1/00 6:44:32,86.9268
1/1/00 6:44:37,85.7276
1/1/00 6:44:42,84.9399
1/1/00 6:44:47,84.4506
1/1/00 6:44:52,84.8591
1/1/00 6:44:57,85.6838
1/1/00 6:45:02,86.0937
1/1/00 6:45:07,87.5128
1/1/00 6:45:12,89.1146
1/1/00 6:45:17,90.1118
1/1/00 6:45:22,91.6609
1/1/00 6:45:27,92.2972
1/1/00 6:45:32,91.818
1/1/00 6:45:37,91.3039
1/1/00 6:45:42,90.7051
1/1/00 6:45:47,90.6616
1/1/00 6:45:52,90.6966
1/1/00 6:45:57,89.9465
1/1/00 6:46:02,88.7994
1/1/00 6:46:07,87.9546
1/1/00 6:46:12,88.2832
1/1/00 6:46:17,89.0664
1/1/00 6:46:22,89.2773
1/1/00 6:46:27,89.0131
1/1/00 6:46:32,87.8902
1/1/00 6:46:37,86.615
1/1/00 6:46:42,86.2069
1/1/00 6:46:47,86.8845
1/1/00 6:46:52,87.7769
1/1/00 6:46:57,88.0702
1/1/00 6:47:02,87.934
1/1/00 6:47:07,87.1143
1/1/00 6:47:12,86.8784
1/1/00 6:47:17,88.0322
1/1/00 6:47:22,89.3186
1/1/00 6:47:27,89.2497
1/1/00 6:47:32,88.2725
1/1/00 6:47:37,87.5376
1/1/00 6:47:42,86.2341
1/1/00 6:47:47,86.1094
1/1/00 6:47:52,87.4868
1/1/00 6:47:57,87.6115
1/1/00 6:48:02,87.6402
1/1/00 6:48:07,88.0294
1/1/00 6:48:12,87.7412
1/1/00 6:48:17,86.6045
1/1/00 6:48:22,86.7976
1/1/00 6:48:27,88.4143
1/1/00 6:48:32,89.1041
1/1/00 6:48:37,88.49
1/1/00 6:48:42,87.3907
1/1/00 6:48:47,86.9502
1/1/00 6:48:52,87.0238
1/1/00 6:48:57,86.7642
1/1/00 6:49:02,85.5504
1/1/00 6:49:07,84.0837
1/1/00 6:49:12,83.8277
1/1/00 6:49:17,85.1986
1/1/00 6:49:22,86.8666
1/1/00 6:49:27,88.1815
1/1/00 6:49:32,88.5214
1/1/00 6:49:37,88.2604
1/1/00 6:49:42,88.2833
1/1/00 6:49:47,88.5444
1/1/00 6:49:52,87.6964
1/1/00 6:49:57,86.0997
1/1/00 6:50:02,85.1549
1/1/00 6:50:07,84.7458
1/1/00 6:50:12,84.601
1/1/00 6:50:17,84.4511
1/1/00 6:50:22,84.8366
1/1/00 6:50:27,84.4924
1/1/00 6:50:32,83.5455
1/1/00 6:50:37,83.3333
1/1/00 6:50:42,83.9661
1/1/00 6:50:47,84.9048
1/1/00 6:50:52,85.5223
1/1/00 6:50:57,86.5216
1/1/00 6:51:02,86.5116
1/1/00 6:51:07,85.1722
1/1/00 6:51:12,83.7017
1/1/00 6:51:17,82.4889
1/1/00 6:51:22,82.4781
1/1/00 6:51:27,83.5605
1/1/00 6:51:32,84.4982
1/1/00 6:51:37,84.4787
1/1/00 6:51:42,83.9374
1/1/00 6:51:47,83.0309
1/1/00 6:51:52,83.0251
1/1/00 6:51:57,83.9511
1/1/00 6:52:02,84.2697
1/1/00 6:52:07,84.462
1/1/00 6:52:12,85.0841
1/1/00 6:52:17,86.1177
1/1/00 6:52:22,87.7395
1/1/00 6:52:27,89.2835
1/1/00 6:52:32,89.9091
1/1/00 6:52:37,89.6472
1/1/00 6:52:42,89.5488
1/1/00 6:52:47,89.6429
1/1/00 6:52:52,89.5433
1/1/00 6:52:57,89.9871
1/1/00 6:53:02,90.3614
1/1/00 6:53:07,90.1861
1/1/00 6:53:12,89.6683
1/1/00 6:53:17,88.7806
1/1/00 6:53:22,87.9897
1/1/00 6:53:27,88.0348
1/1/00 6:53:32,88.4809
1/1/00 6:53:37,88.4358
1/1/00 6:53:42,87.788
1/1/00 6:53:47,87.0264
1/1/00 6:53:52,86.5921
1/1/00 6:53:57,87.6148
1/1/00 6:54:02,89.5664
1/1/00 6:54:07,90.4071
1/1/00 6:54:12,90.2084
1/1/00 6:54:17,90.7208
1/1/00 6:54:22,91.4634
1/1/00 6:54:27,91.4634
1/1/00 6:54:32,91.2892
1/1/00 6:54:37,90.2003
1/1/00 6:54:42,88.4385
1/1/00 6:54:47,87.8571
1/1/00 6:54:52,88.73
1/1/00 6:54:57,89.5787
1/1/00 6:55:02,89.6172
1/1/00 6:55:07,89.4611
1/1/00 6:55:12,89.6217
1/1/00 6:55:17,89.2464
1/1/00 6:55:22,89.9466
1/1/00 6:55:27,91.4612
1/1/00 6:55:32,91.6883
1/1/00 6:55:37,92.0912
1/1/00 6:55:42,92.3608
1/1/00 6:55:47,92.6695
1/1/00 6:55:52,94.0669
1/1/00 6:55:57,95.8491
1/1/00 6:56:02,97.4067
1/1/00 6:56:07,98.0392
1/1/00 6:56:12,97.6901
1/1/00 6:56:17,96.7709
1/1/00 6:56:22,95.4989
1/1/00 6:56:27,93.4107
1/1/00 6:56:32,91.8158
1/1/00 6:56:37,91.4155
1/1/00 6:56:42,91.0055
1/1/00 6:56:47,90.3038
1/1/00 6:56:52,89.6129
1/1/00 6:56:57,88.8971
1/1/00 6:57:02,87.8873
1/1/00 6:57:07,88.8736
1/1/00 6:57:12,90.1645
1/1/00 6:57:17,89.6856
1/1/00 6:57:22,89.0598
1/1/00 6:57:27,88.2176
1/1/00 6:57:32,87.0456
1/1/00 6:57:37,86.386
1/1/00 6:57:42,87.3176
1/1/00 6:57:47,88.9581
1/1/00 6:57:52,89.2941
1/1/00 6:57:57,88.6277
1/1/00 6:58:02,88.5527
1/1/00 6:58:07,89.4503
1/1/00 6:58:12,90.6981
1/1/00 6:58:16,91.6387
1/1/00 6:58:21,92.0245
1/1/00 6:58:26,90.7537
1/1/00 6:58:31,89.5404
1/1/00 6:58:36,89.7092
1/1/00 6:58:41,89.8204
1/1/00 6:58:46,90.0671
1/1/00 6:58:51,89.7168
1/1/00 6:58:56,88.4504
1/1/00 6:59:01,86.9939
1/1/00 6:59:06,86.8361
1/1/00 6:59:11,87.8331
1/1/00 6:59:16,88.5088
1/1/00 6:59:21,89.0511
1/1/00 6:59:26,89.491
1/1/00 6:59:31,89.7583
1/1/00 6:59:36,89.8992
1/1/00 6:59:41,90.7208
1/1/00 6:59:46,91.9061
1/1/00 6:59:51,92.4706
1/1/00 6:59:56,92.3784
1/1/00 7:00:01,91.2628
1/1/00 7:00:06,91.0799
1/1/00 7:00:11,91.5991
1/1/00 7:00:16,91.1545
1/1/00 7:00:21,90.9091
1/1/00 7:00:26,89.9193
1/1/00 7:00:31,88.8435
1/1/00 7:00:36,89.0496
1/1/00 7:00:41,90.4027
1/1/00 7:00:46,90.0043
1/1/00 7:00:51,87.7045
1/1/00 7:00:56,86.3245
1/1/00 7:01:01,85.9961
1/1/00 7:01:06,87.1659
1/1/00 7:01:11,88.4411
1/1/00 7:01:16,88.7701
1/1/00 7:01:21,89.0342
1/1/00 7:01:26,89.2857
1/1/00 7:01:31,89.1906
1/1/00 7:01:36,88.9307
1/1/00 7:01:41,89.2931
1/1/00 7:01:46,89.8204
1/1/00 7:01:51,89.5541
1/1/00 7:01:56,88.7615
1/1/00 7:02:01,88.4901
1/1/00 7:02:06,89.0828
1/1/00 7:02:11,89.7773
1/1/00 7:02:16,90.5215
1/1/00 7:02:21,90.1234
1/1/00 7:02:26,89.6473
1/1/00 7:02:31,90.1592
1/1/00 7:02:36,90.3614
1/1/00 7:02:41,89.5851
1/1/00 7:02:46,88.7831
1/1/00 7:02:51,88.6885
1/1/00 7:02:56,88.4274
1/1/00 7:03:01,89.1963
1/1/00 7:03:06,90.1036
1/1/00 7:03:11,89.8075
1/1/00 7:03:16,89.1613
1/1/00 7:03:21,88.07
1/1/00 7:03:26,87.9644
1/1/00 7:03:31,89.2791
1/1/00 7:03:36,90.4605
1/1/00 7:03:41,90.9091
1/1/00 7:03:46,90.7623
1/1/00 7:03:51,90.5455
1/1/00 7:03:56,90.6922
1/1/00 7:04:01,91.4044
1/1/00 7:04:06,91.7982
1/1/00 7:04:11,91.1411
1/1/00 7:04:16,89.4103
1/1/00 7:04:21,88.4734
1/1/00 7:04:26,88.7344
1/1/00 7:04:31,88.8679
1/1/00 7:04:36,89.3994
1/1/00 7:04:41,89.5873
1/1/00 7:04:46,89.0426
1/1/00 7:04:51,88.5714
1/1/00 7:04:56,88.8487
1/1/00 7:05:01,89.2857
1/1/00 7:05:06,89.414
1/1/00 7:05:11,89.6048
1/1/00 7:05:16,89.2123
1/1/00 7:05:21,89.3926
1/1/00 7:05:26,90.3217
1/1/00 7:05:31,90.8835
1/1/00 7:05:36,91.8721
1/1/00 7:05:41,92.5926
1/1/00 7:05:46,91.8275
1/1/00 7:05:51,90.3836
1/1/00 7:05:56,89.4953
1/1/00 7:06:01,89.0554
1/1/00 7:06:06,88.9286
1/1/00 7:06:11,89.1589
1/1/00 7:06:16,89.2857
1/1/00 7:06:21,89.961
1/1/00 7:06:26,91.3509
1/1/00 7:06:31,92.5522
1/1/00 7:06:36,92.8157
1/1/00 7:06:41,92.8594
1/1/00 7:06:46,92.7812
1/1/00 7:06:51,92.6192
1/1/00 7:06:56,93.5335
1/1/00 7:07:01,93.7162
1/1/00 7:07:06,93.1677
1/1/00 7:07:11,93.3098
1/1/00 7:07:16,93.3055
1/1/00 7:07:21,92.0341
1/1/00 7:07:26,91.4044
1/1/00 7:07:31,92.6381
1/1/00 7:07:36,94.3359
1/1/00 7:07:41,96.3489
1/1/00 7:07:46,97.4026
1/1/00 7:07:51,96.8731
1/1/00 7:07:56,95.8836
1/1/00 7:08:01,95.2817
1/1/00 7:08:06,95.3406
1/1/00 7:08:11,95.5414
1/1/00 7:08:16,95.2923
1/1/00 7:08:21,94.3336
1/1/00 7:08:26,92.8138
1/1/00 7:08:31,91.1825
1/1/00 7:08:36,90.8772
1/1/00 7:08:41,91.7805
1/1/00 7:08:46,92.1951
1/1/00 7:08:51,91.8212
1/1/00 7:08:56,90.0888
1/1/00 7:09:01,88.7574
1/1/00 7:09:06,88.9232
1/1/00 7:09:11,89.4547
1/1/00 7:09:16,88.5462
1/1/00 7:09:21,87.0894
1/1/00 7:09:26,87.0277
1/1/00 7:09:31,87.9529
1/1/00 7:09:36,88.9856
1/1/00 7:09:41,89.3888
1/1/00 7:09:46,89.6429
1/1/00 7:09:51,89.5038
1/1/00 7:09:56,89.0638
1/1/00 7:10:01,88.9286
1/1/00 7:10:06,89.2279
1/1/00 7:10:11,89.901
1/1/00 7:10:16,89.494
1/1/00 7:10:21,88.197
1/1/00 7:10:26,87.5088
1/1/00 7:10:31,87.4847
1/1/00 7:10:36,88.4673
1/1/00 7:10:41,89.5178
1/1/00 7:10:46,89.7783
1/1/00 7:10:51,88.7278
1/1/00 7:10:56,87.5479
1/1/00 7:11:01,87.7595
1/1/00 7:11:06,89.2519
1/1/00 7:11:11,90.6265
1/1/00 7:11:16,90.3744
1/1/00 7:11:21,89.4911
1/1/00 7:11:26,88.9413
1/1/00 7:11:31,89.2634
1/1/00 7:11:36,89.9615
1/1/00 7:11:41,90.0266
1/1/00 7:11:46,89.3284
1/1/00 7:11:51,88.2716
1/1/00 7:11:56,87.6077
1/1/00 7:12:01,87.5701
1/1/00 7:12:06,88.7655
1/1/00 7:12:11,90.7637
1/1/00 7:12:16,91.8658
1/1/00 7:12:21,92.2385
1/1/00 7:12:26,93.1012
1/1/00 7:12:31,95.2137
1/1/00 7:12:36,97.6589
1/1/00 7:12:41,98.8192
1/1/00 7:12:46,99.0411
1/1/00 7:12:51,99.577
1/1/00 7:12:56,100.37
1/1/00 7:13:01,101.296
1/1/00 7:13:06,101.23
1/1/00 7:13:11,100.632
1/1/00 7:13:16,101.282
1/1/00 7:13:21,102.162
1/1/00 7:13:26,101.918
1/1/00 7:13:31,102.4
1/1/00 7:13:36,102.282
1/1/00 7:13:41,100.893
1/1/00 7:13:46,100.826
1/1/00 7:13:51,101.166
1/1/00 7:13:56,101.292
1/1/00 7:14:01,100.616
1/1/00 7:14:06,99.706
1/1/00 7:14:11,98.7169
1/1/00 7:14:16,98.294
1/1/00 7:14:21,99.04
1/1/00 7:14:26,98.7765
1/1/00 7:14:31,98.0392
1/1/00 7:14:36,98.2972
1/1/00 7:14:41,97.5254
1/1/00 7:14:46,95.3411
1/1/00 7:14:51,93.3965
1/1/00 7:14:55,92.887
1/1/00 7:15:00,94.4949
1/1/00 7:15:05,95.2611
1/1/00 7:15:10,93.6464
1/1/00 7:15:15,92.5926
1/1/00 7:15:20,91.0979
1/1/00 7:15:25,90.2113
1/1/00 7:15:30,90.8709
1/1/00 7:15:35,89.3208
1/1/00 7:15:40,87.7193
1/1/00 7:15:45,87.7193
1/1/00 7:15:50,87.7193
1/1/00 7:15:55,87.7193
1/1/00 7:16:00,87.7193
1/1/00 7:16:05,87.7193
1/1/00 7:16:10,81.3612
1/1/00 7:16:15,83.0021
1/1/00 7:16:20,85.316
1/1/00 7:16:25,88.7399
1/1/00 7:16:30,91.2032
1/1/00 7:16:35,92.125
1/1/00 7:16:40,93.2808
1/1/00 7:16:45,95.3589
1/1/00 7:16:50,97.5611
1/1/00 7:16:55,99.749
1/1/00 7:17:00,101.791
1/1/00 7:17:05,102.422
1/1/00 7:17:10,102.893
1/1/00 7:17:15,103.057
1/1/00 7:17:20,102.09
1/1/00 7:17:25,100.888
1/1/00 7:17:30,100.353
1/1/00 7:17:35,100.163
1/1/00 7:17:40,99.3671
1/1/00 7:17:45,99.058
1/1/00 7:17:50,99.9618
1/1/00 7:17:55,100.132
1/1/00 7:18:00,99.6859
1/1/00 7:18:05,99.6253
1/1/00 7:18:10,99.2
1/1/00 7:18:15,99.4211
1/1/00 7:18:20,100.309
1/1/00 7:18:25,100.644
1/1/00 7:18:30,100.491
1/1/00 7:18:35,100.156
1/1/00 7:18:40,100
1/1/00 7:18:45,100
1/1/00 7:18:50,100.314
1/1/00 7:18:55,100.903
1/1/00 7:19:00,100.886
1/1/00 7:19:05,100.79
1/1/00 7:19:10,102
1/1/00 7:19:15,103.605
1/1/00 7:19:20,104.545
1/1/00 7:19:25,104.247
1/1/00 7:19:30,103.788
1/1/00 7:19:35,104.941
1/1/00 7:19:40,106.524
1/1/00 7:19:45,106.756
1/1/00 7:19:50,105.278
1/1/00 7:19:55,102.758
1/1/00 7:20:00,100.665
1/1/00 7:20:05,98.9403
1/1/00 7:20:10,98.0158
1/1/00 7:20:15,98.0662
1/1/00 7:20:20,97.1842
1/1/00 7:20:25,95.0685
1/1/00 7:20:30,93.2593
1/1/00 7:20:35,93.6635
1/1/00 7:20:40,95.7407
1/1/00 7:20:45,97.8911
1/1/00 7:20:50,99.7651
1/1/00 7:20:55,100.976
1/1/00 7:21:00,101.316
1/1/00 7:21:05,101.905
1/1/00 7:21:10,102.823
1/1/00 7:21:15,102.894
1/1/00 7:21:20,102.32
1/1/00 7:21:25,102.041
1/1/00 7:21:30,102.638
1/1/00 7:21:35,103.341
1/1/00 7:21:40,103.638
1/1/00 7:21:45,103.862
1/1/00 7:21:50,103.672
1/1/00 7:21:55,103.448
1/1/00 7:22:00,103.448
1/1/00 7:22:05,103.448
1/1/00 7:22:10,103.188
1/1/00 7:22:15,102.833
1/1/00 7:22:20,102.6
1/1/00 7:22:25,102.408
1/1/00 7:22:30,102.925
1/1/00 7:22:35,103.83
1/1/00 7:22:40,103.516
1/1/00 7:22:45,102.803
1/1/00 7:22:50,102.538
1/1/00 7:22:55,102.329
1/1/00 7:23:00,102.612
1/1/00 7:23:05,103.228
1/1/00 7:23:10,104.224
1/1/00 7:23:15,105.585
1/1/00 7:23:20,105.443
1/1/00 7:23:25,104.624
1/1/00 7:23:30,104.767
1/1/00 7:23:35,104.507
1/1/00 7:23:40,103.362
1/1/00 7:23:45,102.312
1/1/00 7:23:50,101.345
1/1/00 7:23:55,100.951
1/1/00 7:24:00,101.291
1/1/00 7:24:05,101.196
1/1/00 7:24:10,101.037
1/1/00 7:24:15,101.506
1/1/00 7:24:20,101.666
1/1/00 7:24:25,101.979
1/1/00 7:24:30,102.416
1/1/00 7:24:35,102.133
1/1/00 7:24:40,101.778
1/1/00 7:24:45,101.292
1/1/00 7:24:50,101.887
1/1/00 7:24:55,102.029
1/1/00 7:25:00,101.066
1/1/00 7:25:05,99.0635
1/1/00 7:25:10,96.2087
1/1/00 7:25:15,94.7408
1/1/00 7:25:20,94.674
1/1/00 7:25:25,94.9367
1/1/00 7:25:30,95.1157
1/1/00 7:25:35,94.8272
1/1/00 7:25:40,93.2012
1/1/00 7:25:45,92.3177
1/1/00 7:25:50,93.0185
1/1/00 7:25:55,94.0057
1/1/00 7:26:00,94.9937
1/1/00 7:26:05,95.1786
1/1/00 7:26:10,93.8397
1/1/00 7:26:15,93.038
1/1/00 7:26:20,93.9744
1/1/00 7:26:25,95.3165
1/1/00 7:26:30,95.4771
1/1/00 7:26:35,94.9367
1/1/00 7:26:40,93.7606
1/1/00 7:26:45,91.82
1/1/00 7:26:50,91.2594
1/1/00 7:26:55,90.6813
1/1/00 7:27:00,89.6951
1/1/00 7:27:05,88.9027
1/1/00 7:27:10,87.0143
1/1/00 7:27:15,87.7404
1/1/00 7:27:20,90.064
1/1/00 7:27:25,90.3614
1/1/00 7:27:30,90.3614
1/1/00 7:27:35,90.1212
1/1/00 7:27:40,90.459
1/1/00 7:27:45,91.3925
1/1/00 7:27:50,91.3285
1/1/00 7:27:55,90.655
1/1/00 7:28:00,88.2727
1/1/00 7:28:05,88.2727
1/1/00 7:28:10,88.2727
1/1/00 7:28:15,88.2727
1/1/00 7:28:20,85.4585
1/1/00 7:28:25,86.5278
1/1/00 7:28:30,86.0372
1/1/00 7:28:35,85.1788
1/1/00 7:28:40,84.9255
1/1/00 7:28:45,85.5348
1/1/00 7:28:50,87.8245
1/1/00 7:28:55,90.3808
1/1/00 7:29:00,91.7086
1/1/00 7:29:05,92.6327
1/1/00 7:29:10,92.7242
1/1/00 7:29:15,92.2866
1/1/00 7:29:20,92.4426
1/1/00 7:29:25,92.5926
1/1/00 7:29:30,91.8519
1/1/00 7:29:35,90.7053
1/1/00 7:29:40,90
1/1/00 7:29:45,89.4932
1/1/00 7:29:50,88.3721
1/1/00 7:29:55,85.6797
1/1/00 7:30:00,82.3256
1/1/00 7:30:05,83.9797
1/1/00 7:30:10,83.9797
1/1/00 7:30:15,83.9797
1/1/00 7:30:20,83.9797
1/1/00 7:30:25,83.9797
1/1/00 7:30:30,83.9797
1/1/00 7:30:35,83.9797
1/1/00 7:30:40,83.9797
1/1/00 7:30:45,83.9797
1/1/00 7:30:50,83.9797
1/1/00 7:30:55,100.401
1/1/00 7:31:00,101.351
1/1/00 7:31:05,101.829
1/1/00 7:31:10,101.639
1/1/00 7:31:15,99.6575
1/1/00 7:31:20,97.2295
1/1/00 7:31:25,95.828
1/1/00 7:31:30,95.0559
1/1/00 7:31:34,94.7771
1/1/00 7:31:39,95.4352
1/1/00 7:31:44,96.2817
1/1/00 7:31:49,95.5082
1/1/00 7:31:54,91.9956
1/1/00 7:31:59,88.5296
1/1/00 7:32:04,86.8362
1/1/00 7:32:09,88.0425
1/1/00 7:32:14,90.5698
1/1/00 7:32:19,92.2194
1/1/00 7:32:24,94.131
1/1/00 7:32:29,95.9584
1/1/00 7:32:34,96.5037
1/1/00 7:32:39,96.1935
1/1/00 7:32:44,96.2705
1/1/00 7:32:49,96.4968
1/1/00 7:32:54,96.074
1/1/00 7:32:59,93.2622
1/1/00 7:33:04,89.2552
1/1/00 7:33:09,86.1426
1/1/00 7:33:14,83.3625
1/1/00 7:33:19,81.9672
1/1/00 7:33:24,82.065
1/1/00 7:33:29,82.5179
1/1/00 7:33:34,84.5381
1/1/00 7:33:39,87.0097
1/1/00 7:33:44,88.3409
1/1/00 7:33:49,90.1645
1/1/00 7:33:54,92.2957
1/1/00 7:33:59,93.1798
1/1/00 7:34:04,92.8689
1/1/00 7:34:09,92.2654
1/1/00 7:34:14,91.5516
1/1/00 7:34:19,91.5901
1/1/00 7:34:24,92.7045
1/1/00 7:34:29,93.5287
1/1/00 7:34:34,94.033
1/1/00 7:34:39,93.9247
1/1/00 7:34:44,92.7893
1/1/00 7:34:49,91.1456
1/1/00 7:34:54,89.5017
1/1/00 7:34:59,87.8392
1/1/00 7:35:04,86.8966
1/1/00 7:35:09,87.5538
1/1/00 7:35:14,89.5294
1/1/00 7:35:19,91.4118
1/1/00 7:35:24,92.0976
1/1/00 7:35:29,91.8634
1/1/00 7:35:34,92.3496
1/1/00 7:35:39,93.8328
1/1/00 7:35:44,95.0143
1/1/00 7:35:49,95.9167
1/1/00 7:35:54,96.5385
1/1/00 7:35:59,96.464
1/1/00 7:36:04,96.6234
1/1/00 7:36:09,97.581
1/1/00 7:36:14,98.3766
1/1/00 7:36:19,98.6002
1/1/00 7:36:24,97.6452
1/1/00 7:36:29,95.245
1/1/00 7:36:34,92.656
1/1/00 7:36:39,91.2376
1/1/00 7:36:44,91.7358
1/1/00 7:36:49,91.045
1/1/00 7:36:54,88.9279
1/1/00 7:36:59,88.0388
1/1/00 7:37:04,87.7193
1/1/00 7:37:09,89.0845
1/1/00 7:37:14,90.9784
1/1/00 7:37:19,91.8316
1/1/00 7:37:24,92.3745
1/1/00 7:37:29,94.2593
1/1/00 7:37:34,96.4695
1/1/00 7:37:39,97.8
1/1/00 7:37:44,99.3794
1/1/00 7:37:49,100.443
1/1/00 7:37:54,101.033
1/1/00 7:37:59,101.655
1/1/00 7:38:04,102.245
1/1/00 7:38:09,102.636
1/1/00 7:38:14,102.611
1/1/00 7:38:19,102.066
1/1/00 7:38:24,100.824
1/1/00 7:38:29,99.3474
1/1/00 7:38:34,98.943
1/1/00 7:38:39,98.715
1/1/00 7:38:44,97.5079
1/1/00 7:38:49,96.0414
1/1/00 7:38:54,93.949
1/1/00 7:38:59,93.5115
1/1/00 7:39:04,94.6835
1/1/00 7:39:09,94.8603
1/1/00 7:39:14,94.5617
1/1/00 7:39:19,93.4801
1/1/00 7:39:24,92.2181
1/1/00 7:39:29,92.4062
1/1/00 7:39:34,94.2328
1/1/00 7:39:39,95.2028
1/1/00 7:39:44,94.9367
1/1/00 7:39:49,94.0747
1/1/00 7:39:54,92.7832
1/1/00 7:39:59,92.7607
1/1/00 7:40:04,93.4589
1/1/00 7:40:09,93.3333
1/1/00 7:40:14,92.0536
1/1/00 7:40:19,90.3252
1/1/00 7:40:24,90.4617
1/1/00 7:40:29,91.4634
1/1/00 7:40:34,90.9669
1/1/00 7:40:39,89.7903
1/1/00 7:40:44,88.4148
1/1/00 7:40:49,85.9164
1/1/00 7:40:54,83.7
1/1/00 7:40:59,83.778
1/1/00 7:41:04,85.7737
1/1/00 7:41:09,87.37
1/1/00 7:41:14,87.5375
1/1/00 7:41:19,88.9871
1/1/00 7:41:24,90.145
1/1/00 7:41:29,89.6279
1/1/00 7:41:34,88.8994
1/1/00 7:41:39,87.3393
1/1/00 7:41:44,87.5077
1/1/00 7:41:49,89.5235
1/1/00 7:41:54,90.5218
1/1/00 7:41:59,90.0455
1/1/00 7:42:04,88.9076
1/1/00 7:42:09,88.2895
1/1/00 7:42:14,87.8844
1/1/00 7:42:19,89.8547
1/1/00 7:42:24,90.8834
1/1/00 7:42:29,89.0927
1/1/00 7:42:34,88.0639
1/1/00 7:42:39,87.7193
1/1/00 7:42:44,86.8272
1/1/00 7:42:49,85.3848
1/1/00 7:42:54,85.0308
1/1/00 7:42:59,86.1942
1/1/00 7:43:04,86.6404
1/1/00 7:43:09,84.9593
1/1/00 7:43:14,85.712
1/1/00 7:43:19,87.6723
1/1/00 7:43:24,88.3041
1/1/00 7:43:29,90.7407
1/1/00 7:43:34,92.5926
1/1/00 7:43:39,92.7789
1/1/00 7:43:44,92.8607
1/1/00 7:43:49,92.3746
1/1/00 7:43:54,91.7283
1/1/00 7:43:59,92.314
1/1/00 7:44:04,93.5941
1/1/00 7:44:09,94.0139
1/1/00 7:44:14,93.2984
1/1/00 7:44:19,92.3381
1/1/00 7:44:24,92.2222
1/1/00 7:44:29,92.7353
1/1/00 7:44:34,93.7247
1/1/00 7:44:39,94.3396
1/1/00 7:44:44,95.255
1/1/00 7:44:49,96.6332
1/1/00 7:44:54,97.6129
1/1/00 7:44:59,99.0918
1/1/00 7:45:04,100.362
1/1/00 7:45:09,101.279
1/1/00 7:45:14,101.964
1/1/00 7:45:19,101.674
1/1/00 7:45:24,100.989
1/1/00 7:45:29,100.471
1/1/00 7:45:34,99.1552
1/1/00 7:45:39,98.949
1/1/00 7:45:44,98.7552
1/1/00 7:45:49,96.9121
1/1/00 7:45:54,95.5816
1/1/00 7:45:59,94.0792
1/1/00 7:46:04,92.1016
1/1/00 7:46:09,92.0427
1/1/00 7:46:14,93.0909
1/1/00 7:46:19,92.0118
1/1/00 7:46:24,90.6265
1/1/00 7:46:29,90.3614
1/1/00 7:46:34,90.889
1/1/00 7:46:39,92.3178
1/1/00 7:46:44,93.4845
1/1/00 7:46:49,92.6023
1/1/00 7:46:54,90.4035
1/1/00 7:46:59,88.5053
1/1/00 7:47:04,87.4337
1/1/00 7:47:09,87.9817
1/1/00 7:47:14,89.0199
1/1/00 7:47:19,89.1995
1/1/00 7:47:24,87.6601
1/1/00 7:47:29,85.4074
1/1/00 7:47:34,84.599
1/1/00 7:47:39,85.8997
1/1/00 7:47:44,87.4276
1/1/00 7:47:49,86.6124
1/1/00 7:47:54,84.2472
1/1/00 7:47:59,84.2472
1/1/00 7:48:04,84.2472
1/1/00 7:48:09,84.2472
1/1/00 7:48:13,84.2472
1/1/00 7:48:18,78.6536
1/1/00 7:48:23,79.6562
1/1/00 7:48:28,81.1394
1/1/00 7:48:33,82.7807
1/1/00 7:48:38,84.3619
1/1/00 7:48:43,87.2078
1/1/00 7:48:48,89.237
1/1/00 7:48:53,89.5195
1/1/00 7:48:58,90.3312
1/1/00 7:49:03,89.8677
1/1/00 7:49:08,88.0063
1/1/00 7:49:13,87.0414
1/1/00 7:49:18,88.0911
1/1/00 7:49:23,89.521
1/1/00 7:49:28,90.3878
1/1/00 7:49:33,91.3881
1/1/00 7:49:38,91.333
1/1/00 7:49:43,90.4083
1/1/00 7:49:48,90.6734
1/1/00 7:49:53,92.1826
1/1/00 7:49:58,93.3356
1/1/00 7:50:03,93.4565
1/1/00 7:50:08,92.3546
1/1/00 7:50:13,91.3362
1/1/00 7:50:18,91.2971
1/1/00 7:50:23,91.4634
1/1/00 7:50:28,91.4634
1/1/00 7:50:33,90.5948
1/1/00 7:50:38,88.6265
1/1/00 7:50:43,86.6206
1/1/00 7:50:48,87.1432
1/1/00 7:50:53,88.9109
1/1/00 7:50:58,88.7425
1/1/00 7:51:03,85.1013
1/1/00 7:51:08,81.9672
1/1/00 7:51:13,81.9998
1/1/00 7:51:18,82.4527
1/1/00 7:51:23,84.546
1/1/00 7:51:28,87.2961
1/1/00 7:51:33,88.5653
1/1/00 7:51:38,89.2421
1/1/00 7:51:43,89.9294
1/1/00 7:51:48,90.5234
1/1/00 7:51:53,91.7537
1/1/00 7:51:58,93.4242
1/1/00 7:52:03,93.3198
1/1/00 7:52:08,91.3296
1/1/00 7:52:13,89.2661
1/1/00 7:52:18,89.5829
1/1/00 7:52:23,91.4882
1/1/00 7:52:28,92.2186
1/1/00 7:52:33,92.0078
1/1/00 7:52:38,89.6825
1/1/00 7:52:43,87.5357
1/1/00 7:52:48,86.4565
1/1/00 7:52:53,83.9893
1/1/00 7:52:58,85.2325
1/1/00 7:53:03,87.0735
1/1/00 7:53:08,85.1266
1/1/00 7:53:13,85.6814
1/1/00 7:53:18,87.9651
1/1/00 7:53:23,88.9019
1/1/00 7:53:28,88.8873
1/1/00 7:53:33,87.6985
1/1/00 7:53:38,87.201
1/1/00 7:53:43,88.1173
1/1/00 7:53:48,88.9118
1/1/00 7:53:53,89.7935
1/1/00 7:53:58,89.6765
1/1/00 7:54:03,88.3208
1/1/00 7:54:08,86.6521
1/1/00 7:54:13,86.3542
1/1/00 7:54:18,87.3479
1/1/00 7:54:23,87.7306
1/1/00 7:54:28,86.0145
1/1/00 7:54:33,85.2927
1/1/00 7:54:38,87.2668
1/1/00 7:54:43,89.2897
1/1/00 7:54:48,88.798
1/1/00 7:54:53,87.0666
1/1/00 7:54:58,87.1013
1/1/00 7:55:03,88.2948
1/1/00 7:55:08,89.7633
1/1/00 7:55:13,90
1/1/00 7:55:18,89.5801
1/1/00 7:55:23,89.6108
1/1/00 7:55:28,90.2994
1/1/00 7:55:33,90.999
1/1/00 7:55:38,91.0714
1/1/00 7:55:43,90.1045
1/1/00 7:55:48,90.0195
1/1/00 7:55:53,90.8312
1/1/00 7:55:58,91.2841
1/1/00 7:56:03,92.7045
1/1/00 7:56:08,92.3523
1/1/00 7:56:13,90.5704
1/1/00 7:56:18,90.092
1/1/00 7:56:23,90.1796
1/1/00 7:56:28,91.477
1/1/00 7:56:33,92.3926
1/1/00 7:56:38,91.9964
1/1/00 7:56:43,91.6074
1/1/00 7:56:48,91.1619
1/1/00 7:56:53,91.122
1/1/00 7:56:58,91.7877
1/1/00 7:57:03,92.3337
1/1/00 7:57:08,90.5921
1/1/00 7:57:13,87.9201
1/1/00 7:57:18,87.4514
1/1/00 7:57:23,88.6984
1/1/00 7:57:28,91.0847
1/1/00 7:57:33,92.1454
1/1/00 7:57:38,91.5808
1/1/00 7:57:43,91.5105
1/1/00 7:57:48,91.7911
1/1/00 7:57:53,92.0245
1/1/00 7:57:58,91.8674
1/1/00 7:58:03,91.6564
1/1/00 7:58:08,91.8136
1/1/00 7:58:13,91.7597
1/1/00 7:58:18,91.8359
1/1/00 7:58:23,92.5793
1/1/00 7:58:28,93.3823
1/1/00 7:58:33,94.0613
1/1/00 7:58:38,94.5737
1/1/00 7:58:43,95.0294
1/1/00 7:58:48,95.3963
1/1/00 7:58:53,95.5366
1/1/00 7:58:58,94.9357
1/1/00 7:59:03,95.0073
1/1/00 7:59:08,95.4717
1/1/00 7:59:13,95.067
1/1/00 7:59:18,95.8198
1/1/00 7:59:23,97.0809
1/1/00 7:59:28,96.7027
1/1/00 7:59:33,96.3891
1/1/00 7:59:38,97.2328
1/1/00 7:59:43,97.2177
1/1/00 7:59:48,95.8334
1/1/00 7:59:53,93.6169
1/1/00 7:59:58,91.756
1/1/00 8:00:03,91.027
1/1/00 8:00:08,90.6002
1/1/00 8:00:13,89.7198
1/1/00 8:00:18,88.8009
1/1/00 8:00:23,88.3343
1/1/00 8:00:28,87.6772
1/1/00 8:00:33,88.5264
1/1/00 8:00:38,90.5949
1/1/00 8:00:43,91.6123
1/1/00 8:00:48,91.1198
1/1/00 8:00:53,89.3574
1/1/00 8:00:58,88.6616
1/1/00 8:01:03,90
1/1/00 8:01:08,91.8114
1/1/00 8:01:13,91.3095
1/1/00 8:01:18,89.2076
1/1/00 8:01:23,87.799
1/1/00 8:01:28,87.2093
1/1/00 8:01:33,88.281
1/1/00 8:01:38,90.1498
1/1/00 8:01:43,91.4458
1/1/00 8:01:48,91.1531
1/1/00 8:01:53,89.4103
1/1/00 8:01:58,87.7363
1/1/00 8:02:03,86.3639
1/1/00 8:02:08,86.9143
1/1/00 8:02:13,88.3293
1/1/00 8:02:18,88.4046
1/1/00 8:02:23,87.485
1/1/00 8:02:28,87.1392
1/1/00 8:02:33,87.7722
1/1/00 8:02:38,88.2046
1/1/00 8:02:43,89.1293
1/1/00 8:02:48,90.2515
1/1/00 8:02:53,90.6666
1/1/00 8:02:58,90.4671
1/1/00 8:03:03,90.0519
1/1/00 8:03:08,90.2602
1/1/00 8:03:13,90.4085
1/1/00 8:03:18,89.6257
1/1/00 8:03:23,88.6849
1/1/00 8:03:28,87.6355
1/1/00 8:03:33,87.1765
1/1/00 8:03:38,87.7867
1/1/00 8:03:43,88.5068
1/1/00 8:03:48,88.4003
1/1/00 8:03:53,87.7996
1/1/00 8:03:58,87.3827
1/1/00 8:04:03,88.6971
1/1/00 8:04:08,90.6126
1/1/00 8:04:13,91.0843
1/1/00 8:04:18,90.7449
1/1/00 8:04:23,89.5787
1/1/00 8:04:28,88.4528
1/1/00 8:04:33,88.3228
1/1/00 8:04:38,89.7225
1/1/00 8:04:43,91.1685
1/1/00 8:04:48,91.1019
1/1/00 8:04:52,90.6497
1/1/00 8:04:57,90.7163
1/1/00 8:05:02,93.1697
1/1/00 8:05:07,93.1697
1/1/00 8:05:12,93.1697
1/1/00 8:05:17,93.1697
1/1/00 8:05:22,93.1697
1/1/00 8:05:27,98.0392
1/1/00 8:05:32,98.3127
1/1/00 8:05:37,98.4314
1/1/00 8:05:42,97.525
1/1/00 8:05:47,95.7277
1/1/00 8:05:52,93.9248
1/1/00 8:05:57,93.1677
1/1/00 8:06:02,93.6701
1/1/00 8:06:07,94.4638
1/1/00 8:06:12,94.5474
1/1/00 8:06:17,94.3396
1/1/00 8:06:22,94.7963
1/1/00 8:06:27,95.3972
1/1/00 8:06:32,95.3193
1/1/00 8:06:37,94.4236
1/1/00 8:06:42,93.4682
1/1/00 8:06:47,93.375
1/1/00 8:06:52,93.8942
1/1/00 8:06:57,94.6635
1/1/00 8:07:02,95.628
1/1/00 8:07:07,96.1538
1/1/00 8:07:12,96.3524
1/1/00 8:07:17,96.9155
1/1/00 8:07:22,97.7165
1/1/00 8:07:27,98.4185
1/1/00 8:07:32,98.9979
1/1/00 8:07:37,98.8364
1/1/00 8:07:42,97.0679
1/1/00 8:07:47,94.6187
1/1/00 8:07:52,93.0278
1/1/00 8:07:57,92.8663
1/1/00 8:08:02,93.1539
1/1/00 8:08:07,92.8473
1/1/00 8:08:12,91.9952
1/1/00 8:08:17,91.4634
1/1/00 8:08:22,91.888
1/1/00 8:08:27,92.4526
1/1/00 8:08:32,92.5023
1/1/00 8:08:37,91.9377
1/1/00 8:08:42,91.7013
1/1/00 8:08:47,92.4512
1/1/00 8:08:52,93.4344
1/1/00 8:08:57,94.1226
1/1/00 8:09:02,95.2395
1/1/00 8:09:07,96.3774
1/1/00 8:09:12,96.8531
1/1/00 8:09:17,97.1613
1/1/00 8:09:22,97.0029
1/1/00 8:09:27,96.7742
1/1/00 8:09:32,96.5285
1/1/00 8:09:37,95.4061
1/1/00 8:09:42,93.9985
1/1/00 8:09:47,93.9037
1/1/00 8:09:52,94.6334
1/1/00 8:09:57,94.717
1/1/00 8:10:02,94.1607
1/1/00 8:10:07,93.3997
1/1/00 8:10:12,92.5047
1/1/00 8:10:17,93.2709
1/1/00 8:10:22,94.3758
1/1/00 8:10:27,94.0841
1/1/00 8:10:32,94.1487
1/1/00 8:10:37,94.6501
1/1/00 8:10:42,95.409
1/1/00 8:10:47,95.2292
1/1/00 8:10:52,93.9423
1/1/00 8:10:57,93.5287
1/1/00 8:11:02,92.6524
1/1/00 8:11:07,92.25
1/1/00 8:11:12,93.3476
1/1/00 8:11:17,93.8558
1/1/00 8:11:22,95.0577
1/1/00 8:11:27,97.2166
1/1/00 8:11:32,98.2805
1/1/00 8:11:37,98.4202
1/1/00 8:11:42,99.2077
1/1/00 8:11:47,100.949
1/1/00 8:11:52,102.041
1/1/00 8:11:57,101.751
1/1/00 8:12:02,101.862
1/1/00 8:12:07,101.832
1/1/00 8:12:12,100.059
1/1/00 8:12:17,97.1287
1/1/00 8:12:22,95.5414
1/1/00 8:12:27,95.5414
1/1/00 8:12:32,96.5285
1/1/00 8:12:37,98.5299
1/1/00 8:12:42,99.9256
1/1/00 8:12:47,101.523
1/1/00 8:12:52,102.74
1/1/00 8:12:57,103.015
1/1/00 8:13:02,103.815
1/1/00 8:13:07,104.445
1/1/00 8:13:12,104.359
1/1/00 8:13:17,103.93
1/1/00 8:13:22,102.523
1/1/00 8:13:27,100.039
1/1/00 8:13:32,99.2108
1/1/00 8:13:37,100.427
1/1/00 8:13:42,102.017
1/1/00 8:13:47,103.52
1/1/00 8:13:52,103.734
1/1/00 8:13:57,103.734
1/1/00 8:14:02,103.734
1/1/00 8:14:07,103.734
1/1/00 8:14:12,103.734
1/1/00 8:14:17,103.734
1/1/00 8:14:22,103.734
1/1/00 8:14:27,103.734
1/1/00 8:14:32,88.9034
1/1/00 8:14:37,90.5565
1/1/00 8:14:42,92.8345
1/1/00 8:14:47,94.6083
1/1/00 8:14:52,95.8343
1/1/00 8:14:57,96.8482
1/1/00 8:15:02,97.4026
1/1/00 8:15:07,96.7996
1/1/00 8:15:12,95.7505
1/1/00 8:15:17,95.1984
1/1/00 8:15:22,95.6232
1/1/00 8:15:27,95.3556
1/1/00 8:15:32,95.1886
1/1/00 8:15:37,96.297
1/1/00 8:15:42,96.9806
1/1/00 8:15:47,98.5935
1/1/00 8:15:52,99.6927
1/1/00 8:15:57,100.335
1/1/00 8:16:02,101.107
1/1/00 8:16:07,100.581
1/1/00 8:16:12,100.608
1/1/00 8:16:17,101.863
1/1/00 8:16:22,102.057
1/1/00 8:16:27,101.09
1/1/00 8:16:32,98.6351
1/1/00 8:16:37,95.9158
1/1/00 8:16:42,97.0263
1/1/00 8:16:47,98.6842
1/1/00 8:16:52,97.8285
1/1/00 8:16:57,96.075
1/1/00 8:17:02,94.9891
1/1/00 8:17:07,95.2904
1/1/00 8:17:12,96.5911
1/1/00 8:17:17,97.9768
1/1/00 8:17:22,98.1818
1/1/00 8:17:27,97.6077
1/1/00 8:17:32,97.541
1/1/00 8:17:37,98.1818
1/1/00 8:17:42,99.6777
1/1/00 8:17:47,100.4
1/1/00 8:17:52,100.268
1/1/00 8:17:57,100.54
1/1/00 8:18:02,100.522
1/1/00 8:18:07,99.8712
1/1/00 8:18:12,100.361
1/1/00 8:18:17,101.068
1/1/00 8:18:22,100.092
1/1/00 8:18:27,98.6369
1/1/00 8:18:32,97.5
1/1/00 8:18:37,97.9049
1/1/00 8:18:42,97.7598
1/1/00 8:18:47,95.0759
1/1/00 8:18:52,93.0363
1/1/00 8:18:57,92.9701
1/1/00 8:19:02,91.5022
1/1/00 8:19:07,90.9403
1/1/00 8:19:12,92.0374
1/1/00 8:19:17,91.9676
1/1/00 8:19:22,92.8354
1/1/00 8:19:27,94.0212
1/1/00 8:19:32,94.125
1/1/00 8:19:37,93.7466
1/1/00 8:19:42,93.3517
1/1/00 8:19:47,93.1677
1/1/00 8:19:52,93.3983
1/1/00 8:19:57,94.148
1/1/00 8:20:02,95.3425
1/1/00 8:20:07,96.7256
1/1/00 8:20:12,98.0588
1/1/00 8:20:17,99.4869
1/1/00 8:20:22,100.69
1/1/00 8:20:27,101.221
1/1/00 8:20:32,101.524
1/1/00 8:20:37,102.218
1/1/00 8:20:42,102.74
1/1/00 8:20:47,101.49
1/1/00 8:20:52,99.1959
1/1/00 8:20:57,99.1959
1/1/00 8:21:02,99.1959
1/1/00 8:21:07,99.1959
1/1/00 8:21:12,99.1959
1/1/00 8:21:17,99.1959
1/1/00 8:21:22,99.1959
1/1/00 8:21:27,99.1959
1/1/00 8:21:31,99.1959
1/1/00 8:21:36,99.1959
1/1/00 8:21:41,99.1959
1/1/00 8:21:46,99.1959
1/1/00 8:21:51,82.1587
1/1/00 8:21:56,84.4073
1/1/00 8:22:01,85.8818
1/1/00 8:22:06,86.1281
1/1/00 8:22:11,86.2069
1/1/00 8:22:16,87.1156
1/1/00 8:22:21,87.067
1/1/00 8:22:26,85.0111
1/1/00 8:22:31,82.4968
1/1/00 8:22:36,81.0811
1/1/00 8:22:41,81.1827
1/1/00 8:22:46,81.8509
1/1/00 8:22:51,78.7123
1/1/00 8:22:56,73.4366
1/1/00 8:23:01,73.8118
1/1/00 8:23:06,76.5512
1/1/00 8:23:11,78.355
1/1/00 8:23:16,79.7589
1/1/00 8:23:21,80.3707
1/1/00 8:23:26,80.8348
1/1/00 8:23:31,81.7173
1/1/00 8:23:36,83.2031
1/1/00 8:23:41,84.8835
1/1/00 8:23:46,85.7143
1/1/00 8:23:51,85.8857
1/1/00 8:23:56,85.556
1/1/00 8:24:01,83.7363
1/1/00 8:24:06,83.8154
1/1/00 8:24:11,84.1361
1/1/00 8:24:16,81.4231
1/1/00 8:24:21,79.1957
1/1/00 8:24:26,78.5691
1/1/00 8:24:31,78.534
1/1/00 8:24:36,80.0584
1/1/00 8:24:41,81.4947
1/1/00 8:24:46,81.0259
1/1/00 8:24:51,81.4747
1/1/00 8:24:56,83.3899
1/1/00 8:25:01,85.5195
1/1/00 8:25:06,85.8953
1/1/00 8:25:11,85.0616
1/1/00 8:25:16,84.5662
1/1/00 8:25:21,83.5546
1/1/00 8:25:26,84.4518
1/1/00 8:25:31,85.0348
1/1/00 8:25:36,82.342
1/1/00 8:25:41,81.0624
1/1/00 8:25:46,81.2903
1/1/00 8:25:51,80.8731
1/1/00 8:25:56,82.2094
1/1/00 8:26:01,82.7825
1/1/00 8:26:06,81.0877
1/1/00 8:26:11,81.6285
1/1/00 8:26:16,83.4498
1/1/00 8:26:21,84.6325
1/1/00 8:26:26,86.2239
1/1/00 8:26:31,87.0016
1/1/00 8:26:36,86.3185
1/1/00 8:26:41,85.3119
1/1/00 8:26:46,85.4939
1/1/00 8:26:51,86.3644
1/1/00 8:26:56,87.2731
1/1/00 8:27:01,90.0245
1/1/00 8:27:06,92.0245
1/1/00 8:27:11,92.5767
1/1/00 8:27:16,93.653
1/1/00 8:27:21,94.586
1/1/00 8:27:26,95.2681
1/1/00 8:27:31,94.5444
1/1/00 8:27:36,94.0127
1/1/00 8:27:41,94.5733
1/1/00 8:27:46,93.6306
1/1/00 8:27:51,94.067
1/1/00 8:27:56,95.0943
1/1/00 8:28:01,94.9216
1/1/00 8:28:06,96.1808
1/1/00 8:28:11,98.9515
1/1/00 8:28:16,101.739
1/1/00 8:28:21,102.14
1/1/00 8:28:26,101.214
1/1/00 8:28:31,100.946
1/1/00 8:28:36,101.177
1/1/00 8:28:41,101.52
1/1/00 8:28:46,102.928
1/1/00 8:28:51,103.476
1/1/00 8:28:56,103.333
1/1/00 8:29:01,104.024
1/1/00 8:29:06,104.167
1/1/00 8:29:11,104.292
1/1/00 8:29:16,104.583
1/1/00 8:29:21,104.441
1/1/00 8:29:26,103.79
1/1/00 8:29:31,101.623
1/1/00 8:29:36,99.5679
1/1/00 8:29:41,99.1835
1/1/00 8:29:46,98.8567
,