Time,Y
6/5/00 0:00,22262
6/5/00 0:30,21756
6/5/00 1:00,22247
6/5/00 1:30,22759
6/5/00 2:00,22549
6/5/00 2:30,22313
6/5/00 3:00,22128
6/5/00 3:30,21860
6/5/00 4:00,21751
6/5/00 4:30,21336
6/5/00 5:00,21363
6/5/00 5:30,22176
6/5/00 6:00,24649
6/5/00 6:30,27466
6/5/00 7:00,31020
6/5/00 7:30,33529
6/5/00 8:00,35428
6/5/00 8:30,36034
6/5/00 9:00,36834
6/5/00 9:30,37296
6/5/00 10:00,37338
6/5/00 10:30,37608
6/5/00 11:00,37692
6/5/00 11:30,37944
6/5/00 12:00,37880
6/5/00 12:30,37493
6/5/00 13:00,37065
6/5/00 13:30,36855
6/5/00 14:00,36871
6/5/00 14:30,36837
6/5/00 15:00,36603
6/5/00 15:30,36982
6/5/00 16:00,37369
6/5/00 16:30,37650
6/5/00 17:00,37413
6/5/00 17:30,36475
6/5/00 18:00,35486
6/5/00 18:30,34452
6/5/00 19:00,33704
6/5/00 19:30,32883
6/5/00 20:00,31940
6/5/00 20:30,32215
6/5/00 21:00,32572
6/5/00 21:30,32850
6/5/00 22:00,32251
6/5/00 22:30,30895
6/5/00 23:00,28460
6/5/00 23:30,26572
6/6/00 0:00,25093
6/6/00 0:30,24320
6/6/00 1:00,24684
6/6/00 1:30,25338
6/6/00 2:00,24943
6/6/00 2:30,24637
6/6/00 3:00,24424
6/6/00 3:30,24163
6/6/00 4:00,23943
6/6/00 4:30,23324
6/6/00 5:00,23412
6/6/00 5:30,24065
6/6/00 6:00,26035
6/6/00 6:30,28632
6/6/00 7:00,32023
6/6/00 7:30,34315
6/6/00 8:00,35927
6/6/00 8:30,36367
6/6/00 9:00,37087
6/6/00 9:30,37184
6/6/00 10:00,37009
6/6/00 10:30,37212
6/6/00 11:00,37531
6/6/00 11:30,37890
6/6/00 12:00,37982
6/6/00 12:30,37540
6/6/00 13:00,37160
6/6/00 13:30,36920
6/6/00 14:00,37060
6/6/00 14:30,36930
6/6/00 15:00,36640
6/6/00 15:30,36910
6/6/00 16:00,37220
6/6/00 16:30,37530
6/6/00 17:00,37320
6/6/00 17:30,36331
6/6/00 18:00,35206
6/6/00 18:30,34203
6/6/00 19:00,33273
6/6/00 19:30,32376
6/6/00 20:00,31838
6/6/00 20:30,31211
6/6/00 21:00,31505
6/6/00 21:30,31838
6/6/00 22:00,32185
6/6/00 22:30,30881
6/6/00 23:00,28800
6/6/00 23:30,26833
6/7/00 0:00,25095
6/7/00 0:30,24437
6/7/00 1:00,24697
6/7/00 1:30,25259
6/7/00 2:00,25029
6/7/00 2:30,24806
6/7/00 3:00,24437
6/7/00 3:30,24279
6/7/00 4:00,23902
6/7/00 4:30,23418
6/7/00 5:00,23424
6/7/00 5:30,24094
6/7/00 6:00,26039
6/7/00 6:30,28636
6/7/00 7:00,32034
6/7/00 7:30,34235
6/7/00 8:00,35694
6/7/00 8:30,35978
6/7/00 9:00,36475
6/7/00 9:30,36675
6/7/00 10:00,36720
6/7/00 10:30,36842
6/7/00 11:00,36890
6/7/00 11:30,36917
6/7/00 12:00,36854
6/7/00 12:30,36525
6/7/00 13:00,36431
6/7/00 13:30,36212
6/7/00 14:00,36061
6/7/00 14:30,35931
6/7/00 15:00,35835
6/7/00 15:30,36148
6/7/00 16:00,36523
6/7/00 16:30,36859
6/7/00 17:00,36731
6/7/00 17:30,35804
6/7/00 18:00,34721
6/7/00 18:30,34035
6/7/00 19:00,33234
6/7/00 19:30,32532
6/7/00 20:00,31474
6/7/00 20:30,31957
6/7/00 21:00,32500
6/7/00 21:30,32586
6/7/00 22:00,31917
6/7/00 22:30,30636
6/7/00 23:00,28705
6/7/00 23:30,26707
6/8/00 0:00,25092
6/8/00 0:30,24412
6/8/00 1:00,24714
6/8/00 1:30,25079
6/8/00 2:00,24904
6/8/00 2:30,24380
6/8/00 3:00,24009
6/8/00 3:30,23913
6/8/00 4:00,23657
6/8/00 4:30,23262
6/8/00 5:00,23283
6/8/00 5:30,23870
6/8/00 6:00,26001
6/8/00 6:30,28448
6/8/00 7:00,31876
6/8/00 7:30,34363
6/8/00 8:00,35819
6/8/00 8:30,36295
6/8/00 9:00,36949
6/8/00 9:30,37095
6/8/00 10:00,37086
6/8/00 10:30,37520
6/8/00 11:00,37540
6/8/00 11:30,37671
6/8/00 12:00,37695
6/8/00 12:30,37314
6/8/00 13:00,37113
6/8/00 13:30,36796
6/8/00 14:00,36705
6/8/00 14:30,36634
6/8/00 15:00,36357
6/8/00 15:30,36664
6/8/00 16:00,37020
6/8/00 16:30,37152
6/8/00 17:00,36836
6/8/00 17:30,36008
6/8/00 18:00,34981
6/8/00 18:30,34265
6/8/00 19:00,33385
6/8/00 19:30,32477
6/8/00 20:00,31966
6/8/00 20:30,31402
6/8/00 21:00,31703
6/8/00 21:30,32192
6/8/00 22:00,32322
6/8/00 22:30,30972
6/8/00 23:00,28910
6/8/00 23:30,26992
6/9/00 0:00,25324
6/9/00 0:30,24684
6/9/00 1:00,24893
6/9/00 1:30,25092
6/9/00 2:00,24751
6/9/00 2:30,24238
6/9/00 3:00,23906
6/9/00 3:30,23755
6/9/00 4:00,23625
6/9/00 4:30,23027
6/9/00 5:00,23097
6/9/00 5:30,23692
6/9/00 6:00,25936
6/9/00 6:30,28501
6/9/00 7:00,31838
6/9/00 7:30,34308
6/9/00 8:00,36305
6/9/00 8:30,36743
6/9/00 9:00,37705
6/9/00 9:30,37980
6/9/00 10:00,38084
6/9/00 10:30,38379
6/9/00 11:00,38526
6/9/00 11:30,38429
6/9/00 12:00,38344
6/9/00 12:30,37785
6/9/00 13:00,37495
6/9/00 13:30,37190
6/9/00 14:00,37010
6/9/00 14:30,36641
6/9/00 15:00,36296
6/9/00 15:30,36309
6/9/00 16:00,36532
6/9/00 16:30,36662
6/9/00 17:00,36229
6/9/00 17:30,35321
6/9/00 18:00,34409
6/9/00 18:30,33425
6/9/00 19:00,32708
6/9/00 19:30,31460
6/9/00 20:00,30955
6/9/00 20:30,30274
6/9/00 21:00,30302
6/9/00 21:30,30427
6/9/00 22:00,30154
6/9/00 22:30,29311
6/9/00 23:00,27699
6/9/00 23:30,26213
6/10/00 0:00,24756
6/10/00 0:30,23847
6/10/00 1:00,23917
6/10/00 1:30,23989
6/10/00 2:00,23555
6/10/00 2:30,23026
6/10/00 3:00,22668
6/10/00 3:30,22451
6/10/00 4:00,21969
6/10/00 4:30,21212
6/10/00 5:00,20978
6/10/00 5:30,21155
6/10/00 6:00,22370
6/10/00 6:30,23537
6/10/00 7:00,25210
6/10/00 7:30,26961
6/10/00 8:00,28770
6/10/00 8:30,29915
6/10/00 9:00,30895
6/10/00 9:30,31273
6/10/00 10:00,31390
6/10/00 10:30,31287
6/10/00 11:00,31163
6/10/00 11:30,30811
6/10/00 12:00,30310
6/10/00 12:30,29767
6/10/00 13:00,29016
6/10/00 13:30,28374
6/10/00 14:00,28064
6/10/00 14:30,27599
6/10/00 15:00,27338
6/10/00 15:30,27156
6/10/00 16:00,27355
6/10/00 16:30,27860
6/10/00 17:00,28315
6/10/00 17:30,28396
6/10/00 18:00,27932
6/10/00 18:30,27776
6/10/00 19:00,27520
6/10/00 19:30,27026
6/10/00 20:00,26649
6/10/00 20:30,26343
6/10/00 21:00,26487
6/10/00 21:30,27219
6/10/00 22:00,27384
6/10/00 22:30,26680
6/10/00 23:00,25658
6/10/00 23:30,24258
6/11/00 0:00,22864
6/11/00 0:30,21998
6/11/00 1:00,22165
6/11/00 1:30,22308
6/11/00 2:00,21863
6/11/00 2:30,21439
6/11/00 3:00,21067
6/11/00 3:30,20781
6/11/00 4:00,20389
6/11/00 4:30,19663
6/11/00 5:00,19305
6/11/00 5:30,19410
6/11/00 6:00,20079
6/11/00 6:30,20701
6/11/00 7:00,21639
6/11/00 7:30,22722
6/11/00 8:00,24046
6/11/00 8:30,25150
6/11/00 9:00,26285
6/11/00 9:30,27420
6/11/00 10:00,28438
6/11/00 10:30,28770
6/11/00 11:00,29309
6/11/00 11:30,29586
6/11/00 12:00,29721
6/11/00 12:30,29598
6/11/00 13:00,28776
6/11/00 13:30,28008
6/11/00 14:00,27487
6/11/00 14:30,27272
6/11/00 15:00,27091
6/11/00 15:30,27156
6/11/00 16:00,27190
6/11/00 16:30,27461
6/11/00 17:00,27722
6/11/00 17:30,27583
6/11/00 18:00,27575
6/11/00 18:30,27512
6/11/00 19:00,27603
6/11/00 19:30,27155
6/11/00 20:00,27250
6/11/00 20:30,27200
6/11/00 21:00,27798
6/11/00 21:30,28487
6/11/00 22:00,28691
6/11/00 22:30,27260
6/11/00 23:00,25371
6/11/00 23:30,23689
6/12/00 0:00,22454
6/12/00 0:30,21818
6/12/00 1:00,22002
6/12/00 1:30,22516
6/12/00 2:00,22292
6/12/00 2:30,21935
6/12/00 3:00,21683
6/12/00 3:30,21656
6/12/00 4:00,21481
6/12/00 4:30,21140
6/12/00 5:00,21308
6/12/00 5:30,22138
6/12/00 6:00,24699
6/12/00 6:30,27366
6/12/00 7:00,30973
6/12/00 7:30,33497
6/12/00 8:00,35192
6/12/00 8:30,35624
6/12/00 9:00,36444
6/12/00 9:30,36903
6/12/00 10:00,36944
6/12/00 10:30,37223
6/12/00 11:00,37345
6/12/00 11:30,37710
6/12/00 12:00,37641
6/12/00 12:30,37391
6/12/00 13:00,37116
6/12/00 13:30,37017
6/12/00 14:00,37024
6/12/00 14:30,36882
6/12/00 15:00,36605
6/12/00 15:30,36861
6/12/00 16:00,37241
6/12/00 16:30,37550
6/12/00 17:00,37215
6/12/00 17:30,36203
6/12/00 18:00,35035
6/12/00 18:30,34112
6/12/00 19:00,33482
6/12/00 19:30,32349
6/12/00 20:00,31186
6/12/00 20:30,30920
6/12/00 21:00,30270
6/12/00 21:30,31869
6/12/00 22:00,31651
6/12/00 22:30,30821
6/12/00 23:00,28528
6/12/00 23:30,26675
6/13/00 0:00,25129
6/13/00 0:30,24425
6/13/00 1:00,24538
6/13/00 1:30,24577
6/13/00 2:00,24215
6/13/00 2:30,24012
6/13/00 3:00,23723
6/13/00 3:30,23546
6/13/00 4:00,23379
6/13/00 4:30,22857
6/13/00 5:00,22939
6/13/00 5:30,23464
6/13/00 6:00,25734
6/13/00 6:30,28240
6/13/00 7:00,31600
6/13/00 7:30,34011
6/13/00 8:00,35567
6/13/00 8:30,35946
6/13/00 9:00,36733
6/13/00 9:30,36963
6/13/00 10:00,37009
6/13/00 10:30,37100
6/13/00 11:00,37265
6/13/00 11:30,37478
6/13/00 12:00,37462
6/13/00 12:30,37040
6/13/00 13:00,36778
6/13/00 13:30,36679
6/13/00 14:00,36570
6/13/00 14:30,36509
6/13/00 15:00,36433
6/13/00 15:30,36730
6/13/00 16:00,37125
6/13/00 16:30,37359
6/13/00 17:00,36995
6/13/00 17:30,36149
6/13/00 18:00,34845
6/13/00 18:30,33986
6/13/00 19:00,33353
6/13/00 19:30,32595
6/13/00 20:00,31833
6/13/00 20:30,31382
6/13/00 21:00,31264
6/13/00 21:30,31805
6/13/00 22:00,32067
6/13/00 22:30,30723
6/13/00 23:00,28736
6/13/00 23:30,26800
6/14/00 0:00,25296
6/14/00 0:30,24612
6/14/00 1:00,24614
6/14/00 1:30,24699
6/14/00 2:00,24358
6/14/00 2:30,23930
6/14/00 3:00,23690
6/14/00 3:30,23720
6/14/00 4:00,23472
6/14/00 4:30,23233
6/14/00 5:00,23376
6/14/00 5:30,23913
6/14/00 6:00,26027
6/14/00 6:30,28641
6/14/00 7:00,32093
6/14/00 7:30,34598
6/14/00 8:00,36118
6/14/00 8:30,36505
6/14/00 9:00,37295
6/14/00 9:30,37562
6/14/00 10:00,37546
6/14/00 10:30,37734
6/14/00 11:00,38071
6/14/00 11:30,38204
6/14/00 12:00,38233
6/14/00 12:30,37710
6/14/00 13:00,37459
6/14/00 13:30,37224
6/14/00 14:00,37208
6/14/00 14:30,36962
6/14/00 15:00,36837
6/14/00 15:30,37151
6/14/00 16:00,37602
6/14/00 16:30,38055
6/14/00 17:00,37780
6/14/00 17:30,36832
6/14/00 18:00,35861
6/14/00 18:30,35202
6/14/00 19:00,34347
6/14/00 19:30,33562
6/14/00 20:00,32860
6/14/00 20:30,32606
6/14/00 21:00,32578
6/14/00 21:30,32552
6/14/00 22:00,32256
6/14/00 22:30,30893
6/14/00 23:00,28956
6/14/00 23:30,26926
6/15/00 0:00,25339
6/15/00 0:30,24677
6/15/00 1:00,24774
6/15/00 1:30,24932
6/15/00 2:00,24615
6/15/00 2:30,24244
6/15/00 3:00,23962
6/15/00 3:30,23970
6/15/00 4:00,23624
6/15/00 4:30,23113
6/15/00 5:00,23221
6/15/00 5:30,23940
6/15/00 6:00,26205
6/15/00 6:30,28582
6/15/00 7:00,32017
6/15/00 7:30,34569
6/15/00 8:00,36166
6/15/00 8:30,36510
6/15/00 9:00,37250
6/15/00 9:30,37372
6/15/00 10:00,37318
6/15/00 10:30,37333
6/15/00 11:00,37611
6/15/00 11:30,37736
6/15/00 12:00,37756
6/15/00 12:30,37275
6/15/00 13:00,37010
6/15/00 13:30,36926
6/15/00 14:00,36837
6/15/00 14:30,36726
6/15/00 15:00,36449
6/15/00 15:30,36734
6/15/00 16:00,37067
6/15/00 16:30,37174
6/15/00 17:00,36824
6/15/00 17:30,35980
6/15/00 18:00,34953
6/15/00 18:30,34235
6/15/00 19:00,33350
6/15/00 19:30,32664
6/15/00 20:00,31923
6/15/00 20:30,31603
6/15/00 21:00,31736
6/15/00 21:30,32134
6/15/00 22:00,31993
6/15/00 22:30,30956
6/15/00 23:00,28861
6/15/00 23:30,27012
6/16/00 0:00,25267
6/16/00 0:30,24560
6/16/00 1:00,24415
6/16/00 1:30,24490
6/16/00 2:00,24057
6/16/00 2:30,23680
6/16/00 3:00,23440
6/16/00 3:30,23432
6/16/00 4:00,23184
6/16/00 4:30,22774
6/16/00 5:00,22930
6/16/00 5:30,23579
6/16/00 6:00,25821
6/16/00 6:30,28193
6/16/00 7:00,31647
6/16/00 7:30,34117
6/16/00 8:00,35590
6/16/00 8:30,36167
6/16/00 9:00,36741
6/16/00 9:30,36768
6/16/00 10:00,36783
6/16/00 10:30,36991
6/16/00 11:00,37115
6/16/00 11:30,37224
6/16/00 12:00,37439
6/16/00 12:30,36822
6/16/00 13:00,36375
6/16/00 13:30,36126
6/16/00 14:00,35805
6/16/00 14:30,35478
6/16/00 15:00,35161
6/16/00 15:30,35123
6/16/00 16:00,35226
6/16/00 16:30,35435
6/16/00 17:00,35062
6/16/00 17:30,34357
6/16/00 18:00,33239
6/16/00 18:30,32583
6/16/00 19:00,31586
6/16/00 19:30,30604
6/16/00 20:00,30091
6/16/00 20:30,29610
6/16/00 21:00,29462
6/16/00 21:30,29893
6/16/00 22:00,30100
6/16/00 22:30,29071
6/16/00 23:00,27660
6/16/00 23:30,26242
6/17/00 0:00,24618
6/17/00 0:30,23740
6/17/00 1:00,23600
6/17/00 1:30,23350
6/17/00 2:00,22870
6/17/00 2:30,22390
6/17/00 3:00,22082
6/17/00 3:30,21823
6/17/00 4:00,21548
6/17/00 4:30,20867
6/17/00 5:00,20671
6/17/00 5:30,20948
6/17/00 6:00,22106
6/17/00 6:30,23295
6/17/00 7:00,25222
6/17/00 7:30,27075
6/17/00 8:00,28876
6/17/00 8:30,30152
6/17/00 9:00,31325
6/17/00 9:30,31720
6/17/00 10:00,31770
6/17/00 10:30,31694
6/17/00 11:00,31507
6/17/00 11:30,31267
6/17/00 12:00,30679
6/17/00 12:30,30227
6/17/00 13:00,29601
6/17/00 13:30,29002
6/17/00 14:00,28670
6/17/00 14:30,28308
6/17/00 15:00,28101
6/17/00 15:30,28074
6/17/00 16:00,28364
6/17/00 16:30,28772
6/17/00 17:00,29191
6/17/00 17:30,29118
6/17/00 18:00,28661
6/17/00 18:30,28005
6/17/00 19:00,27536
6/17/00 19:30,26823
6/17/00 20:00,25958
6/17/00 20:30,25897
6/17/00 21:00,25390
6/17/00 21:30,26690
6/17/00 22:00,27855
6/17/00 22:30,27276
6/17/00 23:00,26136
6/17/00 23:30,24839
6/18/00 0:00,23579
6/18/00 0:30,22570
6/18/00 1:00,22269
6/18/00 1:30,21878
6/18/00 2:00,21405
6/18/00 2:30,21024
6/18/00 3:00,20766
6/18/00 3:30,20541
6/18/00 4:00,20232
6/18/00 4:30,19485
6/18/00 5:00,19279
6/18/00 5:30,19342
6/18/00 6:00,19895
6/18/00 6:30,20744
6/18/00 7:00,21849
6/18/00 7:30,23073
6/18/00 8:00,24670
6/18/00 8:30,25975
6/18/00 9:00,27186
6/18/00 9:30,27996
6/18/00 10:00,28736
6/18/00 10:30,28957
6/18/00 11:00,29271
6/18/00 11:30,29490
6/18/00 12:00,29371
6/18/00 12:30,29068
6/18/00 13:00,28394
6/18/00 13:30,27685
6/18/00 14:00,27330
6/18/00 14:30,27130
6/18/00 15:00,26901
6/18/00 15:30,26873
6/18/00 16:00,26930
6/18/00 16:30,27084
6/18/00 17:00,27216
6/18/00 17:30,27139
6/18/00 18:00,27040
6/18/00 18:30,26990
6/18/00 19:00,27063
6/18/00 19:30,27059
6/18/00 20:00,26716
6/18/00 20:30,26960
6/18/00 21:00,27133
6/18/00 21:30,27954
6/18/00 22:00,28947
6/18/00 22:30,28247
6/18/00 23:00,26477
6/18/00 23:30,24635
6/19/00 0:00,23168
6/19/00 0:30,22498
6/19/00 1:00,22272
6/19/00 1:30,22291
6/19/00 2:00,22054
6/19/00 2:30,21737
6/19/00 3:00,21774
6/19/00 3:30,21654
6/19/00 4:00,21462
6/19/00 4:30,21173
6/19/00 5:00,21521
6/19/00 5:30,22334
6/19/00 6:00,24897
6/19/00 6:30,27609
6/19/00 7:00,31136
6/19/00 7:30,33625
6/19/00 8:00,35517
6/19/00 8:30,36628
6/19/00 9:00,37545
6/19/00 9:30,37995
6/19/00 10:00,38086
6/19/00 10:30,38389
6/19/00 11:00,38715
6/19/00 11:30,38777
6/19/00 12:00,38699
6/19/00 12:30,38307
6/19/00 13:00,37894
6/19/00 13:30,37832
6/19/00 14:00,37717
6/19/00 14:30,37563
6/19/00 15:00,37294
6/19/00 15:30,37604
6/19/00 16:00,37640
6/19/00 16:30,37584
6/19/00 17:00,37196
6/19/00 17:30,36090
6/19/00 18:00,35053
6/19/00 18:30,34283
6/19/00 19:00,33378
6/19/00 19:30,32754
6/19/00 20:00,31904
6/19/00 20:30,31817
6/19/00 21:00,31795
6/19/00 21:30,32467
6/19/00 22:00,32401
6/19/00 22:30,31574
6/19/00 23:00,29600
6/19/00 23:30,27540
6/20/00 0:00,25752
6/20/00 0:30,25196
6/20/00 1:00,24938
6/20/00 1:30,24740
6/20/00 2:00,24465
6/20/00 2:30,24187
6/20/00 3:00,23923
6/20/00 3:30,23837
6/20/00 4:00,23611
6/20/00 4:30,23198
6/20/00 5:00,23350
6/20/00 5:30,23994
6/20/00 6:00,26223
6/20/00 6:30,28568
6/20/00 7:00,31749
6/20/00 7:30,34325
6/20/00 8:00,35968
6/20/00 8:30,36745
6/20/00 9:00,37427
6/20/00 9:30,37718
6/20/00 10:00,37880
6/20/00 10:30,38206
6/20/00 11:00,38488
6/20/00 11:30,38657
6/20/00 12:00,38762
6/20/00 12:30,38230
6/20/00 13:00,37990
6/20/00 13:30,37673
6/20/00 14:00,37673
6/20/00 14:30,37530
6/20/00 15:00,37455
6/20/00 15:30,37622
6/20/00 16:00,37993
6/20/00 16:30,38264
6/20/00 17:00,37712
6/20/00 17:30,36707
6/20/00 18:00,35667
6/20/00 18:30,34737
6/20/00 19:00,33728
6/20/00 19:30,32967
6/20/00 20:00,31725
6/20/00 20:30,31408
6/20/00 21:00,30991
6/20/00 21:30,31696
6/20/00 22:00,32234
6/20/00 22:30,30990
6/20/00 23:00,28949
6/20/00 23:30,26904
6/21/00 0:00,25308
6/21/00 0:30,24764
6/21/00 1:00,24417
6/21/00 1:30,24377
6/21/00 2:00,23924
6/21/00 2:30,23583
6/21/00 3:00,23373
6/21/00 3:30,23398
6/21/00 4:00,23322
6/21/00 4:30,23038
6/21/00 5:00,22992
6/21/00 5:30,23673
6/21/00 6:00,25741
6/21/00 6:30,28276
6/21/00 7:00,31602
6/21/00 7:30,34031
6/21/00 8:00,35538
6/21/00 8:30,36017
6/21/00 9:00,36993
6/21/00 9:30,37420
6/21/00 10:00,37409
6/21/00 10:30,37412
6/21/00 11:00,37547
6/21/00 11:30,37664
6/21/00 12:00,37564
6/21/00 12:30,37271
6/21/00 13:00,36915
6/21/00 13:30,36791
6/21/00 14:00,36625
6/21/00 14:30,36357
6/21/00 15:00,36265
6/21/00 15:30,36582
6/21/00 16:00,37072
6/21/00 16:30,37238
6/21/00 17:00,36884
6/21/00 17:30,35890
6/21/00 18:00,34723
6/21/00 18:30,33724
6/21/00 19:00,32888
6/21/00 19:30,32110
6/21/00 20:00,31263
6/21/00 20:30,30907
6/21/00 21:00,30953
6/21/00 21:30,31413
6/21/00 22:00,31264
6/21/00 22:30,30239
6/21/00 23:00,28562
6/21/00 23:30,26606
6/22/00 0:00,24808
6/22/00 0:30,24126
6/22/00 1:00,23858
6/22/00 1:30,23809
6/22/00 2:00,23535
6/22/00 2:30,23123
6/22/00 3:00,23025
6/22/00 3:30,22977
6/22/00 4:00,22759
6/22/00 4:30,22478
6/22/00 5:00,22584
6/22/00 5:30,23160
6/22/00 6:00,25369
6/22/00 6:30,27933
6/22/00 7:00,31222
6/22/00 7:30,33533
6/22/00 8:00,35135
6/22/00 8:30,35717
6/22/00 9:00,36555
6/22/00 9:30,36843
6/22/00 10:00,36885
6/22/00 10:30,37138
6/22/00 11:00,37311
6/22/00 11:30,37550
6/22/00 12:00,37619
6/22/00 12:30,37199
6/22/00 13:00,36951
6/22/00 13:30,36844
6/22/00 14:00,36785
6/22/00 14:30,36624
6/22/00 15:00,36350
6/22/00 15:30,36614
6/22/00 16:00,37167
6/22/00 16:30,37388
6/22/00 17:00,36880
6/22/00 17:30,36185
6/22/00 18:00,35197
6/22/00 18:30,34300
6/22/00 19:00,33586
6/22/00 19:30,32645
6/22/00 20:00,32269
6/22/00 20:30,31671
6/22/00 21:00,31998
6/22/00 21:30,31890
6/22/00 22:00,31643
6/22/00 22:30,30227
6/22/00 23:00,28309
6/22/00 23:30,26457
6/23/00 0:00,24818
6/23/00 0:30,23982
6/23/00 1:00,23887
6/23/00 1:30,23898
6/23/00 2:00,23618
6/23/00 2:30,23263
6/23/00 3:00,22987
6/23/00 3:30,22990
6/23/00 4:00,22764
6/23/00 4:30,22399
6/23/00 5:00,22589
6/23/00 5:30,23219
6/23/00 6:00,25275
6/23/00 6:30,27918
6/23/00 7:00,31219
6/23/00 7:30,33642
6/23/00 8:00,35220
6/23/00 8:30,35757
6/23/00 9:00,36569
6/23/00 9:30,36876
6/23/00 10:00,36928
6/23/00 10:30,37087
6/23/00 11:00,37191
6/23/00 11:30,37439
6/23/00 12:00,37385
6/23/00 12:30,36914
6/23/00 13:00,36253
6/23/00 13:30,35983
6/23/00 14:00,35707
6/23/00 14:30,35269
6/23/00 15:00,34879
6/23/00 15:30,34885
6/23/00 16:00,35075
6/23/00 16:30,35346
6/23/00 17:00,35131
6/23/00 17:30,34313
6/23/00 18:00,33544
6/23/00 18:30,32824
6/23/00 19:00,32102
6/23/00 19:30,31035
6/23/00 20:00,30421
6/23/00 20:30,30052
6/23/00 21:00,30107
6/23/00 21:30,30249
6/23/00 22:00,30060
6/23/00 22:30,28893
6/23/00 23:00,27258
6/23/00 23:30,25692
6/24/00 0:00,24039
6/24/00 0:30,23381
6/24/00 1:00,23128
6/24/00 1:30,23016
6/24/00 2:00,22516
6/24/00 2:30,22196
6/24/00 3:00,21834
6/24/00 3:30,21720
6/24/00 4:00,21384
6/24/00 4:30,20703
6/24/00 5:00,20462
6/24/00 5:30,20707
6/24/00 6:00,21880
6/24/00 6:30,23026
6/24/00 7:00,24656
6/24/00 7:30,26407
6/24/00 8:00,28200
6/24/00 8:30,29479
6/24/00 9:00,30652
6/24/00 9:30,31175
6/24/00 10:00,31370
6/24/00 10:30,31497
6/24/00 11:00,31436
6/24/00 11:30,31377
6/24/00 12:00,30833
6/24/00 12:30,30254
6/24/00 13:00,29571
6/24/00 13:30,28827
6/24/00 14:00,28635
6/24/00 14:30,28406
6/24/00 15:00,28136
6/24/00 15:30,28065
6/24/00 16:00,28262
6/24/00 16:30,28945
6/24/00 17:00,29254
6/24/00 17:30,29355
6/24/00 18:00,29091
6/24/00 18:30,28699
6/24/00 19:00,28218
6/24/00 19:30,27876
6/24/00 20:00,27371
6/24/00 20:30,26955
6/24/00 21:00,26786
6/24/00 21:30,27440
6/24/00 22:00,27474
6/24/00 22:30,26648
6/24/00 23:00,25523
6/24/00 23:30,24304
6/25/00 0:00,22914
6/25/00 0:30,22095
6/25/00 1:00,21902
6/25/00 1:30,21947
6/25/00 2:00,21516
6/25/00 2:30,21077
6/25/00 3:00,20723
6/25/00 3:30,20501
6/25/00 4:00,20234
6/25/00 4:30,19590
6/25/00 5:00,19194
6/25/00 5:30,19374
6/25/00 6:00,19962
6/25/00 6:30,20551
6/25/00 7:00,21558
6/25/00 7:30,22652
6/25/00 8:00,23820
6/25/00 8:30,25012
6/25/00 9:00,26294
6/25/00 9:30,27372
6/25/00 10:00,28278
6/25/00 10:30,28957
6/25/00 11:00,29437
6/25/00 11:30,29743
6/25/00 12:00,30032
6/25/00 12:30,29798
6/25/00 13:00,28856
6/25/00 13:30,28128
6/25/00 14:00,27602
6/25/00 14:30,27416
6/25/00 15:00,27185
6/25/00 15:30,26997
6/25/00 16:00,27165
6/25/00 16:30,27555
6/25/00 17:00,27727
6/25/00 17:30,27887
6/25/00 18:00,27803
6/25/00 18:30,27657
6/25/00 19:00,27749
6/25/00 19:30,27593
6/25/00 20:00,27626
6/25/00 20:30,27495
6/25/00 21:00,27509
6/25/00 21:30,27996
6/25/00 22:00,28413
6/25/00 22:30,27306
6/25/00 23:00,25514
6/25/00 23:30,23667
6/26/00 0:00,22428
6/26/00 0:30,21687
6/26/00 1:00,21865
6/26/00 1:30,21984
6/26/00 2:00,21701
6/26/00 2:30,21514
6/26/00 3:00,21395
6/26/00 3:30,21224
6/26/00 4:00,21188
6/26/00 4:30,20759
6/26/00 5:00,20948
6/26/00 5:30,21826
6/26/00 6:00,24283
6/26/00 6:30,26965
6/26/00 7:00,30507
6/26/00 7:30,33060
6/26/00 8:00,34783
6/26/00 8:30,35322
6/26/00 9:00,36130
6/26/00 9:30,36494
6/26/00 10:00,36593
6/26/00 10:30,36826
6/26/00 11:00,36985
6/26/00 11:30,37098
6/26/00 12:00,37200
6/26/00 12:30,36654
6/26/00 13:00,36464
6/26/00 13:30,36257
6/26/00 14:00,36157
6/26/00 14:30,36098
6/26/00 15:00,35959
6/26/00 15:30,36207
6/26/00 16:00,36559
6/26/00 16:30,36790
6/26/00 17:00,36577
6/26/00 17:30,35727
6/26/00 18:00,34602
6/26/00 18:30,33578
6/26/00 19:00,32714
6/26/00 19:30,31926
6/26/00 20:00,31142
6/26/00 20:30,30833
6/26/00 21:00,31109
6/26/00 21:30,31310
6/26/00 22:00,31236
6/26/00 22:30,30184
6/26/00 23:00,28147
6/26/00 23:30,26299
6/27/00 0:00,24702
6/27/00 0:30,23875
6/27/00 1:00,23785
6/27/00 1:30,23876
6/27/00 2:00,23658
6/27/00 2:30,23346
6/27/00 3:00,23059
6/27/00 3:30,23039
6/27/00 4:00,22859
6/27/00 4:30,22414
6/27/00 5:00,22518
6/27/00 5:30,23241
6/27/00 6:00,25541
6/27/00 6:30,28017
6/27/00 7:00,31278
6/27/00 7:30,33530
6/27/00 8:00,35240
6/27/00 8:30,35783
6/27/00 9:00,36372
6/27/00 9:30,36610
6/27/00 10:00,36651
6/27/00 10:30,36835
6/27/00 11:00,37248
6/27/00 11:30,37128
6/27/00 12:00,37230
6/27/00 12:30,36841
6/27/00 13:00,36529
6/27/00 13:30,36500
6/27/00 14:00,36445
6/27/00 14:30,36348
6/27/00 15:00,36152
6/27/00 15:30,36282
6/27/00 16:00,36853
6/27/00 16:30,37137
6/27/00 17:00,36844
6/27/00 17:30,35875
6/27/00 18:00,34589
6/27/00 18:30,33987
6/27/00 19:00,32959
6/27/00 19:30,32015
6/27/00 20:00,31847
6/27/00 20:30,31404
6/27/00 21:00,31501
6/27/00 21:30,31824
6/27/00 22:00,31759
6/27/00 22:30,30395
6/27/00 23:00,28511
6/27/00 23:30,26709
6/28/00 0:00,24940
6/28/00 0:30,24165
6/28/00 1:00,24078
6/28/00 1:30,24101
6/28/00 2:00,23755
6/28/00 2:30,23378
6/28/00 3:00,23122
6/28/00 3:30,23155
6/28/00 4:00,22902
6/28/00 4:30,22598
6/28/00 5:00,22661
6/28/00 5:30,23335
6/28/00 6:00,25540
6/28/00 6:30,28023
6/28/00 7:00,31383
6/28/00 7:30,33907
6/28/00 8:00,35592
6/28/00 8:30,36022
6/28/00 9:00,36643
6/28/00 9:30,36976
6/28/00 10:00,36985
6/28/00 10:30,37123
6/28/00 11:00,37144
6/28/00 11:30,37385
6/28/00 12:00,37334
6/28/00 12:30,36914
6/28/00 13:00,36630
6/28/00 13:30,36433
6/28/00 14:00,36461
6/28/00 14:30,36246
6/28/00 15:00,36131
6/28/00 15:30,36534
6/28/00 16:00,37099
6/28/00 16:30,37346
6/28/00 17:00,37098
6/28/00 17:30,36145
6/28/00 18:00,34997
6/28/00 18:30,34342
6/28/00 19:00,33431
6/28/00 19:30,33088
6/28/00 20:00,32201
6/28/00 20:30,32185
6/28/00 21:00,31966
6/28/00 21:30,32214
6/28/00 22:00,31736
6/28/00 22:30,30325
6/28/00 23:00,28319
6/28/00 23:30,26480
6/29/00 0:00,24966
6/29/00 0:30,24194
6/29/00 1:00,24143
6/29/00 1:30,24020
6/29/00 2:00,23750
6/29/00 2:30,23398
6/29/00 3:00,23179
6/29/00 3:30,23197
6/29/00 4:00,23163
6/29/00 4:30,22808
6/29/00 5:00,22887
6/29/00 5:30,23495
6/29/00 6:00,25600
6/29/00 6:30,28064
6/29/00 7:00,31494
6/29/00 7:30,33985
6/29/00 8:00,35754
6/29/00 8:30,35972
6/29/00 9:00,36855
6/29/00 9:30,37135
6/29/00 10:00,37159
6/29/00 10:30,37282
6/29/00 11:00,37347
6/29/00 11:30,37408
6/29/00 12:00,37444
6/29/00 12:30,37066
6/29/00 13:00,36874
6/29/00 13:30,36696
6/29/00 14:00,36707
6/29/00 14:30,36456
6/29/00 15:00,36362
6/29/00 15:30,36506
6/29/00 16:00,36831
6/29/00 16:30,37268
6/29/00 17:00,36851
6/29/00 17:30,36027
6/29/00 18:00,34950
6/29/00 18:30,34149
6/29/00 19:00,33515
6/29/00 19:30,32938
6/29/00 20:00,32777
6/29/00 20:30,32443
6/29/00 21:00,32620
6/29/00 21:30,32453
6/29/00 22:00,31486
6/29/00 22:30,30006
6/29/00 23:00,28139
6/29/00 23:30,26396
6/30/00 0:00,24714
6/30/00 0:30,24047
6/30/00 1:00,24050
6/30/00 1:30,24083
6/30/00 2:00,23671
6/30/00 2:30,23354
6/30/00 3:00,22935
6/30/00 3:30,23009
6/30/00 4:00,23004
6/30/00 4:30,22721
6/30/00 5:00,22911
6/30/00 5:30,23404
6/30/00 6:00,25429
6/30/00 6:30,27965
6/30/00 7:00,31283
6/30/00 7:30,33772
6/30/00 8:00,35443
6/30/00 8:30,35929
6/30/00 9:00,36898
6/30/00 9:30,37272
6/30/00 10:00,37270
6/30/00 10:30,37363
6/30/00 11:00,37445
6/30/00 11:30,37550
6/30/00 12:00,37543
6/30/00 12:30,36995
6/30/00 13:00,36620
6/30/00 13:30,36032
6/30/00 14:00,35843
6/30/00 14:30,35606
6/30/00 15:00,35131
6/30/00 15:30,35079
6/30/00 16:00,35341
6/30/00 16:30,35546
6/30/00 17:00,35305
6/30/00 17:30,34459
6/30/00 18:00,33526
6/30/00 18:30,32835
6/30/00 19:00,32000
6/30/00 19:30,31136
6/30/00 20:00,30696
6/30/00 20:30,30054
6/30/00 21:00,29993
6/30/00 21:30,30178
6/30/00 22:00,29786
6/30/00 22:30,28757
6/30/00 23:00,27433
6/30/00 23:30,25781
7/1/00 0:00,24272
7/1/00 0:30,23520
7/1/00 1:00,23361
7/1/00 1:30,23268
7/1/00 2:00,22677
7/1/00 2:30,22324
7/1/00 3:00,21853
7/1/00 3:30,21854
7/1/00 4:00,21574
7/1/00 4:30,21078
7/1/00 5:00,20827
7/1/00 5:30,21003
7/1/00 6:00,22034
7/1/00 6:30,23208
7/1/00 7:00,24792
7/1/00 7:30,26592
7/1/00 8:00,28313
7/1/00 8:30,29687
7/1/00 9:00,30737
7/1/00 9:30,31531
7/1/00 10:00,31785
7/1/00 10:30,31805
7/1/00 11:00,31710
7/1/00 11:30,31593
7/1/00 12:00,31228
7/1/00 12:30,30907
7/1/00 13:00,30011
7/1/00 13:30,29356
7/1/00 14:00,28974
7/1/00 14:30,28618
7/1/00 15:00,28268
7/1/00 15:30,28292
7/1/00 16:00,28518
7/1/00 16:30,29006
7/1/00 17:00,29463
7/1/00 17:30,29508
7/1/00 18:00,29035
7/1/00 18:30,28476
7/1/00 19:00,28005
7/1/00 19:30,27658
7/1/00 20:00,26955
7/1/00 20:30,26327
7/1/00 21:00,26569
7/1/00 21:30,27221
7/1/00 22:00,27427
7/1/00 22:30,26845
7/1/00 23:00,25780
7/1/00 23:30,24384
7/2/00 0:00,23084
7/2/00 0:30,22221
7/2/00 1:00,22108
7/2/00 1:30,21854
7/2/00 2:00,21401
7/2/00 2:30,21023
7/2/00 3:00,20711
7/2/00 3:30,20569
7/2/00 4:00,20217
7/2/00 4:30,19687
7/2/00 5:00,19391
7/2/00 5:30,19433
7/2/00 6:00,20108
7/2/00 6:30,20674
7/2/00 7:00,21676
7/2/00 7:30,22689
7/2/00 8:00,24104
7/2/00 8:30,25283
7/2/00 9:00,26606
7/2/00 9:30,27556
7/2/00 10:00,28707
7/2/00 10:30,29415
7/2/00 11:00,29983
7/2/00 11:30,30335
7/2/00 12:00,30650
7/2/00 12:30,30474
7/2/00 13:00,29654
7/2/00 13:30,28741
7/2/00 14:00,28299
7/2/00 14:30,27957
7/2/00 15:00,28013
7/2/00 15:30,27779
7/2/00 16:00,27966
7/2/00 16:30,28383
7/2/00 17:00,28508
7/2/00 17:30,28442
7/2/00 18:00,28272
7/2/00 18:30,28345
7/2/00 19:00,28120
7/2/00 19:30,27929
7/2/00 20:00,27848
7/2/00 20:30,27868
7/2/00 21:00,28378
7/2/00 21:30,29042
7/2/00 22:00,28948
7/2/00 22:30,27699
7/2/00 23:00,25889
7/2/00 23:30,24053
7/3/00 0:00,22627
7/3/00 0:30,21979
7/3/00 1:00,22025
7/3/00 1:30,22158
7/3/00 2:00,21906
7/3/00 2:30,21615
7/3/00 3:00,21366
7/3/00 3:30,21327
7/3/00 4:00,21257
7/3/00 4:30,21032
7/3/00 5:00,21261
7/3/00 5:30,22085
7/3/00 6:00,24437
7/3/00 6:30,27187
7/3/00 7:00,30833
7/3/00 7:30,33448
7/3/00 8:00,35245
7/3/00 8:30,35900
7/3/00 9:00,36798
7/3/00 9:30,37251
7/3/00 10:00,37335
7/3/00 10:30,37677
7/3/00 11:00,37887
7/3/00 11:30,38066
7/3/00 12:00,38091
7/3/00 12:30,37784
7/3/00 13:00,37622
7/3/00 13:30,37408
7/3/00 14:00,37354
7/3/00 14:30,37172
7/3/00 15:00,36995
7/3/00 15:30,37311
7/3/00 16:00,37693
7/3/00 16:30,37887
7/3/00 17:00,37446
7/3/00 17:30,36451
7/3/00 18:00,35267
7/3/00 18:30,34434
7/3/00 19:00,33733
7/3/00 19:30,32812
7/3/00 20:00,32061
7/3/00 20:30,32089
7/3/00 21:00,32345
7/3/00 21:30,32564
7/3/00 22:00,32096
7/3/00 22:30,30702
7/3/00 23:00,28412
7/3/00 23:30,26445
7/4/00 0:00,24933
7/4/00 0:30,24205
7/4/00 1:00,24262
7/4/00 1:30,24154
7/4/00 2:00,23786
7/4/00 2:30,23431
7/4/00 3:00,23268
7/4/00 3:30,23290
7/4/00 4:00,23166
7/4/00 4:30,22943
7/4/00 5:00,23042
7/4/00 5:30,23492
7/4/00 6:00,25723
7/4/00 6:30,28273
7/4/00 7:00,31617
7/4/00 7:30,34140
7/4/00 8:00,35901
7/4/00 8:30,36473
7/4/00 9:00,37122
7/4/00 9:30,37559
7/4/00 10:00,37703
7/4/00 10:30,37933
7/4/00 11:00,38059
7/4/00 11:30,38274
7/4/00 12:00,38303
7/4/00 12:30,37876
7/4/00 13:00,37688
7/4/00 13:30,37414
7/4/00 14:00,37312
7/4/00 14:30,37234
7/4/00 15:00,37086
7/4/00 15:30,37421
7/4/00 16:00,37923
7/4/00 16:30,38363
7/4/00 17:00,38127
7/4/00 17:30,37433
7/4/00 18:00,36363
7/4/00 18:30,35617
7/4/00 19:00,34829
7/4/00 19:30,34036
7/4/00 20:00,33520
7/4/00 20:30,33163
7/4/00 21:00,33322
7/4/00 21:30,32823
7/4/00 22:00,32221
7/4/00 22:30,30611
7/4/00 23:00,28724
7/4/00 23:30,26678
7/5/00 0:00,25050
7/5/00 0:30,24246
7/5/00 1:00,24305
7/5/00 1:30,24317
7/5/00 2:00,24019
7/5/00 2:30,23684
7/5/00 3:00,23449
7/5/00 3:30,23430
7/5/00 4:00,23282
7/5/00 4:30,23111
7/5/00 5:00,23102
7/5/00 5:30,23612
7/5/00 6:00,25812
7/5/00 6:30,28246
7/5/00 7:00,31571
7/5/00 7:30,33923
7/5/00 8:00,35446
7/5/00 8:30,35973
7/5/00 9:00,36833
7/5/00 9:30,37164
7/5/00 10:00,37342
7/5/00 10:30,37642
7/5/00 11:00,37713
7/5/00 11:30,37898
7/5/00 12:00,37963
7/5/00 12:30,37603
7/5/00 13:00,37290
7/5/00 13:30,36955
7/5/00 14:00,36956
7/5/00 14:30,36815
7/5/00 15:00,36637
7/5/00 15:30,37003
7/5/00 16:00,37526
7/5/00 16:30,37775
7/5/00 17:00,37630
7/5/00 17:30,36722
7/5/00 18:00,35559
7/5/00 18:30,34742
7/5/00 19:00,34002
7/5/00 19:30,33230
7/5/00 20:00,32809
7/5/00 20:30,32446
7/5/00 21:00,32614
7/5/00 21:30,32715
7/5/00 22:00,32150
7/5/00 22:30,30568
7/5/00 23:00,28613
7/5/00 23:30,26727
7/6/00 0:00,25157
7/6/00 0:30,24403
7/6/00 1:00,24354
7/6/00 1:30,24156
7/6/00 2:00,23846
7/6/00 2:30,23539
7/6/00 3:00,23256
7/6/00 3:30,23233
7/6/00 4:00,23253
7/6/00 4:30,22932
7/6/00 5:00,22969
7/6/00 5:30,23574
7/6/00 6:00,25737
7/6/00 6:30,28306
7/6/00 7:00,31552
7/6/00 7:30,34093
7/6/00 8:00,35828
7/6/00 8:30,36337
7/6/00 9:00,37142
7/6/00 9:30,37407
7/6/00 10:00,37471
7/6/00 10:30,37632
7/6/00 11:00,37920
7/6/00 11:30,38095
7/6/00 12:00,38118
7/6/00 12:30,37735
7/6/00 13:00,37411
7/6/00 13:30,37205
7/6/00 14:00,37064
7/6/00 14:30,36870
7/6/00 15:00,36749
7/6/00 15:30,37029
7/6/00 16:00,37542
7/6/00 16:30,37684
7/6/00 17:00,37470
7/6/00 17:30,36532
7/6/00 18:00,35290
7/6/00 18:30,34597
7/6/00 19:00,33819
7/6/00 19:30,33104
7/6/00 20:00,32718
7/6/00 20:30,32512
7/6/00 21:00,32693
7/6/00 21:30,32784
7/6/00 22:00,32151
7/6/00 22:30,30654
7/6/00 23:00,28721
7/6/00 23:30,26754
7/7/00 0:00,25228
7/7/00 0:30,24439
7/7/00 1:00,24440
7/7/00 1:30,24284
7/7/00 2:00,23918
7/7/00 2:30,23582
7/7/00 3:00,23295
7/7/00 3:30,23219
7/7/00 4:00,23124
7/7/00 4:30,22838
7/7/00 5:00,22834
7/7/00 5:30,23420
7/7/00 6:00,25594
7/7/00 6:30,27965
7/7/00 7:00,31460
7/7/00 7:30,33905
7/7/00 8:00,35501
7/7/00 8:30,36128
7/7/00 9:00,36898
7/7/00 9:30,37056
7/7/00 10:00,37165
7/7/00 10:30,37294
7/7/00 11:00,37516
7/7/00 11:30,37537
7/7/00 12:00,37478
7/7/00 12:30,36905
7/7/00 13:00,36316
7/7/00 13:30,36081
7/7/00 14:00,35478
7/7/00 14:30,35101
7/7/00 15:00,34944
7/7/00 15:30,34929
7/7/00 16:00,35327
7/7/00 16:30,35498
7/7/00 17:00,35065
7/7/00 17:30,34315
7/7/00 18:00,33258
7/7/00 18:30,32375
7/7/00 19:00,31716
7/7/00 19:30,30629
7/7/00 20:00,29779
7/7/00 20:30,29340
7/7/00 21:00,29324
7/7/00 21:30,29776
7/7/00 22:00,29963
7/7/00 22:30,29024
7/7/00 23:00,27300
7/7/00 23:30,25726
7/8/00 0:00,24204
7/8/00 0:30,23325
7/8/00 1:00,23000
7/8/00 1:30,23044
7/8/00 2:00,22515
7/8/00 2:30,22123
7/8/00 3:00,21767
7/8/00 3:30,21659
7/8/00 4:00,21418
7/8/00 4:30,21029
7/8/00 5:00,20726
7/8/00 5:30,20909
7/8/00 6:00,21885
7/8/00 6:30,23052
7/8/00 7:00,24710
7/8/00 7:30,26360
7/8/00 8:00,28141
7/8/00 8:30,29612
7/8/00 9:00,30662
7/8/00 9:30,31096
7/8/00 10:00,31292
7/8/00 10:30,31464
7/8/00 11:00,31393
7/8/00 11:30,31269
7/8/00 12:00,30742
7/8/00 12:30,30282
7/8/00 13:00,29564
7/8/00 13:30,29052
7/8/00 14:00,28800
7/8/00 14:30,28266
7/8/00 15:00,28042
7/8/00 15:30,27744
7/8/00 16:00,28022
7/8/00 16:30,28777
7/8/00 17:00,29265
7/8/00 17:30,29112
7/8/00 18:00,29024
7/8/00 18:30,28670
7/8/00 19:00,28278
7/8/00 19:30,27954
7/8/00 20:00,27769
7/8/00 20:30,27266
7/8/00 21:00,27354
7/8/00 21:30,27792
7/8/00 22:00,27328
7/8/00 22:30,26650
7/8/00 23:00,25350
7/8/00 23:30,24166
7/9/00 0:00,22823
7/9/00 0:30,21928
7/9/00 1:00,21880
7/9/00 1:30,21835
7/9/00 2:00,21337
7/9/00 2:30,20910
7/9/00 3:00,20662
7/9/00 3:30,20406
7/9/00 4:00,20262
7/9/00 4:30,19830
7/9/00 5:00,19438
7/9/00 5:30,19419
7/9/00 6:00,20138
7/9/00 6:30,20625
7/9/00 7:00,21517
7/9/00 7:30,22611
7/9/00 8:00,24061
7/9/00 8:30,25219
7/9/00 9:00,26549
7/9/00 9:30,27609
7/9/00 10:00,28951
7/9/00 10:30,29592
7/9/00 11:00,30153
7/9/00 11:30,30634
7/9/00 12:00,31033
7/9/00 12:30,30704
7/9/00 13:00,29870
7/9/00 13:30,29244
7/9/00 14:00,28944
7/9/00 14:30,28578
7/9/00 15:00,28295
7/9/00 15:30,28170
7/9/00 16:00,28448
7/9/00 16:30,28772
7/9/00 17:00,28856
7/9/00 17:30,28824
7/9/00 18:00,28702
7/9/00 18:30,28426
7/9/00 19:00,28269
7/9/00 19:30,28094
7/9/00 20:00,28196
7/9/00 20:30,27913
7/9/00 21:00,28361
7/9/00 21:30,29118
7/9/00 22:00,29093
7/9/00 22:30,27596
7/9/00 23:00,25651
7/9/00 23:30,23892
7/10/00 0:00,22387
7/10/00 0:30,21817
7/10/00 1:00,22012
7/10/00 1:30,22081
7/10/00 2:00,21839
7/10/00 2:30,21599
7/10/00 3:00,21460
7/10/00 3:30,21442
7/10/00 4:00,21353
7/10/00 4:30,21143
7/10/00 5:00,21307
7/10/00 5:30,22058
7/10/00 6:00,24474
7/10/00 6:30,27218
7/10/00 7:00,30787
7/10/00 7:30,33457
7/10/00 8:00,35273
7/10/00 8:30,36011
7/10/00 9:00,36866
7/10/00 9:30,37346
7/10/00 10:00,37510
7/10/00 10:30,37825
7/10/00 11:00,38248
7/10/00 11:30,38518
7/10/00 12:00,38621
7/10/00 12:30,38270
7/10/00 13:00,37907
7/10/00 13:30,37766
7/10/00 14:00,37646
7/10/00 14:30,37477
7/10/00 15:00,37261
7/10/00 15:30,37766
7/10/00 16:00,38302
7/10/00 16:30,38496
7/10/00 17:00,38279
7/10/00 17:30,37451
7/10/00 18:00,36435
7/10/00 18:30,35601
7/10/00 19:00,34543
7/10/00 19:30,33925
7/10/00 20:00,33161
7/10/00 20:30,32709
7/10/00 21:00,32881
7/10/00 21:30,32719
7/10/00 22:00,32030
7/10/00 22:30,30569
7/10/00 23:00,28389
7/10/00 23:30,26384
7/11/00 0:00,24822
7/11/00 0:30,24126
7/11/00 1:00,24296
7/11/00 1:30,24461
7/11/00 2:00,24172
7/11/00 2:30,23917
7/11/00 3:00,23664
7/11/00 3:30,23528
7/11/00 4:00,23498
7/11/00 4:30,23108
7/11/00 5:00,23044
7/11/00 5:30,23585
7/11/00 6:00,25750
7/11/00 6:30,28353
7/11/00 7:00,31634
7/11/00 7:30,34080
7/11/00 8:00,35646
7/11/00 8:30,36079
7/11/00 9:00,36758
7/11/00 9:30,36958
7/11/00 10:00,37169
7/11/00 10:30,37410
7/11/00 11:00,37601
7/11/00 11:30,37773
7/11/00 12:00,37672
7/11/00 12:30,37245
7/11/00 13:00,36995
7/11/00 13:30,36519
7/11/00 14:00,36533
7/11/00 14:30,36464
7/11/00 15:00,36274
7/11/00 15:30,36577
7/11/00 16:00,37042
7/11/00 16:30,37242
7/11/00 17:00,36996
7/11/00 17:30,36020
7/11/00 18:00,34759
7/11/00 18:30,33932
7/11/00 19:00,33001
7/11/00 19:30,32254
7/11/00 20:00,31581
7/11/00 20:30,31270
7/11/00 21:00,31776
7/11/00 21:30,32287
7/11/00 22:00,32117
7/11/00 22:30,30604
7/11/00 23:00,28597
7/11/00 23:30,26528
7/12/00 0:00,24897
7/12/00 0:30,24117
7/12/00 1:00,24330
7/12/00 1:30,24524
7/12/00 2:00,24179
7/12/00 2:30,23915
7/12/00 3:00,23877
7/12/00 3:30,23725
7/12/00 4:00,23499
7/12/00 4:30,23077
7/12/00 5:00,22919
7/12/00 5:30,23596
7/12/00 6:00,25786
7/12/00 6:30,28277
7/12/00 7:00,31689
7/12/00 7:30,33984
7/12/00 8:00,35449
7/12/00 8:30,35832
7/12/00 9:00,36526
7/12/00 9:30,36882
7/12/00 10:00,36959
7/12/00 10:30,37105
7/12/00 11:00,37355
7/12/00 11:30,37510
7/12/00 12:00,37519
7/12/00 12:30,37159
7/12/00 13:00,36810
7/12/00 13:30,36474
7/12/00 14:00,36565
7/12/00 14:30,36459
7/12/00 15:00,36267
7/12/00 15:30,36585
7/12/00 16:00,37062
7/12/00 16:30,37301
7/12/00 17:00,37110
7/12/00 17:30,36312
7/12/00 18:00,35274
7/12/00 18:30,34483
7/12/00 19:00,33804
7/12/00 19:30,33187
7/12/00 20:00,32918
7/12/00 20:30,32800
7/12/00 21:00,32820
7/12/00 21:30,32686
7/12/00 22:00,31877
7/12/00 22:30,30754
7/12/00 23:00,28729
7/12/00 23:30,26781
7/13/00 0:00,25257
7/13/00 0:30,24292
7/13/00 1:00,24519
7/13/00 1:30,24610
7/13/00 2:00,24207
7/13/00 2:30,23882
7/13/00 3:00,23748
7/13/00 3:30,23692
7/13/00 4:00,23602
7/13/00 4:30,23299
7/13/00 5:00,23493
7/13/00 5:30,23934
7/13/00 6:00,26095
7/13/00 6:30,28615
7/13/00 7:00,32005
7/13/00 7:30,34393
7/13/00 8:00,35901
7/13/00 8:30,36370
7/13/00 9:00,37303
7/13/00 9:30,37585
7/13/00 10:00,37565
7/13/00 10:30,37943
7/13/00 11:00,37990
7/13/00 11:30,38062
7/13/00 12:00,38124
7/13/00 12:30,37692
7/13/00 13:00,37429
7/13/00 13:30,37067
7/13/00 14:00,37005
7/13/00 14:30,36949
7/13/00 15:00,36646
7/13/00 15:30,37019
7/13/00 16:00,37402
7/13/00 16:30,37476
7/13/00 17:00,37062
7/13/00 17:30,36292
7/13/00 18:00,35247
7/13/00 18:30,34449
7/13/00 19:00,33822
7/13/00 19:30,32999
7/13/00 20:00,32569
7/13/00 20:30,32485
7/13/00 21:00,32879
7/13/00 21:30,32866
7/13/00 22:00,32106
7/13/00 22:30,30590
7/13/00 23:00,28500
7/13/00 23:30,26640
7/14/00 0:00,25050
7/14/00 0:30,24352
7/14/00 1:00,24382
7/14/00 1:30,24432
7/14/00 2:00,24041
7/14/00 2:30,23871
7/14/00 3:00,23754
7/14/00 3:30,23547
7/14/00 4:00,23380
7/14/00 4:30,23043
7/14/00 5:00,23089
7/14/00 5:30,23586
7/14/00 6:00,25660
7/14/00 6:30,28125
7/14/00 7:00,31541
7/14/00 7:30,33932
7/14/00 8:00,35554
7/14/00 8:30,36040
7/14/00 9:00,36630
7/14/00 9:30,36857
7/14/00 10:00,36971
7/14/00 10:30,37020
7/14/00 11:00,37181
7/14/00 11:30,37304
7/14/00 12:00,37487
7/14/00 12:30,36880
7/14/00 13:00,36159
7/14/00 13:30,35654
7/14/00 14:00,35564
7/14/00 14:30,35302
7/14/00 15:00,34901
7/14/00 15:30,34910
7/14/00 16:00,35229
7/14/00 16:30,35529
7/14/00 17:00,35253
7/14/00 17:30,34636
7/14/00 18:00,33774
7/14/00 18:30,33031
7/14/00 19:00,32090
7/14/00 19:30,31084
7/14/00 20:00,30377
7/14/00 20:30,29800
7/14/00 21:00,29891
7/14/00 21:30,30297
7/14/00 22:00,30087
7/14/00 22:30,29109
7/14/00 23:00,27248
7/14/00 23:30,25675
7/15/00 0:00,24173
7/15/00 0:30,23461
7/15/00 1:00,23473
7/15/00 1:30,23536
7/15/00 2:00,22979
7/15/00 2:30,22600
7/15/00 3:00,22224
7/15/00 3:30,21999
7/15/00 4:00,21842
7/15/00 4:30,21230
7/15/00 5:00,20984
7/15/00 5:30,21009
7/15/00 6:00,22206
7/15/00 6:30,23293
7/15/00 7:00,25031
7/15/00 7:30,26663
7/15/00 8:00,28460
7/15/00 8:30,29684
7/15/00 9:00,30672
7/15/00 9:30,31072
7/15/00 10:00,31512
7/15/00 10:30,31397
7/15/00 11:00,31348
7/15/00 11:30,31058
7/15/00 12:00,30639
7/15/00 12:30,30135
7/15/00 13:00,29432
7/15/00 13:30,28907
7/15/00 14:00,28471
7/15/00 14:30,28126
7/15/00 15:00,27925
7/15/00 15:30,27809
7/15/00 16:00,27954
7/15/00 16:30,28318
7/15/00 17:00,28834
7/15/00 17:30,28724
7/15/00 18:00,28518
7/15/00 18:30,28181
7/15/00 19:00,27605
7/15/00 19:30,27165
7/15/00 20:00,26661
7/15/00 20:30,26316
7/15/00 21:00,26514
7/15/00 21:30,27119
7/15/00 22:00,27223
7/15/00 22:30,26513
7/15/00 23:00,25354
7/15/00 23:30,23947
7/16/00 0:00,22782
7/16/00 0:30,22034
7/16/00 1:00,22004
7/16/00 1:30,21934
7/16/00 2:00,21541
7/16/00 2:30,21189
7/16/00 3:00,20806
7/16/00 3:30,20556
7/16/00 4:00,20390
7/16/00 4:30,19881
7/16/00 5:00,19496
7/16/00 5:30,19418
7/16/00 6:00,19949
7/16/00 6:30,20714
7/16/00 7:00,21604
7/16/00 7:30,22589
7/16/00 8:00,23902
7/16/00 8:30,25052
7/16/00 9:00,26384
7/16/00 9:30,27504
7/16/00 10:00,28492
7/16/00 10:30,29177
7/16/00 11:00,29732
7/16/00 11:30,29982
7/16/00 12:00,30197
7/16/00 12:30,29994
7/16/00 13:00,29104
7/16/00 13:30,28063
7/16/00 14:00,27510
7/16/00 14:30,27184
7/16/00 15:00,27021
7/16/00 15:30,26775
7/16/00 16:00,26879
7/16/00 16:30,27097
7/16/00 17:00,27143
7/16/00 17:30,27119
7/16/00 18:00,27142
7/16/00 18:30,27110
7/16/00 19:00,27107
7/16/00 19:30,26775
7/16/00 20:00,26886
7/16/00 20:30,26834
7/16/00 21:00,27667
7/16/00 21:30,28552
7/16/00 22:00,28495
7/16/00 22:30,27452
7/16/00 23:00,25565
7/16/00 23:30,23764
7/17/00 0:00,22421
7/17/00 0:30,21724
7/17/00 1:00,21844
7/17/00 1:30,22095
7/17/00 2:00,21862
7/17/00 2:30,21554
7/17/00 3:00,21466
7/17/00 3:30,21428
7/17/00 4:00,21326
7/17/00 4:30,21131
7/17/00 5:00,21356
7/17/00 5:30,22078
7/17/00 6:00,24352
7/17/00 6:30,27030
7/17/00 7:00,30528
7/17/00 7:30,33059
7/17/00 8:00,34851
7/17/00 8:30,35312
7/17/00 9:00,36154
7/17/00 9:30,36505
7/17/00 10:00,36568
7/17/00 10:30,36774
7/17/00 11:00,37118
7/17/00 11:30,37178
7/17/00 12:00,37214
7/17/00 12:30,36869
7/17/00 13:00,36460
7/17/00 13:30,36140
7/17/00 14:00,36118
7/17/00 14:30,35976
7/17/00 15:00,35708
7/17/00 15:30,36061
7/17/00 16:00,36546
7/17/00 16:30,36640
7/17/00 17:00,36326
7/17/00 17:30,35617
7/17/00 18:00,34407
7/17/00 18:30,33339
7/17/00 19:00,32612
7/17/00 19:30,31904
7/17/00 20:00,30899
7/17/00 20:30,31018
7/17/00 21:00,31444
7/17/00 21:30,32118
7/17/00 22:00,31907
7/17/00 22:30,30526
7/17/00 23:00,28336
7/17/00 23:30,26355
7/18/00 0:00,24734
7/18/00 0:30,24085
7/18/00 1:00,24069
7/18/00 1:30,24101
7/18/00 2:00,23761
7/18/00 2:30,23408
7/18/00 3:00,23348
7/18/00 3:30,23215
7/18/00 4:00,23144
7/18/00 4:30,22998
7/18/00 5:00,22906
7/18/00 5:30,23350
7/18/00 6:00,25446
7/18/00 6:30,27975
7/18/00 7:00,31231
7/18/00 7:30,33490
7/18/00 8:00,35026
7/18/00 8:30,35632
7/18/00 9:00,36220
7/18/00 9:30,36620
7/18/00 10:00,36723
7/18/00 10:30,36903
7/18/00 11:00,36974
7/18/00 11:30,37261
7/18/00 12:00,37289
7/18/00 12:30,36930
7/18/00 13:00,36633
7/18/00 13:30,36432
7/18/00 14:00,36440
7/18/00 14:30,36248
7/18/00 15:00,36290
7/18/00 15:30,36496
7/18/00 16:00,36996
7/18/00 16:30,37118
7/18/00 17:00,36876
7/18/00 17:30,35845
7/18/00 18:00,34725
7/18/00 18:30,33861
7/18/00 19:00,32843
7/18/00 19:30,32012
7/18/00 20:00,31430
7/18/00 20:30,31386
7/18/00 21:00,31681
7/18/00 21:30,32285
7/18/00 22:00,32111
7/18/00 22:30,30656
7/18/00 23:00,28577
7/18/00 23:30,26503
7/19/00 0:00,25097
7/19/00 0:30,24328
7/19/00 1:00,24180
7/19/00 1:30,24265
7/19/00 2:00,23924
7/19/00 2:30,23566
7/19/00 3:00,23332
7/19/00 3:30,23302
7/19/00 4:00,23252
7/19/00 4:30,23072
7/19/00 5:00,22909
7/19/00 5:30,23491
7/19/00 6:00,25587
7/19/00 6:30,27993
7/19/00 7:00,31313
7/19/00 7:30,33752
7/19/00 8:00,35371
7/19/00 8:30,35944
7/19/00 9:00,36773
7/19/00 9:30,36978
7/19/00 10:00,36973
7/19/00 10:30,37072
7/19/00 11:00,37051
7/19/00 11:30,37318
7/19/00 12:00,37513
7/19/00 12:30,37156
7/19/00 13:00,36774
7/19/00 13:30,36567
7/19/00 14:00,36449
7/19/00 14:30,36343
7/19/00 15:00,36090
7/19/00 15:30,36426
7/19/00 16:00,36812
7/19/00 16:30,36980
7/19/00 17:00,36662
7/19/00 17:30,35654
7/19/00 18:00,34351
7/19/00 18:30,33697
7/19/00 19:00,32613
7/19/00 19:30,31711
7/19/00 20:00,31450
7/19/00 20:30,31103
7/19/00 21:00,31332
7/19/00 21:30,31917
7/19/00 22:00,31781
7/19/00 22:30,30581
7/19/00 23:00,28726
7/19/00 23:30,27009
7/20/00 0:00,25316
7/20/00 0:30,24548
7/20/00 1:00,24480
7/20/00 1:30,24308
7/20/00 2:00,24028
7/20/00 2:30,23725
7/20/00 3:00,23537
7/20/00 3:30,23472
7/20/00 4:00,23452
7/20/00 4:30,23209
7/20/00 5:00,23207
7/20/00 5:30,23616
7/20/00 6:00,25862
7/20/00 6:30,28298
7/20/00 7:00,31361
7/20/00 7:30,33843
7/20/00 8:00,35585
7/20/00 8:30,36274
7/20/00 9:00,36993
7/20/00 9:30,37242
7/20/00 10:00,37304
7/20/00 10:30,37390
7/20/00 11:00,37603
7/20/00 11:30,37711
7/20/00 12:00,37606
7/20/00 12:30,37214
7/20/00 13:00,36938
7/20/00 13:30,36825
7/20/00 14:00,36834
7/20/00 14:30,36712
7/20/00 15:00,36546
7/20/00 15:30,36786
7/20/00 16:00,37042
7/20/00 16:30,37216
7/20/00 17:00,36708
7/20/00 17:30,35737
7/20/00 18:00,34684
7/20/00 18:30,33970
7/20/00 19:00,32902
7/20/00 19:30,31870
7/20/00 20:00,31381
7/20/00 20:30,31149
7/20/00 21:00,31595
7/20/00 21:30,32431
7/20/00 22:00,32026
7/20/00 22:30,30680
7/20/00 23:00,28690
7/20/00 23:30,26598
7/21/00 0:00,25163
7/21/00 0:30,24438
7/21/00 1:00,24145
7/21/00 1:30,23965
7/21/00 2:00,23674
7/21/00 2:30,23347
7/21/00 3:00,23177
7/21/00 3:30,23117
7/21/00 4:00,23008
7/21/00 4:30,22778
7/21/00 5:00,22633
7/21/00 5:30,23081
7/21/00 6:00,25184
7/21/00 6:30,27593
7/21/00 7:00,30702
7/21/00 7:30,33104
7/21/00 8:00,34820
7/21/00 8:30,35496
7/21/00 9:00,36326
7/21/00 9:30,36505
7/21/00 10:00,36678
7/21/00 10:30,36890
7/21/00 11:00,36892
7/21/00 11:30,37020
7/21/00 12:00,36845
7/21/00 12:30,36321
7/21/00 13:00,35868
7/21/00 13:30,35555
7/21/00 14:00,35385
7/21/00 14:30,35109
7/21/00 15:00,34850
7/21/00 15:30,34972
7/21/00 16:00,35122
7/21/00 16:30,35141
7/21/00 17:00,34713
7/21/00 17:30,33882
7/21/00 18:00,32938
7/21/00 18:30,32034
7/21/00 19:00,31020
7/21/00 19:30,30197
7/21/00 20:00,29527
7/21/00 20:30,29055
7/21/00 21:00,29407
7/21/00 21:30,30121
7/21/00 22:00,29997
7/21/00 22:30,28810
7/21/00 23:00,27115
7/21/00 23:30,25592
7/22/00 0:00,24187
7/22/00 0:30,23142
7/22/00 1:00,22938
7/22/00 1:30,22665
7/22/00 2:00,22161
7/22/00 2:30,21630
7/22/00 3:00,21378
7/22/00 3:30,21229
7/22/00 4:00,21101
7/22/00 4:30,20737
7/22/00 5:00,20523
7/22/00 5:30,20506
7/22/00 6:00,21498
7/22/00 6:30,22577
7/22/00 7:00,24152
7/22/00 7:30,25606
7/22/00 8:00,27360
7/22/00 8:30,28560
7/22/00 9:00,29677
7/22/00 9:30,30179
7/22/00 10:00,30298
7/22/00 10:30,30321
7/22/00 11:00,30336
7/22/00 11:30,30105
7/22/00 12:00,29755
7/22/00 12:30,29411
7/22/00 13:00,28656
7/22/00 13:30,27992
7/22/00 14:00,27600
7/22/00 14:30,27304
7/22/00 15:00,27049
7/22/00 15:30,26967
7/22/00 16:00,27127
7/22/00 16:30,27538
7/22/00 17:00,27917
7/22/00 17:30,27958
7/22/00 18:00,27588
7/22/00 18:30,27425
7/22/00 19:00,27008
7/22/00 19:30,26673
7/22/00 20:00,26142
7/22/00 20:30,26085
7/22/00 21:00,26687
7/22/00 21:30,27249
7/22/00 22:00,26797
7/22/00 22:30,25910
7/22/00 23:00,24683
7/22/00 23:30,23459
7/23/00 0:00,22227
7/23/00 0:30,21495
7/23/00 1:00,21310
7/23/00 1:30,21086
7/23/00 2:00,20684
7/23/00 2:30,20264
7/23/00 3:00,19973
7/23/00 3:30,19806
7/23/00 4:00,19581
7/23/00 4:30,19383
7/23/00 5:00,19109
7/23/00 5:30,18869
7/23/00 6:00,19428
7/23/00 6:30,20015
7/23/00 7:00,20768
7/23/00 7:30,21720
7/23/00 8:00,22900
7/23/00 8:30,24092
7/23/00 9:00,25373
7/23/00 9:30,26353
7/23/00 10:00,27383
7/23/00 10:30,27979
7/23/00 11:00,28699
7/23/00 11:30,28908
7/23/00 12:00,29089
7/23/00 12:30,28964
7/23/00 13:00,28209
7/23/00 13:30,27484
7/23/00 14:00,27017
7/23/00 14:30,26663
7/23/00 15:00,26474
7/23/00 15:30,26387
7/23/00 16:00,26546
7/23/00 16:30,26915
7/23/00 17:00,27031
7/23/00 17:30,27065
7/23/00 18:00,27014
7/23/00 18:30,26793
7/23/00 19:00,26985
7/23/00 19:30,26765
7/23/00 20:00,26903
7/23/00 20:30,27023
7/23/00 21:00,28019
7/23/00 21:30,28423
7/23/00 22:00,27579
7/23/00 22:30,26359
7/23/00 23:00,24589
7/23/00 23:30,22936
7/24/00 0:00,21453
7/24/00 0:30,20977
7/24/00 1:00,20803
7/24/00 1:30,20899
7/24/00 2:00,20668
7/24/00 2:30,20451
7/24/00 3:00,20324
7/24/00 3:30,20391
7/24/00 4:00,20383
7/24/00 4:30,20388
7/24/00 5:00,20564
7/24/00 5:30,21114
7/24/00 6:00,23298
7/24/00 6:30,25505
7/24/00 7:00,28507
7/24/00 7:30,30854
7/24/00 8:00,32956
7/24/00 8:30,34017
7/24/00 9:00,35016
7/24/00 9:30,35396
7/24/00 10:00,35587
7/24/00 10:30,35741
7/24/00 11:00,35997
7/24/00 11:30,36161
7/24/00 12:00,36165
7/24/00 12:30,35827
7/24/00 13:00,35512
7/24/00 13:30,35094
7/24/00 14:00,35088
7/24/00 14:30,35045
7/24/00 15:00,34863
7/24/00 15:30,34957
7/24/00 16:00,35262
7/24/00 16:30,35423
7/24/00 17:00,35352
7/24/00 17:30,34880
7/24/00 18:00,33870
7/24/00 18:30,33122
7/24/00 19:00,32325
7/24/00 19:30,31660
7/24/00 20:00,31083
7/24/00 20:30,31367
7/24/00 21:00,31863
7/24/00 21:30,31412
7/24/00 22:00,30246
7/24/00 22:30,28889
7/24/00 23:00,26762
7/24/00 23:30,25002
7/25/00 0:00,23456
7/25/00 0:30,22720
7/25/00 1:00,22733
7/25/00 1:30,22864
7/25/00 2:00,22467
7/25/00 2:30,22145
7/25/00 3:00,21983
7/25/00 3:30,22045
7/25/00 4:00,21829
7/25/00 4:30,21813
7/25/00 5:00,21997
7/25/00 5:30,22232
7/25/00 6:00,24139
7/25/00 6:30,26224
7/25/00 7:00,29145
7/25/00 7:30,31450
7/25/00 8:00,33325
7/25/00 8:30,34444
7/25/00 9:00,35086
7/25/00 9:30,35356
7/25/00 10:00,35352
7/25/00 10:30,35544
7/25/00 11:00,35693
7/25/00 11:30,35762
7/25/00 12:00,35756
7/25/00 12:30,35411
7/25/00 13:00,35128
7/25/00 13:30,34994
7/25/00 14:00,34857
7/25/00 14:30,34731
7/25/00 15:00,34449
7/25/00 15:30,34624
7/25/00 16:00,35043
7/25/00 16:30,35045
7/25/00 17:00,34912
7/25/00 17:30,34208
7/25/00 18:00,32994
7/25/00 18:30,32467
7/25/00 19:00,31603
7/25/00 19:30,30855
7/25/00 20:00,30608
7/25/00 20:30,30868
7/25/00 21:00,31549
7/25/00 21:30,31661
7/25/00 22:00,30667
7/25/00 22:30,29098
7/25/00 23:00,27114
7/25/00 23:30,25315
7/26/00 0:00,23564
7/26/00 0:30,22865
7/26/00 1:00,22674
7/26/00 1:30,22738
7/26/00 2:00,22335
7/26/00 2:30,21911
7/26/00 3:00,21876
7/26/00 3:30,21874
7/26/00 4:00,21714
7/26/00 4:30,21683
7/26/00 5:00,21769
7/26/00 5:30,22076
7/26/00 6:00,23999
7/26/00 6:30,26330
7/26/00 7:00,29003
7/26/00 7:30,31196
7/26/00 8:00,33068
7/26/00 8:30,34227
7/26/00 9:00,35033
7/26/00 9:30,35415
7/26/00 10:00,35587
7/26/00 10:30,35608
7/26/00 11:00,35796
7/26/00 11:30,35902
7/26/00 12:00,36013
7/26/00 12:30,35708
7/26/00 13:00,35309
7/26/00 13:30,35053
7/26/00 14:00,35040
7/26/00 14:30,34900
7/26/00 15:00,34708
7/26/00 15:30,34856
7/26/00 16:00,35024
7/26/00 16:30,35316
7/26/00 17:00,35193
7/26/00 17:30,34396
7/26/00 18:00,33400
7/26/00 18:30,32566
7/26/00 19:00,31541
7/26/00 19:30,30842
7/26/00 20:00,30472
7/26/00 20:30,30457
7/26/00 21:00,31072
7/26/00 21:30,31416
7/26/00 22:00,30812
7/26/00 22:30,29215
7/26/00 23:00,27341
7/26/00 23:30,25409
7/27/00 0:00,23835
7/27/00 0:30,23059
7/27/00 1:00,22905
7/27/00 1:30,22777
7/27/00 2:00,22402
7/27/00 2:30,22131
7/27/00 3:00,21969
7/27/00 3:30,21839
7/27/00 4:00,21819
7/27/00 4:30,21806
7/27/00 5:00,21762
7/27/00 5:30,22145
7/27/00 6:00,24117
7/27/00 6:30,26273
7/27/00 7:00,28922
7/27/00 7:30,31153
7/27/00 8:00,33064
7/27/00 8:30,34178
7/27/00 9:00,35173
7/27/00 9:30,35586
7/27/00 10:00,35711
7/27/00 10:30,35874
7/27/00 11:00,36057
7/27/00 11:30,36140
7/27/00 12:00,36196
7/27/00 12:30,35823
7/27/00 13:00,35563
7/27/00 13:30,35315
7/27/00 14:00,35320
7/27/00 14:30,35199
7/27/00 15:00,35107
7/27/00 15:30,35167
7/27/00 16:00,35417
7/27/00 16:30,35681
7/27/00 17:00,35535
7/27/00 17:30,34700
7/27/00 18:00,33641
7/27/00 18:30,32701
7/27/00 19:00,31842
7/27/00 19:30,31062
7/27/00 20:00,30697
7/27/00 20:30,30772
7/27/00 21:00,31411
7/27/00 21:30,31522
7/27/00 22:00,30618
7/27/00 22:30,29156
7/27/00 23:00,27117
7/27/00 23:30,25359
7/28/00 0:00,23694
7/28/00 0:30,22923
7/28/00 1:00,22673
7/28/00 1:30,22633
7/28/00 2:00,22240
7/28/00 2:30,21877
7/28/00 3:00,21728
7/28/00 3:30,21622
7/28/00 4:00,21580
7/28/00 4:30,21434
7/28/00 5:00,21446
7/28/00 5:30,21812
7/28/00 6:00,23691
7/28/00 6:30,25686
7/28/00 7:00,28460
7/28/00 7:30,30737
7/28/00 8:00,32619
7/28/00 8:30,33860
7/28/00 9:00,34728
7/28/00 9:30,35036
7/28/00 10:00,35166
7/28/00 10:30,35232
7/28/00 11:00,35389
7/28/00 11:30,35456
7/28/00 12:00,35482
7/28/00 12:30,35052
7/28/00 13:00,34760
7/28/00 13:30,34362
7/28/00 14:00,34158
7/28/00 14:30,33919
7/28/00 15:00,33761
7/28/00 15:30,33541
7/28/00 16:00,33602
7/28/00 16:30,33778
7/28/00 17:00,33793
7/28/00 17:30,33031
7/28/00 18:00,32212
7/28/00 18:30,31415
7/28/00 19:00,30522
7/28/00 19:30,29606
7/28/00 20:00,29001
7/28/00 20:30,28797
7/28/00 21:00,29410
7/28/00 21:30,29711
7/28/00 22:00,29031
7/28/00 22:30,27747
7/28/00 23:00,26212
7/28/00 23:30,24681
7/29/00 0:00,23203
7/29/00 0:30,22495
7/29/00 1:00,22290
7/29/00 1:30,22059
7/29/00 2:00,21573
7/29/00 2:30,21223
7/29/00 3:00,20999
7/29/00 3:30,20803
7/29/00 4:00,20561
7/29/00 4:30,20291
7/29/00 5:00,19957
7/29/00 5:30,19866
7/29/00 6:00,20765
7/29/00 6:30,21923
7/29/00 7:00,23524
7/29/00 7:30,25069
7/29/00 8:00,26802
7/29/00 8:30,28036
7/29/00 9:00,29275
7/29/00 9:30,29801
7/29/00 10:00,30107
7/29/00 10:30,30144
7/29/00 11:00,30136
7/29/00 11:30,30065
7/29/00 12:00,29713
7/29/00 12:30,29265
7/29/00 13:00,28627
7/29/00 13:30,28054
7/29/00 14:00,27727
7/29/00 14:30,27423
7/29/00 15:00,27253
7/29/00 15:30,27101
7/29/00 16:00,27349
7/29/00 16:30,27795
7/29/00 17:00,28115
7/29/00 17:30,28123
7/29/00 18:00,27747
7/29/00 18:30,27411
7/29/00 19:00,27018
7/29/00 19:30,26642
7/29/00 20:00,26078
7/29/00 20:30,25917
7/29/00 21:00,26574
7/29/00 21:30,27137
7/29/00 22:00,26858
7/29/00 22:30,25981
7/29/00 23:00,24671
7/29/00 23:30,23515
7/30/00 0:00,22208
7/30/00 0:30,21516
7/30/00 1:00,21219
7/30/00 1:30,20973
7/30/00 2:00,20447
7/30/00 2:30,19959
7/30/00 3:00,19705
7/30/00 3:30,19567
7/30/00 4:00,19335
7/30/00 4:30,19179
7/30/00 5:00,18809
7/30/00 5:30,18640
7/30/00 6:00,19074
7/30/00 6:30,19661
7/30/00 7:00,20561
7/30/00 7:30,21627
7/30/00 8:00,22992
7/30/00 8:30,24278
7/30/00 9:00,25553
7/30/00 9:30,26442
7/30/00 10:00,27265
7/30/00 10:30,27822
7/30/00 11:00,28352
7/30/00 11:30,28572
7/30/00 12:00,28733
7/30/00 12:30,28560
7/30/00 13:00,27746
7/30/00 13:30,27015
7/30/00 14:00,26790
7/30/00 14:30,26377
7/30/00 15:00,26169
7/30/00 15:30,26086
7/30/00 16:00,26208
7/30/00 16:30,26401
7/30/00 17:00,26500
7/30/00 17:30,26582
7/30/00 18:00,26514
7/30/00 18:30,26344
7/30/00 19:00,26245
7/30/00 19:30,25940
7/30/00 20:00,25933
7/30/00 20:30,26309
7/30/00 21:00,27776
7/30/00 21:30,28249
7/30/00 22:00,27695
7/30/00 22:30,26385
7/30/00 23:00,24740
7/30/00 23:30,23204
7/31/00 0:00,21771
7/31/00 0:30,21118
7/31/00 1:00,20901
7/31/00 1:30,20947
7/31/00 2:00,20625
7/31/00 2:30,20313
7/31/00 3:00,20251
7/31/00 3:30,20237
7/31/00 4:00,20244
7/31/00 4:30,20276
7/31/00 5:00,20446
7/31/00 5:30,20851
7/31/00 6:00,22746
7/31/00 6:30,24860
7/31/00 7:00,27773
7/31/00 7:30,30156
7/31/00 8:00,32181
7/31/00 8:30,33448
7/31/00 9:00,34577
7/31/00 9:30,35023
7/31/00 10:00,35220
7/31/00 10:30,35332
7/31/00 11:00,35651
7/31/00 11:30,35650
7/31/00 12:00,35651
7/31/00 12:30,35429
7/31/00 13:00,35163
7/31/00 13:30,34859
7/31/00 14:00,34766
7/31/00 14:30,34683
7/31/00 15:00,34511
7/31/00 15:30,34644
7/31/00 16:00,34766
7/31/00 16:30,35028
7/31/00 17:00,34891
7/31/00 17:30,34159
7/31/00 18:00,33201
7/31/00 18:30,32423
7/31/00 19:00,31652
7/31/00 19:30,30989
7/31/00 20:00,30326
7/31/00 20:30,30789
7/31/00 21:00,31846
7/31/00 21:30,31630
7/31/00 22:00,30437
7/31/00 22:30,28691
7/31/00 23:00,26658
7/31/00 23:30,24829
8/1/00 0:00,23241
8/1/00 0:30,22491
8/1/00 1:00,22408
8/1/00 1:30,22303
8/1/00 2:00,21912
8/1/00 2:30,21481
8/1/00 3:00,21301
8/1/00 3:30,21389
8/1/00 4:00,21307
8/1/00 4:30,21321
8/1/00 5:00,21413
8/1/00 5:30,21747
8/1/00 6:00,23426
8/1/00 6:30,25564
8/1/00 7:00,28304
8/1/00 7:30,30417
8/1/00 8:00,32491
8/1/00 8:30,33601
8/1/00 9:00,34525
8/1/00 9:30,34774
8/1/00 10:00,34813
8/1/00 10:30,34950
8/1/00 11:00,35047
8/1/00 11:30,35123
8/1/00 12:00,35204
8/1/00 12:30,34910
8/1/00 13:00,34653
8/1/00 13:30,34393
8/1/00 14:00,34423
8/1/00 14:30,34327
8/1/00 15:00,34248
8/1/00 15:30,34290
8/1/00 16:00,34537
8/1/00 16:30,34629
8/1/00 17:00,34318
8/1/00 17:30,33512
8/1/00 18:00,32740
8/1/00 18:30,31936
8/1/00 19:00,30867
8/1/00 19:30,30089
8/1/00 20:00,29659
8/1/00 20:30,29631
8/1/00 21:00,30792
8/1/00 21:30,30850
8/1/00 22:00,30253
8/1/00 22:30,28545
8/1/00 23:00,26754
8/1/00 23:30,24824
8/2/00 0:00,23351
8/2/00 0:30,22627
8/2/00 1:00,22427
8/2/00 1:30,22170
8/2/00 2:00,21785
8/2/00 2:30,21330
8/2/00 3:00,21271
8/2/00 3:30,21285
8/2/00 4:00,21247
8/2/00 4:30,21219
8/2/00 5:00,21338
8/2/00 5:30,21601
8/2/00 6:00,23346
8/2/00 6:30,25466
8/2/00 7:00,28096
8/2/00 7:30,30271
8/2/00 8:00,32148
8/2/00 8:30,33282
8/2/00 9:00,34234
8/2/00 9:30,34525
8/2/00 10:00,34767
8/2/00 10:30,34880
8/2/00 11:00,35144
8/2/00 11:30,35258
8/2/00 12:00,35388
8/2/00 12:30,35037
8/2/00 13:00,34643
8/2/00 13:30,34285
8/2/00 14:00,34351
8/2/00 14:30,34162
8/2/00 15:00,34099
8/2/00 15:30,34093
8/2/00 16:00,34437
8/2/00 16:30,34601
8/2/00 17:00,34608
8/2/00 17:30,33741
8/2/00 18:00,32956
8/2/00 18:30,32133
8/2/00 19:00,31292
8/2/00 19:30,30807
8/2/00 20:00,30401
8/2/00 20:30,30501
8/2/00 21:00,31087
8/2/00 21:30,30899
8/2/00 22:00,30088
8/2/00 22:30,28469
8/2/00 23:00,26738
8/2/00 23:30,24810
8/3/00 0:00,23334
8/3/00 0:30,22560
8/3/00 1:00,22329
8/3/00 1:30,22352
8/3/00 2:00,21988
8/3/00 2:30,21686
8/3/00 3:00,21501
8/3/00 3:30,21543
8/3/00 4:00,21437
8/3/00 4:30,21455
8/3/00 5:00,21576
8/3/00 5:30,21866
8/3/00 6:00,23514
8/3/00 6:30,25591
8/3/00 7:00,28145
8/3/00 7:30,30315
8/3/00 8:00,32075
8/3/00 8:30,33250
8/3/00 9:00,34180
8/3/00 9:30,34470
8/3/00 10:00,34601
8/3/00 10:30,34839
8/3/00 11:00,35092
8/3/00 11:30,35194
8/3/00 12:00,35193
8/3/00 12:30,34977
8/3/00 13:00,34686
8/3/00 13:30,34448
8/3/00 14:00,34526
8/3/00 14:30,34389
8/3/00 15:00,34349
8/3/00 15:30,34414
8/3/00 16:00,34569
8/3/00 16:30,34817
8/3/00 17:00,34707
8/3/00 17:30,34030
8/3/00 18:00,33248
8/3/00 18:30,32595
8/3/00 19:00,31573
8/3/00 19:30,30654
8/3/00 20:00,30274
8/3/00 20:30,30515
8/3/00 21:00,31608
8/3/00 21:30,31203
8/3/00 22:00,30051
8/3/00 22:30,28526
8/3/00 23:00,26719
8/3/00 23:30,24987
8/4/00 0:00,23373
8/4/00 0:30,22570
8/4/00 1:00,22439
8/4/00 1:30,22316
8/4/00 2:00,21855
8/4/00 2:30,21577
8/4/00 3:00,21419
8/4/00 3:30,21390
8/4/00 4:00,21277
8/4/00 4:30,21287
8/4/00 5:00,21475
8/4/00 5:30,21736
8/4/00 6:00,23496
8/4/00 6:30,25485
8/4/00 7:00,28125
8/4/00 7:30,30308
8/4/00 8:00,32242
8/4/00 8:30,33468
8/4/00 9:00,34354
8/4/00 9:30,34522
8/4/00 10:00,34629
8/4/00 10:30,34809
8/4/00 11:00,34854
8/4/00 11:30,34901
8/4/00 12:00,34787
8/4/00 12:30,34489
8/4/00 13:00,34139
8/4/00 13:30,33820
8/4/00 14:00,33623
8/4/00 14:30,33287
8/4/00 15:00,32920
8/4/00 15:30,32840
8/4/00 16:00,32891
8/4/00 16:30,33047
8/4/00 17:00,33128
8/4/00 17:30,32460
8/4/00 18:00,31744
8/4/00 18:30,31093
8/4/00 19:00,30435
8/4/00 19:30,29584
8/4/00 20:00,29321
8/4/00 20:30,29533
8/4/00 21:00,30431
8/4/00 21:30,29989
8/4/00 22:00,29018
8/4/00 22:30,27702
8/4/00 23:00,26074
8/4/00 23:30,24618
8/5/00 0:00,23212
8/5/00 0:30,22310
8/5/00 1:00,22095
8/5/00 1:30,21909
8/5/00 2:00,21420
8/5/00 2:30,21024
8/5/00 3:00,20737
8/5/00 3:30,20607
8/5/00 4:00,20464
8/5/00 4:30,20262
8/5/00 5:00,20223
8/5/00 5:30,20080
8/5/00 6:00,20952
8/5/00 6:30,21950
8/5/00 7:00,23480
8/5/00 7:30,25019
8/5/00 8:00,26825
8/5/00 8:30,27917
8/5/00 9:00,29044
8/5/00 9:30,29518
8/5/00 10:00,29800
8/5/00 10:30,29820
8/5/00 11:00,29796
8/5/00 11:30,29682
8/5/00 12:00,29322
8/5/00 12:30,28918
8/5/00 13:00,28236
8/5/00 13:30,27650
8/5/00 14:00,27240
8/5/00 14:30,26879
8/5/00 15:00,26726
8/5/00 15:30,26682
8/5/00 16:00,26894
8/5/00 16:30,27461
8/5/00 17:00,27884
8/5/00 17:30,27942
8/5/00 18:00,27622
8/5/00 18:30,27305
8/5/00 19:00,27023
8/5/00 19:30,26688
8/5/00 20:00,26255
8/5/00 20:30,26495
8/5/00 21:00,27767
8/5/00 21:30,27678
8/5/00 22:00,27058
8/5/00 22:30,26109
8/5/00 23:00,24922
8/5/00 23:30,23646
8/6/00 0:00,22434
8/6/00 0:30,21595
8/6/00 1:00,21299
8/6/00 1:30,20946
8/6/00 2:00,20487
8/6/00 2:30,20030
8/6/00 3:00,19748
8/6/00 3:30,19637
8/6/00 4:00,19495
8/6/00 4:30,19294
8/6/00 5:00,19193
8/6/00 5:30,18939
8/6/00 6:00,19339
8/6/00 6:30,19900
8/6/00 7:00,20848
8/6/00 7:30,21865
8/6/00 8:00,23206
8/6/00 8:30,24338
8/6/00 9:00,25482
8/6/00 9:30,26422
8/6/00 10:00,27315
8/6/00 10:30,28044
8/6/00 11:00,28546
8/6/00 11:30,28906
8/6/00 12:00,29096
8/6/00 12:30,28876
8/6/00 13:00,28227
8/6/00 13:30,27516
8/6/00 14:00,27087
8/6/00 14:30,26648
8/6/00 15:00,26416
8/6/00 15:30,26392
8/6/00 16:00,26592
8/6/00 16:30,26814
8/6/00 17:00,26908
8/6/00 17:30,26786
8/6/00 18:00,26816
8/6/00 18:30,26634
8/6/00 19:00,26514
8/6/00 19:30,26299
8/6/00 20:00,26454
8/6/00 20:30,26760
8/6/00 21:00,28578
8/6/00 21:30,28609
8/6/00 22:00,27913
8/6/00 22:30,26523
8/6/00 23:00,24989
8/6/00 23:30,23375
8/7/00 0:00,22078
8/7/00 0:30,21410
8/7/00 1:00,21377
8/7/00 1:30,21269
8/7/00 2:00,20951
8/7/00 2:30,20655
8/7/00 3:00,20495
8/7/00 3:30,20585
8/7/00 4:00,20586
8/7/00 4:30,20641
8/7/00 5:00,21037
8/7/00 5:30,21377
8/7/00 6:00,23389
8/7/00 6:30,25622
8/7/00 7:00,28487
8/7/00 7:30,30870
8/7/00 8:00,32993
8/7/00 8:30,34211
8/7/00 9:00,35256
8/7/00 9:30,35617
8/7/00 10:00,35821
8/7/00 10:30,36032
8/7/00 11:00,36282
8/7/00 11:30,36340
8/7/00 12:00,36537
8/7/00 12:30,36296
8/7/00 13:00,36017
8/7/00 13:30,35994
8/7/00 14:00,35948
8/7/00 14:30,35859
8/7/00 15:00,35765
8/7/00 15:30,35753
8/7/00 16:00,36058
8/7/00 16:30,36315
8/7/00 17:00,36050
8/7/00 17:30,35248
8/7/00 18:00,34222
8/7/00 18:30,33545
8/7/00 19:00,32731
8/7/00 19:30,31885
8/7/00 20:00,31397
8/7/00 20:30,32224
8/7/00 21:00,33166
8/7/00 21:30,32505
8/7/00 22:00,31230
8/7/00 22:30,29430
8/7/00 23:00,27526
8/7/00 23:30,25691
8/8/00 0:00,24203
8/8/00 0:30,23484
8/8/00 1:00,23436
8/8/00 1:30,23207
8/8/00 2:00,22817
8/8/00 2:30,22562
8/8/00 3:00,22427
8/8/00 3:30,22423
8/8/00 4:00,22342
8/8/00 4:30,22402
8/8/00 5:00,22785
8/8/00 5:30,22949
8/8/00 6:00,24695
8/8/00 6:30,26750
8/8/00 7:00,29468
8/8/00 7:30,31734
8/8/00 8:00,33757
8/8/00 8:30,34643
8/8/00 9:00,35517
8/8/00 9:30,35895
8/8/00 10:00,35908
8/8/00 10:30,36210
8/8/00 11:00,36438
8/8/00 11:30,36612
8/8/00 12:00,36620
8/8/00 12:30,36319
8/8/00 13:00,36123
8/8/00 13:30,35978
8/8/00 14:00,35777
8/8/00 14:30,35661
8/8/00 15:00,35575
8/8/00 15:30,35845
8/8/00 16:00,35950
8/8/00 16:30,36177
8/8/00 17:00,36075
8/8/00 17:30,35137
8/8/00 18:00,34164
8/8/00 18:30,33281
8/8/00 19:00,32329
8/8/00 19:30,31468
8/8/00 20:00,31167
8/8/00 20:30,31809
8/8/00 21:00,33196
8/8/00 21:30,32601
8/8/00 22:00,31436
8/8/00 22:30,29679
8/8/00 23:00,27635
8/8/00 23:30,25833
8/9/00 0:00,24315
8/9/00 0:30,23690
8/9/00 1:00,23441
8/9/00 1:30,23198
8/9/00 2:00,22818
8/9/00 2:30,22551
8/9/00 3:00,22354
8/9/00 3:30,22359
8/9/00 4:00,22348
8/9/00 4:30,22282
8/9/00 5:00,22676
8/9/00 5:30,22926
8/9/00 6:00,24621
8/9/00 6:30,26681
8/9/00 7:00,29533
8/9/00 7:30,31842
8/9/00 8:00,33888
8/9/00 8:30,34826
8/9/00 9:00,35747
8/9/00 9:30,36136
8/9/00 10:00,36303
8/9/00 10:30,36479
8/9/00 11:00,36565
8/9/00 11:30,36689
8/9/00 12:00,36740
8/9/00 12:30,36378
8/9/00 13:00,36043
8/9/00 13:30,35930
8/9/00 14:00,35760
8/9/00 14:30,35676
8/9/00 15:00,35644
8/9/00 15:30,35661
8/9/00 16:00,35851
8/9/00 16:30,36151
8/9/00 17:00,36010
8/9/00 17:30,35225
8/9/00 18:00,34283
8/9/00 18:30,33618
8/9/00 19:00,32731
8/9/00 19:30,32070
8/9/00 20:00,32037
8/9/00 20:30,32639
8/9/00 21:00,33449
8/9/00 21:30,32635
8/9/00 22:00,31361
8/9/00 22:30,29759
8/9/00 23:00,27891
8/9/00 23:30,25833
8/10/00 0:00,24246
8/10/00 0:30,23580
8/10/00 1:00,23512
8/10/00 1:30,23310
8/10/00 2:00,22893
8/10/00 2:30,22577
8/10/00 3:00,22392
8/10/00 3:30,22392
8/10/00 4:00,22384
8/10/00 4:30,22428
8/10/00 5:00,22749
8/10/00 5:30,23062
8/10/00 6:00,24803
8/10/00 6:30,26788
8/10/00 7:00,29596
8/10/00 7:30,31831
8/10/00 8:00,33770
8/10/00 8:30,35053
8/10/00 9:00,35888
8/10/00 9:30,36010
8/10/00 10:00,36251
8/10/00 10:30,36312
8/10/00 11:00,36525
8/10/00 11:30,36806
8/10/00 12:00,36647
8/10/00 12:30,36385
8/10/00 13:00,36059
8/10/00 13:30,35900
8/10/00 14:00,35703
8/10/00 14:30,35622
8/10/00 15:00,35529
8/10/00 15:30,35492
8/10/00 16:00,35553
8/10/00 16:30,35692
8/10/00 17:00,35387
8/10/00 17:30,34589
8/10/00 18:00,33958
8/10/00 18:30,33170
8/10/00 19:00,32316
8/10/00 19:30,31738
8/10/00 20:00,31830
8/10/00 20:30,32595
8/10/00 21:00,33382
8/10/00 21:30,32527
8/10/00 22:00,31194
8/10/00 22:30,29578
8/10/00 23:00,27652
8/10/00 23:30,25848
8/11/00 0:00,24311
8/11/00 0:30,23460
8/11/00 1:00,23333
8/11/00 1:30,23232
8/11/00 2:00,22764
8/11/00 2:30,22486
8/11/00 3:00,22372
8/11/00 3:30,22377
8/11/00 4:00,22270
8/11/00 4:30,22231
8/11/00 5:00,22613
8/11/00 5:30,22756
8/11/00 6:00,24529
8/11/00 6:30,26522
8/11/00 7:00,29281
8/11/00 7:30,31635
8/11/00 8:00,33533
8/11/00 8:30,34586
8/11/00 9:00,35502
8/11/00 9:30,35664
8/11/00 10:00,35733
8/11/00 10:30,35823
8/11/00 11:00,35880
8/11/00 11:30,35880
8/11/00 12:00,35985
8/11/00 12:30,35608
8/11/00 13:00,35166
8/11/00 13:30,34949
8/11/00 14:00,34612
8/11/00 14:30,34452
8/11/00 15:00,34221
8/11/00 15:30,34122
8/11/00 16:00,34192
8/11/00 16:30,34293
8/11/00 17:00,34079
8/11/00 17:30,33352
8/11/00 18:00,32510
8/11/00 18:30,31804
8/11/00 19:00,31013
8/11/00 19:30,30103
8/11/00 20:00,29685
8/11/00 20:30,30215
8/11/00 21:00,31615
8/11/00 21:30,31118
8/11/00 22:00,29956
8/11/00 22:30,28531
8/11/00 23:00,26846
8/11/00 23:30,25326
8/12/00 0:00,23854
8/12/00 0:30,23167
8/12/00 1:00,22917
8/12/00 1:30,22525
8/12/00 2:00,22035
8/12/00 2:30,21592
8/12/00 3:00,21291
8/12/00 3:30,21177
8/12/00 4:00,21053
8/12/00 4:30,20840
8/12/00 5:00,20917
8/12/00 5:30,20728
8/12/00 6:00,21492
8/12/00 6:30,22631
8/12/00 7:00,24221
8/12/00 7:30,25848
8/12/00 8:00,27553
8/12/00 8:30,28954
8/12/00 9:00,30034
8/12/00 9:30,30639
8/12/00 10:00,30852
8/12/00 10:30,30835
8/12/00 11:00,30760
8/12/00 11:30,30617
8/12/00 12:00,30216
8/12/00 12:30,29643
8/12/00 13:00,28976
8/12/00 13:30,28507
8/12/00 14:00,28110
8/12/00 14:30,27700
8/12/00 15:00,27529
8/12/00 15:30,27588
8/12/00 16:00,27868
8/12/00 16:30,28237
8/12/00 17:00,28729
8/12/00 17:30,28777
8/12/00 18:00,28389
8/12/00 18:30,28315
8/12/00 19:00,27919
8/12/00 19:30,27627
8/12/00 20:00,27641
8/12/00 20:30,28345
8/12/00 21:00,28867
8/12/00 21:30,28212
8/12/00 22:00,27567
8/12/00 22:30,26869
8/12/00 23:00,25442
8/12/00 23:30,24145
8/13/00 0:00,22947
8/13/00 0:30,22213
8/13/00 1:00,21917
8/13/00 1:30,21597
8/13/00 2:00,21050
8/13/00 2:30,20515
8/13/00 3:00,20215
8/13/00 3:30,20142
8/13/00 4:00,20010
8/13/00 4:30,19829
8/13/00 5:00,19837
8/13/00 5:30,19704
8/13/00 6:00,19881
8/13/00 6:30,20463
8/13/00 7:00,21414
8/13/00 7:30,22572
8/13/00 8:00,23859
8/13/00 8:30,25007
8/13/00 9:00,26286
8/13/00 9:30,27291
8/13/00 10:00,28202
8/13/00 10:30,28946
8/13/00 11:00,29344
8/13/00 11:30,29639
8/13/00 12:00,29897
8/13/00 12:30,29777
8/13/00 13:00,29078
8/13/00 13:30,28579
8/13/00 14:00,28012
8/13/00 14:30,27615
8/13/00 15:00,27549
8/13/00 15:30,27595
8/13/00 16:00,27641
8/13/00 16:30,27979
8/13/00 17:00,28210
8/13/00 17:30,28217
8/13/00 18:00,28362
8/13/00 18:30,28337
8/13/00 19:00,28312
8/13/00 19:30,28292
8/13/00 20:00,28823
8/13/00 20:30,29935
8/13/00 21:00,30106
8/13/00 21:30,29615
8/13/00 22:00,28625
8/13/00 22:30,27150
8/13/00 23:00,25427
8/13/00 23:30,23841
8/14/00 0:00,22489
8/14/00 0:30,21898
8/14/00 1:00,21932
8/14/00 1:30,21943
8/14/00 2:00,21651
8/14/00 2:30,21412
8/14/00 3:00,21136
8/14/00 3:30,21227
8/14/00 4:00,21341
8/14/00 4:30,21382
8/14/00 5:00,21880
8/14/00 5:30,22598
8/14/00 6:00,24631
8/14/00 6:30,26989
8/14/00 7:00,29734
8/14/00 7:30,32143
8/14/00 8:00,34391
8/14/00 8:30,35745
8/14/00 9:00,36919
8/14/00 9:30,37318
8/14/00 10:00,37299
8/14/00 10:30,37521
8/14/00 11:00,37631
8/14/00 11:30,37755
8/14/00 12:00,37849
8/14/00 12:30,37594
8/14/00 13:00,37152
8/14/00 13:30,37126
8/14/00 14:00,37039
8/14/00 14:30,36981
8/14/00 15:00,36846
8/14/00 15:30,36841
8/14/00 16:00,37047
8/14/00 16:30,37160
8/14/00 17:00,36856
8/14/00 17:30,35761
8/14/00 18:00,34906
8/14/00 18:30,34139
8/14/00 19:00,33489
8/14/00 19:30,32784
8/14/00 20:00,32243
8/14/00 20:30,33516
8/14/00 21:00,34568
8/14/00 21:30,33545
8/14/00 22:00,32173
8/14/00 22:30,30495
8/14/00 23:00,28426
8/14/00 23:30,26405
8/15/00 0:00,24923
8/15/00 0:30,24327
8/15/00 1:00,24097
8/15/00 1:30,24009
8/15/00 2:00,23636
8/15/00 2:30,23326
8/15/00 3:00,23164
8/15/00 3:30,22936
8/15/00 4:00,23025
8/15/00 4:30,23031
8/15/00 5:00,23496
8/15/00 5:30,23734
8/15/00 6:00,25322
8/15/00 6:30,27439
8/15/00 7:00,30185
8/15/00 7:30,32466
8/15/00 8:00,34420
8/15/00 8:30,35521
8/15/00 9:00,36394
8/15/00 9:30,36642
8/15/00 10:00,36761
8/15/00 10:30,36809
8/15/00 11:00,36901
8/15/00 11:30,37020
8/15/00 12:00,37068
8/15/00 12:30,36698
8/15/00 13:00,36472
8/15/00 13:30,36403
8/15/00 14:00,36268
8/15/00 14:30,36239
8/15/00 15:00,36078
8/15/00 15:30,36264
8/15/00 16:00,36588
8/15/00 16:30,36902
8/15/00 17:00,36690
8/15/00 17:30,35842
8/15/00 18:00,35119
8/15/00 18:30,34309
8/15/00 19:00,33636
8/15/00 19:30,33128
8/15/00 20:00,33231
8/15/00 20:30,34024
8/15/00 21:00,34658
8/15/00 21:30,33370
8/15/00 22:00,32176
8/15/00 22:30,30417
8/15/00 23:00,28428
8/15/00 23:30,26673
8/16/00 0:00,25124
8/16/00 0:30,24383
8/16/00 1:00,24114
8/16/00 1:30,24167
8/16/00 2:00,23746
8/16/00 2:30,23444
8/16/00 3:00,23259
8/16/00 3:30,23217
8/16/00 4:00,23197
8/16/00 4:30,23185
8/16/00 5:00,23561
8/16/00 5:30,23818
8/16/00 6:00,25395
8/16/00 6:30,27464
8/16/00 7:00,30307
8/16/00 7:30,32365
8/16/00 8:00,34165
8/16/00 8:30,35240
8/16/00 9:00,36050
8/16/00 9:30,36221
8/16/00 10:00,36283
8/16/00 10:30,36439
8/16/00 11:00,36504
8/16/00 11:30,36710
8/16/00 12:00,36921
8/16/00 12:30,36427
8/16/00 13:00,36032
8/16/00 13:30,35964
8/16/00 14:00,35817
8/16/00 14:30,35794
8/16/00 15:00,35626
8/16/00 15:30,35744
8/16/00 16:00,35977
8/16/00 16:30,36337
8/16/00 17:00,36128
8/16/00 17:30,35343
8/16/00 18:00,34456
8/16/00 18:30,33700
8/16/00 19:00,33127
8/16/00 19:30,32626
8/16/00 20:00,32706
8/16/00 20:30,33837
8/16/00 21:00,34144
8/16/00 21:30,33043
8/16/00 22:00,32013
8/16/00 22:30,30575
8/16/00 23:00,28624
8/16/00 23:30,26782
8/17/00 0:00,25168
8/17/00 0:30,24479
8/17/00 1:00,24239
8/17/00 1:30,24063
8/17/00 2:00,23701
8/17/00 2:30,23279
8/17/00 3:00,23166
8/17/00 3:30,23130
8/17/00 4:00,23161
8/17/00 4:30,23148
8/17/00 5:00,23509
8/17/00 5:30,23799
8/17/00 6:00,25471
8/17/00 6:30,27502
8/17/00 7:00,30255
8/17/00 7:30,32610
8/17/00 8:00,34374
8/17/00 8:30,35506
8/17/00 9:00,36167
8/17/00 9:30,36345
8/17/00 10:00,36483
8/17/00 10:30,36680
8/17/00 11:00,36819
8/17/00 11:30,36964
8/17/00 12:00,37029
8/17/00 12:30,36613
8/17/00 13:00,36380
8/17/00 13:30,36234
8/17/00 14:00,36092
8/17/00 14:30,35935
8/17/00 15:00,35867
8/17/00 15:30,35976
8/17/00 16:00,36174
8/17/00 16:30,36354
8/17/00 17:00,36078
8/17/00 17:30,35454
8/17/00 18:00,34455
8/17/00 18:30,33604
8/17/00 19:00,33082
8/17/00 19:30,32537
8/17/00 20:00,32560
8/17/00 20:30,33891
8/17/00 21:00,34075
8/17/00 21:30,32982
8/17/00 22:00,31860
8/17/00 22:30,30198
8/17/00 23:00,28433
8/17/00 23:30,26770
8/18/00 0:00,25179
8/18/00 0:30,24314
8/18/00 1:00,24157
8/18/00 1:30,23944
8/18/00 2:00,23387
8/18/00 2:30,23140
8/18/00 3:00,23067
8/18/00 3:30,22994
8/18/00 4:00,22940
8/18/00 4:30,22904
8/18/00 5:00,23375
8/18/00 5:30,23742
8/18/00 6:00,25401
8/18/00 6:30,27491
8/18/00 7:00,30268
8/18/00 7:30,32611
8/18/00 8:00,34417
8/18/00 8:30,35604
8/18/00 9:00,36531
8/18/00 9:30,36818
8/18/00 10:00,36875
8/18/00 10:30,36998
8/18/00 11:00,37110
8/18/00 11:30,37296
8/18/00 12:00,37392
8/18/00 12:30,36897
8/18/00 13:00,36333
8/18/00 13:30,35999
8/18/00 14:00,35656
8/18/00 14:30,35441
8/18/00 15:00,35062
8/18/00 15:30,34861
8/18/00 16:00,34834
8/18/00 16:30,35039
8/18/00 17:00,34876
8/18/00 17:30,34243
8/18/00 18:00,33596
8/18/00 18:30,32946
8/18/00 19:00,32395
8/18/00 19:30,31698
8/18/00 20:00,31837
8/18/00 20:30,32422
8/18/00 21:00,32452
8/18/00 21:30,31564
8/18/00 22:00,30367
8/18/00 22:30,29055
8/18/00 23:00,27393
8/18/00 23:30,25924
8/19/00 0:00,24446
8/19/00 0:30,23832
8/19/00 1:00,23517
8/19/00 1:30,23189
8/19/00 2:00,22544
8/19/00 2:30,22096
8/19/00 3:00,21913
8/19/00 3:30,21776
8/19/00 4:00,21602
8/19/00 4:30,21460
8/19/00 5:00,21622
8/19/00 5:30,21817
8/19/00 6:00,22398
8/19/00 6:30,23322
8/19/00 7:00,25034
8/19/00 7:30,26611
8/19/00 8:00,28339
8/19/00 8:30,29635
8/19/00 9:00,30840
8/19/00 9:30,31339
8/19/00 10:00,31521
8/19/00 10:30,31709
8/19/00 11:00,31548
8/19/00 11:30,31366
8/19/00 12:00,30966
8/19/00 12:30,30464
8/19/00 13:00,29621
8/19/00 13:30,29087
8/19/00 14:00,28491
8/19/00 14:30,28044
8/19/00 15:00,27791
8/19/00 15:30,27842
8/19/00 16:00,28011
8/19/00 16:30,28398
8/19/00 17:00,28802
8/19/00 17:30,28718
8/19/00 18:00,28372
8/19/00 18:30,27955
8/19/00 19:00,27537
8/19/00 19:30,27606
8/19/00 20:00,27690
8/19/00 20:30,28652
8/19/00 21:00,28897
8/19/00 21:30,28307
8/19/00 22:00,27657
8/19/00 22:30,26860
8/19/00 23:00,25377
8/19/00 23:30,24107
8/20/00 0:00,22869
8/20/00 0:30,22202
8/20/00 1:00,21806
8/20/00 1:30,21483
8/20/00 2:00,20986
8/20/00 2:30,20599
8/20/00 3:00,20296
8/20/00 3:30,20238
8/20/00 4:00,20082
8/20/00 4:30,19802
8/20/00 5:00,19747
8/20/00 5:30,19718
8/20/00 6:00,19953
8/20/00 6:30,20489
8/20/00 7:00,21431
8/20/00 7:30,22514
8/20/00 8:00,23961
8/20/00 8:30,25355
8/20/00 9:00,26602
8/20/00 9:30,27510
8/20/00 10:00,28306
8/20/00 10:30,28788
8/20/00 11:00,29166
8/20/00 11:30,29536
8/20/00 12:00,29557
8/20/00 12:30,29406
8/20/00 13:00,28543
8/20/00 13:30,28013
8/20/00 14:00,27430
8/20/00 14:30,27187
8/20/00 15:00,26980
8/20/00 15:30,27033
8/20/00 16:00,27173
8/20/00 16:30,27392
8/20/00 17:00,27578
8/20/00 17:30,27561
8/20/00 18:00,27771
8/20/00 18:30,27772
8/20/00 19:00,27625
8/20/00 19:30,27497
8/20/00 20:00,28461
8/20/00 20:30,29738
8/20/00 21:00,30108
8/20/00 21:30,29309
8/20/00 22:00,28351
8/20/00 22:30,26974
8/20/00 23:00,25265
8/20/00 23:30,23835
8/21/00 0:00,22651
8/21/00 0:30,21874
8/21/00 1:00,21763
8/21/00 1:30,21798
8/21/00 2:00,21625
8/21/00 2:30,21321
8/21/00 3:00,21071
8/21/00 3:30,21093
8/21/00 4:00,21177
8/21/00 4:30,21223
8/21/00 5:00,21854
8/21/00 5:30,22429
8/21/00 6:00,24271
8/21/00 6:30,26533
8/21/00 7:00,29373
8/21/00 7:30,31848
8/21/00 8:00,33979
8/21/00 8:30,35182
8/21/00 9:00,36245
8/21/00 9:30,36535
8/21/00 10:00,36653
8/21/00 10:30,36699
8/21/00 11:00,36928
8/21/00 11:30,37015
8/21/00 12:00,37202
8/21/00 12:30,36850
8/21/00 13:00,36522
8/21/00 13:30,36332
8/21/00 14:00,36201
8/21/00 14:30,36249
8/21/00 15:00,36159
8/21/00 15:30,36327
8/21/00 16:00,36462
8/21/00 16:30,36629
8/21/00 17:00,36405
8/21/00 17:30,35531
8/21/00 18:00,34835
8/21/00 18:30,34261
8/21/00 19:00,33676
8/21/00 19:30,33203
8/21/00 20:00,33164
8/21/00 20:30,34409
8/21/00 21:00,34469
8/21/00 21:30,33085
8/21/00 22:00,31815
8/21/00 22:30,30031
8/21/00 23:00,27989
8/21/00 23:30,26190
8/22/00 0:00,24702
8/22/00 0:30,24068
8/22/00 1:00,23964
8/22/00 1:30,23932
8/22/00 2:00,23508
8/22/00 2:30,23271
8/22/00 3:00,23113
8/22/00 3:30,23018
8/22/00 4:00,22997
8/22/00 4:30,23046
8/22/00 5:00,23450
8/22/00 5:30,23841
8/22/00 6:00,25520
8/22/00 6:30,27645
8/22/00 7:00,30235
8/22/00 7:30,32532
8/22/00 8:00,34497
8/22/00 8:30,35575
8/22/00 9:00,36403
8/22/00 9:30,36578
8/22/00 10:00,36659
8/22/00 10:30,36738
8/22/00 11:00,36832
8/22/00 11:30,37016
8/22/00 12:00,37050
8/22/00 12:30,36685
8/22/00 13:00,36273
8/22/00 13:30,36180
8/22/00 14:00,36019
8/22/00 14:30,35842
8/22/00 15:00,35768
8/22/00 15:30,35846
8/22/00 16:00,36149
8/22/00 16:30,36376
8/22/00 17:00,36134
8/22/00 17:30,35383
8/22/00 18:00,34660
8/22/00 18:30,33885
8/22/00 19:00,33017
8/22/00 19:30,32553
8/22/00 20:00,33152
8/22/00 20:30,34742
8/22/00 21:00,34849
8/22/00 21:30,33554
8/22/00 22:00,32208
8/22/00 22:30,30423
8/22/00 23:00,28566
8/22/00 23:30,26714
8/23/00 0:00,24969
8/23/00 0:30,24269
8/23/00 1:00,24219
8/23/00 1:30,24115
8/23/00 2:00,23772
8/23/00 2:30,23482
8/23/00 3:00,23383
8/23/00 3:30,23256
8/23/00 4:00,23257
8/23/00 4:30,23332
8/23/00 5:00,23680
8/23/00 5:30,24290
8/23/00 6:00,25831
8/23/00 6:30,27888
8/23/00 7:00,30556
8/23/00 7:30,32830
8/23/00 8:00,34816
8/23/00 8:30,35867
8/23/00 9:00,36625
8/23/00 9:30,36829
8/23/00 10:00,36969
8/23/00 10:30,36981
8/23/00 11:00,37068
8/23/00 11:30,37261
8/23/00 12:00,37272
8/23/00 12:30,36826
8/23/00 13:00,36465
8/23/00 13:30,36220
8/23/00 14:00,36148
8/23/00 14:30,36163
8/23/00 15:00,35938
8/23/00 15:30,36028
8/23/00 16:00,36233
8/23/00 16:30,36503
8/23/00 17:00,36350
8/23/00 17:30,35533
8/23/00 18:00,34639
8/23/00 18:30,33834
8/23/00 19:00,33133
8/23/00 19:30,32679
8/23/00 20:00,33512
8/23/00 20:30,34804
8/23/00 21:00,34652
8/23/00 21:30,33661
8/23/00 22:00,32448
8/23/00 22:30,30767
8/23/00 23:00,28762
8/23/00 23:30,27016
8/24/00 0:00,25338
8/24/00 0:30,24514
8/24/00 1:00,24375
8/24/00 1:30,24224
8/24/00 2:00,23739
8/24/00 2:30,23447
8/24/00 3:00,23222
8/24/00 3:30,23171
8/24/00 4:00,23187
8/24/00 4:30,23232
8/24/00 5:00,23674
8/24/00 5:30,24368
8/24/00 6:00,25814
8/24/00 6:30,27894
8/24/00 7:00,30584
8/24/00 7:30,32926
8/24/00 8:00,34831
8/24/00 8:30,35890
8/24/00 9:00,36720
8/24/00 9:30,36903
8/24/00 10:00,36869
8/24/00 10:30,37091
8/24/00 11:00,37307
8/24/00 11:30,37480
8/24/00 12:00,37440
8/24/00 12:30,37095
8/24/00 13:00,36805
8/24/00 13:30,36642
8/24/00 14:00,36461
8/24/00 14:30,36358
8/24/00 15:00,36234
8/24/00 15:30,36431
8/24/00 16:00,36573
8/24/00 16:30,36790
8/24/00 17:00,36530
8/24/00 17:30,35562
8/24/00 18:00,34767
8/24/00 18:30,34197
8/24/00 19:00,33452
8/24/00 19:30,33026
8/24/00 20:00,33940
8/24/00 20:30,35455
8/24/00 21:00,35489
8/24/00 21:30,34041
8/24/00 22:00,32394
8/24/00 22:30,30961
8/24/00 23:00,28958
8/24/00 23:30,27151
8/25/00 0:00,25394
8/25/00 0:30,24722
8/25/00 1:00,24370
8/25/00 1:30,24319
8/25/00 2:00,23895
8/25/00 2:30,23687
8/25/00 3:00,23451
8/25/00 3:30,23408
8/25/00 4:00,23307
8/25/00 4:30,23304
8/25/00 5:00,23755
8/25/00 5:30,24278
8/25/00 6:00,25747
8/25/00 6:30,27698
8/25/00 7:00,30325
8/25/00 7:30,32614
8/25/00 8:00,34547
8/25/00 8:30,35652
8/25/00 9:00,36463
8/25/00 9:30,36864
8/25/00 10:00,36803
8/25/00 10:30,36907
8/25/00 11:00,36997
8/25/00 11:30,37106
8/25/00 12:00,37070
8/25/00 12:30,36651
8/25/00 13:00,36098
8/25/00 13:30,35667
8/25/00 14:00,35487
8/25/00 14:30,35301
8/25/00 15:00,35067
8/25/00 15:30,34928
8/25/00 16:00,34738
8/25/00 16:30,35004
8/25/00 17:00,34748
8/25/00 17:30,34090
8/25/00 18:00,33476
8/25/00 18:30,32893
8/25/00 19:00,32250
8/25/00 19:30,31997
8/25/00 20:00,33010
8/25/00 20:30,33477
8/25/00 21:00,33064
8/25/00 21:30,31953
8/25/00 22:00,30548
8/25/00 22:30,29236
8/25/00 23:00,27623
8/25/00 23:30,26063
8/26/00 0:00,24653
8/26/00 0:30,23879
8/26/00 1:00,23508
8/26/00 1:30,23275
8/26/00 2:00,22890
8/26/00 2:30,22462
8/26/00 3:00,22124
8/26/00 3:30,22085
8/26/00 4:00,21978
8/26/00 4:30,21862
8/26/00 5:00,21954
8/26/00 5:30,22144
8/26/00 6:00,22972
8/26/00 6:30,23788
8/26/00 7:00,25099
8/26/00 7:30,26677
8/26/00 8:00,28494
8/26/00 8:30,29881
8/26/00 9:00,31048
8/26/00 9:30,31513
8/26/00 10:00,31841
8/26/00 10:30,32092
8/26/00 11:00,31975
8/26/00 11:30,31740
8/26/00 12:00,31341
8/26/00 12:30,30738
8/26/00 13:00,30108
8/26/00 13:30,29767
8/26/00 14:00,29213
8/26/00 14:30,28727
8/26/00 15:00,28557
8/26/00 15:30,28425
8/26/00 16:00,28664
8/26/00 16:30,29198
8/26/00 17:00,29768
8/26/00 17:30,29894
8/26/00 18:00,29628
8/26/00 18:30,29120
8/26/00 19:00,28838
8/26/00 19:30,28936
8/26/00 20:00,29366
8/26/00 20:30,29754
8/26/00 21:00,29309
8/26/00 21:30,28603
8/26/00 22:00,27695
8/26/00 22:30,26749
8/26/00 23:00,25382
8/26/00 23:30,24128
8/27/00 0:00,22914
8/27/00 0:30,22150
8/27/00 1:00,21808
8/27/00 1:30,21484
8/27/00 2:00,21041
8/27/00 2:30,20569
8/27/00 3:00,20190
8/27/00 3:30,20191
8/27/00 4:00,19974
8/27/00 4:30,19741
8/27/00 5:00,19896
8/27/00 5:30,19949
8/27/00 6:00,20062
8/27/00 6:30,20497
8/27/00 7:00,21501
8/27/00 7:30,22349
8/27/00 8:00,23741
8/27/00 8:30,24870
8/27/00 9:00,26044
8/27/00 9:30,26849
8/27/00 10:00,27618
8/27/00 10:30,28421
8/27/00 11:00,28852
8/27/00 11:30,29139
8/27/00 12:00,29385
8/27/00 12:30,29103
8/27/00 13:00,28291
8/27/00 13:30,27778
8/27/00 14:00,27178
8/27/00 14:30,26837
8/27/00 15:00,26609
8/27/00 15:30,26487
8/27/00 16:00,26507
8/27/00 16:30,26700
8/27/00 17:00,26824
8/27/00 17:30,26903
8/27/00 18:00,26834
8/27/00 18:30,26646
8/27/00 19:00,26476
8/27/00 19:30,26615
8/27/00 20:00,27940
8/27/00 20:30,28693
8/27/00 21:00,28677
8/27/00 21:30,27946
8/27/00 22:00,27133
8/27/00 22:30,25996
8/27/00 23:00,24610
8/27/00 23:30,23132