Date Time,p (mbar)
01.01.2020 00:10:00,1008.89
01.01.2020 00:20:00,1008.76
01.01.2020 00:30:00,1008.66
01.01.2020 00:40:00,1008.64
01.01.2020 00:50:00,1008.61
01.01.2020 01:00:00,1008.44
01.01.2020 01:10:00,1008.49
01.01.2020 01:20:00,1008.4
01.01.2020 01:30:00,1008.29
01.01.2020 01:40:00,1008.28
01.01.2020 01:50:00,1008.24
01.01.2020 02:00:00,1008.32
01.01.2020 02:10:00,1008.24
01.01.2020 02:20:00,1008.35
01.01.2020 02:30:00,1008.3
01.01.2020 02:40:00,1008.4
01.01.2020 02:50:00,1008.39
01.01.2020 03:00:00,1008.46
01.01.2020 03:10:00,1008.15
01.01.2020 03:20:00,1008.07
01.01.2020 03:30:00,1008.12
01.01.2020 03:40:00,1008.04
01.01.2020 03:50:00,1008.16
01.01.2020 04:00:00,1008
01.01.2020 04:10:00,1007.76
01.01.2020 04:20:00,1007.84
01.01.2020 04:30:00,1007.85
01.01.2020 04:40:00,1008.02
01.01.2020 04:50:00,1007.92
01.01.2020 05:00:00,1007.63
01.01.2020 05:10:00,1007.63
01.01.2020 05:20:00,1007.9
01.01.2020 05:30:00,1007.99
01.01.2020 05:40:00,1007.85
01.01.2020 05:50:00,1007.81
01.01.2020 06:00:00,1007.81
01.01.2020 06:10:00,1007.91
01.01.2020 06:20:00,1008.06
01.01.2020 06:30:00,1008.22
01.01.2020 06:40:00,1008.19
01.01.2020 06:50:00,1008.21
01.01.2020 07:00:00,1008.17
01.01.2020 07:10:00,1008.16
01.01.2020 07:20:00,1008.17
01.01.2020 07:30:00,1008.13
01.01.2020 07:40:00,1008.25
01.01.2020 07:50:00,1008.17
01.01.2020 08:00:00,1008.16
01.01.2020 08:10:00,1008.12
01.01.2020 08:20:00,1008.12
01.01.2020 08:30:00,1008.12
01.01.2020 08:40:00,1008.04
01.01.2020 08:50:00,1007.96
01.01.2020 09:00:00,1008.07
01.01.2020 09:10:00,1008.17
01.01.2020 09:20:00,1008.28
01.01.2020 09:30:00,1008.2
01.01.2020 09:40:00,1008.31
01.01.2020 09:50:00,1008.41
01.01.2020 10:00:00,1008.45
01.01.2020 10:10:00,1008.5
01.01.2020 10:20:00,1008.46
01.01.2020 10:30:00,1008.49
01.01.2020 10:40:00,1008.37
01.01.2020 10:50:00,1008.36
01.01.2020 11:00:00,1008.34
01.01.2020 11:10:00,1008.21
01.01.2020 11:20:00,1008.02
01.01.2020 11:30:00,1008.03
01.01.2020 11:40:00,1007.84
01.01.2020 11:50:00,1007.69
01.01.2020 12:00:00,1007.62
01.01.2020 12:10:00,1007.59
01.01.2020 12:20:00,1007.56
01.01.2020 12:30:00,1007.44
01.01.2020 12:40:00,1007.29
01.01.2020 12:50:00,1007.12
01.01.2020 13:00:00,1007.04
01.01.2020 13:10:00,1006.98
01.01.2020 13:20:00,1006.83
01.01.2020 13:30:00,1006.79
01.01.2020 13:40:00,1006.69
01.01.2020 13:50:00,1006.6
01.01.2020 14:00:00,1006.41
01.01.2020 14:10:00,1006.3
01.01.2020 14:20:00,1006.26
01.01.2020 14:30:00,1006.19
01.01.2020 14:40:00,1006.06
01.01.2020 14:50:00,1006.01
01.01.2020 15:00:00,1006.01
01.01.2020 15:10:00,1006.03
01.01.2020 15:20:00,1006.02
01.01.2020 15:30:00,1006.02
01.01.2020 15:40:00,1005.99
01.01.2020 15:50:00,1005.87
01.01.2020 16:00:00,1005.83
01.01.2020 16:10:00,1005.78
01.01.2020 16:20:00,1005.71
01.01.2020 16:30:00,1005.71
01.01.2020 16:40:00,1005.76
01.01.2020 16:50:00,1005.88
01.01.2020 17:00:00,1005.96
01.01.2020 17:10:00,1005.96
01.01.2020 17:20:00,1006.03
01.01.2020 17:30:00,1006
01.01.2020 17:40:00,1005.96
01.01.2020 17:50:00,1005.93
01.01.2020 18:00:00,1005.85
01.01.2020 18:10:00,1005.81
01.01.2020 18:20:00,1005.83
01.01.2020 18:30:00,1005.78
01.01.2020 18:40:00,1005.71
01.01.2020 18:50:00,1005.7
01.01.2020 19:00:00,1005.68
01.01.2020 19:10:00,1005.71
01.01.2020 19:20:00,1005.69
01.01.2020 19:30:00,1005.61
01.01.2020 19:40:00,1005.49
01.01.2020 19:50:00,1005.57
01.01.2020 20:00:00,1005.53
01.01.2020 20:10:00,1005.46
01.01.2020 20:20:00,1005.39
01.01.2020 20:30:00,1005.34
01.01.2020 20:40:00,1005.32
01.01.2020 20:50:00,1005.26
01.01.2020 21:00:00,1005.21
01.01.2020 21:10:00,1005.12
01.01.2020 21:20:00,1005.07
01.01.2020 21:30:00,1005.01
01.01.2020 21:40:00,1004.96
01.01.2020 21:50:00,1004.84
01.01.2020 22:00:00,1004.76
01.01.2020 22:10:00,1004.64
01.01.2020 22:20:00,1004.61
01.01.2020 22:30:00,1004.54
01.01.2020 22:40:00,1004.51
01.01.2020 22:50:00,1004.62
01.01.2020 23:00:00,1004.56
01.01.2020 23:10:00,1004.45
01.01.2020 23:20:00,1004.35
01.01.2020 23:30:00,1004.28
01.01.2020 23:40:00,1004.29
01.01.2020 23:50:00,1004.26
02.01.2020 00:00:00,1004.16
02.01.2020 00:10:00,1004.13
02.01.2020 00:20:00,1004.13
02.01.2020 00:30:00,1004.11
02.01.2020 00:40:00,1004.09
02.01.2020 00:50:00,1004
02.01.2020 01:00:00,1003.96
02.01.2020 01:10:00,1003.86
02.01.2020 01:20:00,1003.9
02.01.2020 01:30:00,1003.76
02.01.2020 01:40:00,1003.75
02.01.2020 01:50:00,1003.72
02.01.2020 02:00:00,1003.76
02.01.2020 02:10:00,1003.73
02.01.2020 02:20:00,1003.67
02.01.2020 02:30:00,1003.51
02.01.2020 02:40:00,1003.51
02.01.2020 02:50:00,1003.49
02.01.2020 03:00:00,1003.38
02.01.2020 03:10:00,1003.27
02.01.2020 03:20:00,1003.17
02.01.2020 03:30:00,1003.12
02.01.2020 03:40:00,1003.07
02.01.2020 03:50:00,1003.08
02.01.2020 04:00:00,1003.12
02.01.2020 04:10:00,1003.22
02.01.2020 04:20:00,1003.37
02.01.2020 04:30:00,1003.32
02.01.2020 04:40:00,1003.15
02.01.2020 04:50:00,1002.99
02.01.2020 05:00:00,1002.82
02.01.2020 05:10:00,1002.67
02.01.2020 05:20:00,1002.65
02.01.2020 05:30:00,1002.67
02.01.2020 05:40:00,1002.62
02.01.2020 05:50:00,1002.55
02.01.2020 06:00:00,1002.53
02.01.2020 06:10:00,1002.51
02.01.2020 06:20:00,1002.53
02.01.2020 06:30:00,1002.53
02.01.2020 06:40:00,1002.52
02.01.2020 06:50:00,1002.44
02.01.2020 07:00:00,1002.41
02.01.2020 07:10:00,1002.37
02.01.2020 07:20:00,1002.4
02.01.2020 07:30:00,1002.4
02.01.2020 07:40:00,1002.36
02.01.2020 07:50:00,1002.35
02.01.2020 08:00:00,1002.38
02.01.2020 08:10:00,1002.36
02.01.2020 08:20:00,1002.35
02.01.2020 08:30:00,1002.27
02.01.2020 08:40:00,1002.18
02.01.2020 08:50:00,1002.21
02.01.2020 09:00:00,1002.19
02.01.2020 09:10:00,1002.25
02.01.2020 09:20:00,1002.19
02.01.2020 09:30:00,1002.05
02.01.2020 09:40:00,1002.01
02.01.2020 09:50:00,1002
02.01.2020 10:00:00,1001.81
02.01.2020 10:10:00,1001.66
02.01.2020 10:20:00,1001.66
02.01.2020 10:30:00,1001.57
02.01.2020 10:40:00,1001.52
02.01.2020 10:50:00,1001.42
02.01.2020 11:00:00,1001.32
02.01.2020 11:10:00,1001.39
02.01.2020 11:20:00,1001.38
02.01.2020 11:30:00,1001.18
02.01.2020 11:40:00,1001.01
02.01.2020 11:50:00,1000.87
02.01.2020 12:00:00,1000.7
02.01.2020 12:10:00,1000.49
02.01.2020 12:20:00,1000.23
02.01.2020 12:30:00,1000.03
02.01.2020 12:40:00,999.8
02.01.2020 12:50:00,999.66
02.01.2020 13:00:00,999.58
02.01.2020 13:10:00,999.46
02.01.2020 13:20:00,999.3
02.01.2020 13:30:00,999.16
02.01.2020 13:40:00,999.06
02.01.2020 13:50:00,998.98
02.01.2020 14:00:00,998.88
02.01.2020 14:10:00,998.9
02.01.2020 14:20:00,998.87
02.01.2020 14:30:00,998.81
02.01.2020 14:40:00,998.71
02.01.2020 14:50:00,998.69
02.01.2020 15:00:00,998.65
02.01.2020 15:10:00,998.66
02.01.2020 15:20:00,998.66
02.01.2020 15:30:00,998.75
02.01.2020 15:40:00,998.82
02.01.2020 15:50:00,998.94
02.01.2020 16:00:00,998.97
02.01.2020 16:10:00,999.12
02.01.2020 16:20:00,999.13
02.01.2020 16:30:00,999.28
02.01.2020 16:40:00,999.39
02.01.2020 16:50:00,999.44
02.01.2020 17:00:00,999.45
02.01.2020 17:10:00,999.51
02.01.2020 17:20:00,999.52
02.01.2020 17:30:00,999.59
02.01.2020 17:40:00,999.56
02.01.2020 17:50:00,999.58
02.01.2020 18:00:00,999.58
02.01.2020 18:10:00,999.68
02.01.2020 18:20:00,999.67
02.01.2020 18:30:00,999.71
02.01.2020 18:40:00,999.83
02.01.2020 18:50:00,999.98
02.01.2020 19:00:00,999.99
02.01.2020 19:10:00,1000.07
02.01.2020 19:20:00,1000.11
02.01.2020 19:30:00,1000.05
02.01.2020 19:40:00,1000.04
02.01.2020 19:50:00,1000.14
02.01.2020 20:00:00,1000.08
02.01.2020 20:10:00,1000.15
02.01.2020 20:20:00,1000.06
02.01.2020 20:30:00,1000.02
02.01.2020 20:40:00,999.93
02.01.2020 20:50:00,999.81
02.01.2020 21:00:00,999.7
02.01.2020 21:10:00,999.58
02.01.2020 21:20:00,999.54
02.01.2020 21:30:00,999.54
02.01.2020 21:40:00,999.51
02.01.2020 21:50:00,999.34
02.01.2020 22:00:00,999.17
02.01.2020 22:10:00,999.05
02.01.2020 22:20:00,998.96
02.01.2020 22:30:00,998.84
02.01.2020 22:40:00,998.69
02.01.2020 22:50:00,998.56
02.01.2020 23:00:00,998.56
02.01.2020 23:10:00,998.55
02.01.2020 23:20:00,998.66
02.01.2020 23:30:00,998.68
02.01.2020 23:40:00,998.59
02.01.2020 23:50:00,998.53
03.01.2020 00:00:00,998.45
03.01.2020 00:10:00,998.39
03.01.2020 00:20:00,998.25
03.01.2020 00:30:00,998.07
03.01.2020 00:40:00,997.99
03.01.2020 00:50:00,998.01
03.01.2020 01:00:00,997.93
03.01.2020 01:10:00,997.77
03.01.2020 01:20:00,997.67
03.01.2020 01:30:00,997.57
03.01.2020 01:40:00,997.41
03.01.2020 01:50:00,997.26
03.01.2020 02:00:00,997.14
03.01.2020 02:10:00,997.01
03.01.2020 02:20:00,997.04
03.01.2020 02:30:00,996.96
03.01.2020 02:40:00,996.86
03.01.2020 02:50:00,996.71
03.01.2020 03:00:00,996.73
03.01.2020 03:10:00,996.59
03.01.2020 03:20:00,996.44
03.01.2020 03:30:00,996.37
03.01.2020 03:40:00,996.32
03.01.2020 03:50:00,996.26
03.01.2020 04:00:00,996.14
03.01.2020 04:10:00,996.12
03.01.2020 04:20:00,996.04
03.01.2020 04:30:00,995.89
03.01.2020 04:40:00,995.81
03.01.2020 04:50:00,995.67
03.01.2020 05:00:00,995.58
03.01.2020 05:10:00,995.53
03.01.2020 05:20:00,995.54
03.01.2020 05:30:00,995.5
03.01.2020 05:40:00,995.45
03.01.2020 05:50:00,995.42
03.01.2020 06:00:00,995.36
03.01.2020 06:10:00,995.35
03.01.2020 06:20:00,995.33
03.01.2020 06:30:00,995.27
03.01.2020 06:40:00,995.2
03.01.2020 06:50:00,995.19
03.01.2020 07:00:00,995.16
03.01.2020 07:10:00,995.13
03.01.2020 07:20:00,995.06
03.01.2020 07:30:00,995.01
03.01.2020 07:40:00,994.84
03.01.2020 07:50:00,994.68
03.01.2020 08:00:00,994.6
03.01.2020 08:10:00,994.69
03.01.2020 08:20:00,994.69
03.01.2020 08:30:00,994.63
03.01.2020 08:40:00,994.61
03.01.2020 08:50:00,994.55
03.01.2020 09:00:00,994.4
03.01.2020 09:10:00,994.25
03.01.2020 09:20:00,994.23
03.01.2020 09:30:00,994.33
03.01.2020 09:40:00,994.24
03.01.2020 09:50:00,994.12
03.01.2020 10:00:00,994.02
03.01.2020 10:10:00,993.94
03.01.2020 10:20:00,993.87
03.01.2020 10:30:00,993.78
03.01.2020 10:40:00,993.68
03.01.2020 10:50:00,993.76
03.01.2020 11:00:00,993.62
03.01.2020 11:10:00,993.48
03.01.2020 11:20:00,993.36
03.01.2020 11:30:00,993.19
03.01.2020 11:40:00,992.94
03.01.2020 11:50:00,992.8
03.01.2020 12:00:00,992.75
03.01.2020 12:10:00,992.66
03.01.2020 12:20:00,992.45
03.01.2020 12:30:00,992.15
03.01.2020 12:40:00,991.91
03.01.2020 12:50:00,991.84
03.01.2020 13:00:00,991.91
03.01.2020 13:10:00,991.91
03.01.2020 13:20:00,991.8
03.01.2020 13:30:00,991.73
03.01.2020 13:40:00,991.6
03.01.2020 13:50:00,991.52
03.01.2020 14:00:00,991.35
03.01.2020 14:10:00,991.19
03.01.2020 14:20:00,991.19
03.01.2020 14:30:00,991.41
03.01.2020 14:40:00,991.51
03.01.2020 14:50:00,991.47
03.01.2020 15:00:00,991.47
03.01.2020 15:10:00,991.47
03.01.2020 15:20:00,991.55
03.01.2020 15:30:00,991.61
03.01.2020 15:40:00,991.63
03.01.2020 15:50:00,991.71
03.01.2020 16:00:00,991.7
03.01.2020 16:10:00,991.63
03.01.2020 16:20:00,991.69
03.01.2020 16:30:00,991.9
03.01.2020 16:40:00,991.83
03.01.2020 16:50:00,991.91
03.01.2020 17:00:00,991.89
03.01.2020 17:10:00,991.83
03.01.2020 17:20:00,991.69
03.01.2020 17:30:00,991.86
03.01.2020 17:40:00,991.77
03.01.2020 17:50:00,991.88
03.01.2020 18:00:00,991.96
03.01.2020 18:10:00,991.88
03.01.2020 18:20:00,991.83
03.01.2020 18:30:00,991.7
03.01.2020 18:40:00,991.64
03.01.2020 18:50:00,991.56
03.01.2020 19:00:00,991.44
03.01.2020 19:10:00,991.44
03.01.2020 19:20:00,991.39
03.01.2020 19:30:00,991.3
03.01.2020 19:40:00,991.3
03.01.2020 19:50:00,991.3
03.01.2020 20:00:00,991.33
03.01.2020 20:10:00,991.23
03.01.2020 20:20:00,991.29
03.01.2020 20:30:00,991.41
03.01.2020 20:40:00,991.39
03.01.2020 20:50:00,991.4
03.01.2020 21:00:00,991.53
03.01.2020 21:10:00,991.73
03.01.2020 21:20:00,991.84
03.01.2020 21:30:00,992.11
03.01.2020 21:40:00,992.26
03.01.2020 21:50:00,992.37
03.01.2020 22:00:00,992.51
03.01.2020 22:10:00,992.81
03.01.2020 22:20:00,993.05
03.01.2020 22:30:00,993.18
03.01.2020 22:40:00,993.39
03.01.2020 22:50:00,993.55
03.01.2020 23:00:00,993.79
03.01.2020 23:10:00,993.96
03.01.2020 23:20:00,994.17
03.01.2020 23:30:00,994.32
03.01.2020 23:40:00,994.62
03.01.2020 23:50:00,995.02
04.01.2020 00:00:00,995.29
04.01.2020 00:10:00,995.66
04.01.2020 00:20:00,995.92
04.01.2020 00:30:00,996.15
04.01.2020 00:40:00,996.47
04.01.2020 00:50:00,996.69
04.01.2020 01:00:00,996.81
04.01.2020 01:10:00,997.01
04.01.2020 01:20:00,997.12
04.01.2020 01:30:00,997.28
04.01.2020 01:40:00,997.48
04.01.2020 01:50:00,997.67
04.01.2020 02:00:00,997.76
04.01.2020 02:10:00,997.82
04.01.2020 02:20:00,997.85
04.01.2020 02:30:00,997.99
04.01.2020 02:40:00,998.08
04.01.2020 02:50:00,998.08
04.01.2020 03:00:00,998
04.01.2020 03:10:00,998.09
04.01.2020 03:20:00,998.11
04.01.2020 03:30:00,998.05
04.01.2020 03:40:00,997.93
04.01.2020 03:50:00,997.83
04.01.2020 04:00:00,997.83
04.01.2020 04:10:00,997.98
04.01.2020 04:20:00,997.97
04.01.2020 04:30:00,997.9
04.01.2020 04:40:00,997.91
04.01.2020 04:50:00,997.93
04.01.2020 05:00:00,998.01
04.01.2020 05:10:00,998.08
04.01.2020 05:20:00,998
04.01.2020 05:30:00,998.09
04.01.2020 05:40:00,998.19
04.01.2020 05:50:00,998.26
04.01.2020 06:00:00,998.23
04.01.2020 06:10:00,998.23
04.01.2020 06:20:00,998.14
04.01.2020 06:30:00,998.16
04.01.2020 06:40:00,998.26
04.01.2020 06:50:00,998.17
04.01.2020 07:00:00,998.24
04.01.2020 07:10:00,998.4
04.01.2020 07:20:00,998.43
04.01.2020 07:30:00,998.61
04.01.2020 07:40:00,998.71
04.01.2020 07:50:00,998.71
04.01.2020 08:00:00,998.76
04.01.2020 08:10:00,998.62
04.01.2020 08:20:00,998.59
04.01.2020 08:30:00,998.51
04.01.2020 08:40:00,998.43
04.01.2020 08:50:00,998.5
04.01.2020 09:00:00,998.59
04.01.2020 09:10:00,998.67
04.01.2020 09:20:00,998.78
04.01.2020 09:30:00,998.76
04.01.2020 09:40:00,998.63
04.01.2020 09:50:00,998.61
04.01.2020 10:00:00,998.56
04.01.2020 10:10:00,998.51
04.01.2020 10:20:00,998.53
04.01.2020 10:30:00,998.59
04.01.2020 10:40:00,998.45
04.01.2020 10:50:00,998.34
04.01.2020 11:00:00,998.18
04.01.2020 11:10:00,997.89
04.01.2020 11:20:00,997.81
04.01.2020 11:30:00,997.65
04.01.2020 11:40:00,997.58
04.01.2020 11:50:00,997.53
04.01.2020 12:00:00,997.41
04.01.2020 12:10:00,997.35
04.01.2020 12:20:00,997.06
04.01.2020 12:30:00,996.93
04.01.2020 12:40:00,996.51
04.01.2020 12:50:00,996.39
04.01.2020 13:00:00,996.22
04.01.2020 13:10:00,995.9
04.01.2020 13:20:00,995.76
04.01.2020 13:30:00,995.76
04.01.2020 13:40:00,995.64
04.01.2020 13:50:00,995.56
04.01.2020 14:00:00,995.61
04.01.2020 14:10:00,995.8
04.01.2020 14:20:00,996.1
04.01.2020 14:30:00,996
04.01.2020 14:40:00,995.96
04.01.2020 14:50:00,996.01
04.01.2020 15:00:00,996.11
04.01.2020 15:10:00,996.18
04.01.2020 15:20:00,996.22
04.01.2020 15:30:00,996.15
04.01.2020 15:40:00,996.04
04.01.2020 15:50:00,996.07
04.01.2020 16:00:00,996.09
04.01.2020 16:10:00,996.27
04.01.2020 16:20:00,996.21
04.01.2020 16:30:00,996.11
04.01.2020 16:40:00,996.07
04.01.2020 16:50:00,996.16
04.01.2020 17:00:00,996.34
04.01.2020 17:10:00,996.34
04.01.2020 17:20:00,996.38
04.01.2020 17:30:00,996.47
04.01.2020 17:40:00,996.48
04.01.2020 17:50:00,996.66
04.01.2020 18:00:00,996.95
04.01.2020 18:10:00,997.54
04.01.2020 18:20:00,998.11
04.01.2020 18:30:00,998.59
04.01.2020 18:40:00,998.97
04.01.2020 18:50:00,999.2
04.01.2020 19:00:00,999.26
04.01.2020 19:10:00,999.31
04.01.2020 19:20:00,999.33
04.01.2020 19:30:00,999.3
04.01.2020 19:40:00,999.37
04.01.2020 19:50:00,999.58
04.01.2020 20:00:00,999.69
04.01.2020 20:10:00,999.93
04.01.2020 20:20:00,1000.11
04.01.2020 20:30:00,1000.33
04.01.2020 20:40:00,1000.66
04.01.2020 20:50:00,1000.83
04.01.2020 21:00:00,1000.9
04.01.2020 21:10:00,1001.09
04.01.2020 21:20:00,1001.35
04.01.2020 21:30:00,1001.59
04.01.2020 21:40:00,1001.8
04.01.2020 21:50:00,1002.13
04.01.2020 22:00:00,1002.3
04.01.2020 22:10:00,1002.48
04.01.2020 22:20:00,1002.51
04.01.2020 22:30:00,1002.5
04.01.2020 22:40:00,1002.69
04.01.2020 22:50:00,1002.92
04.01.2020 23:00:00,1002.87
04.01.2020 23:10:00,1002.93
04.01.2020 23:20:00,1003.02
04.01.2020 23:30:00,1003.23
04.01.2020 23:40:00,1003.36
04.01.2020 23:50:00,1003.47
05.01.2020 00:00:00,1003.45
05.01.2020 00:10:00,1003.57
05.01.2020 00:20:00,1003.87
05.01.2020 00:30:00,1004.02
05.01.2020 00:40:00,1004.18
05.01.2020 00:50:00,1004.25
05.01.2020 01:00:00,1004.34
05.01.2020 01:10:00,1004.5
05.01.2020 01:20:00,1004.64
05.01.2020 01:30:00,1004.7
05.01.2020 01:40:00,1004.92
05.01.2020 01:50:00,1004.98
05.01.2020 02:00:00,1005.09
05.01.2020 02:10:00,1004.98
05.01.2020 02:20:00,1005.21
05.01.2020 02:30:00,1005.39
05.01.2020 02:40:00,1005.51
05.01.2020 02:50:00,1005.49
05.01.2020 03:00:00,1005.65
05.01.2020 03:10:00,1005.74
05.01.2020 03:20:00,1005.83
05.01.2020 03:30:00,1005.95
05.01.2020 03:40:00,1006.01
05.01.2020 03:50:00,1006.14
05.01.2020 04:00:00,1006.21
05.01.2020 04:10:00,1006.2
05.01.2020 04:20:00,1006.29
05.01.2020 04:30:00,1006.38
05.01.2020 04:40:00,1006.47
05.01.2020 04:50:00,1006.47
05.01.2020 05:00:00,1006.5
05.01.2020 05:10:00,1006.54
05.01.2020 05:20:00,1006.7
05.01.2020 05:30:00,1006.73
05.01.2020 05:40:00,1006.75
05.01.2020 05:50:00,1006.85
05.01.2020 06:00:00,1006.95
05.01.2020 06:10:00,1007.03
05.01.2020 06:20:00,1006.97
05.01.2020 06:30:00,1007.04
05.01.2020 06:40:00,1007.04
05.01.2020 06:50:00,1007.08
05.01.2020 07:00:00,1007.18
05.01.2020 07:10:00,1007.21
05.01.2020 07:20:00,1007.29
05.01.2020 07:30:00,1007.33
05.01.2020 07:40:00,1007.4
05.01.2020 07:50:00,1007.39
05.01.2020 08:00:00,1007.47
05.01.2020 08:10:00,1007.64
05.01.2020 08:20:00,1007.83
05.01.2020 08:30:00,1007.98
05.01.2020 08:40:00,1008.14
05.01.2020 08:50:00,1008.21
05.01.2020 09:00:00,1008.42
05.01.2020 09:10:00,1008.49
05.01.2020 09:20:00,1008.58
05.01.2020 09:30:00,1008.67
05.01.2020 09:40:00,1008.71
05.01.2020 09:50:00,1008.78
05.01.2020 10:00:00,1008.79
05.01.2020 10:10:00,1008.84
05.01.2020 10:20:00,1008.92
05.01.2020 10:30:00,1008.95
05.01.2020 10:40:00,1009.01
05.01.2020 10:50:00,1009.07
05.01.2020 11:00:00,1008.92
05.01.2020 11:10:00,1008.79
05.01.2020 11:20:00,1008.78
05.01.2020 11:30:00,1008.69
05.01.2020 11:40:00,1008.61
05.01.2020 11:50:00,1008.67
05.01.2020 12:00:00,1008.61
05.01.2020 12:10:00,1008.55
05.01.2020 12:20:00,1008.41
05.01.2020 12:30:00,1008.34
05.01.2020 12:40:00,1008.21
05.01.2020 12:50:00,1008.17
05.01.2020 13:00:00,1008.16
05.01.2020 13:10:00,1007.98
05.01.2020 13:20:00,1007.88
05.01.2020 13:30:00,1007.71
05.01.2020 13:40:00,1007.54
05.01.2020 13:50:00,1007.44
05.01.2020 14:00:00,1007.43
05.01.2020 14:10:00,1007.5
05.01.2020 14:20:00,1007.42
05.01.2020 14:30:00,1007.33
05.01.2020 14:40:00,1007.31
05.01.2020 14:50:00,1007.33
05.01.2020 15:00:00,1007.39
05.01.2020 15:10:00,1007.4
05.01.2020 15:20:00,1007.5
05.01.2020 15:30:00,1007.57
05.01.2020 15:40:00,1007.78
05.01.2020 15:50:00,1007.72
05.01.2020 16:00:00,1007.77
05.01.2020 16:10:00,1007.76
05.01.2020 16:20:00,1007.64
05.01.2020 16:30:00,1007.62
05.01.2020 16:40:00,1007.69
05.01.2020 16:50:00,1007.69
05.01.2020 17:00:00,1007.73
05.01.2020 17:10:00,1007.64
05.01.2020 17:20:00,1007.55
05.01.2020 17:30:00,1007.6
05.01.2020 17:40:00,1007.68
05.01.2020 17:50:00,1007.73
05.01.2020 18:00:00,1007.74
05.01.2020 18:10:00,1007.73
05.01.2020 18:20:00,1007.67
05.01.2020 18:30:00,1007.55
05.01.2020 18:40:00,1007.51
05.01.2020 18:50:00,1007.42
05.01.2020 19:00:00,1007.43
05.01.2020 19:10:00,1007.43
05.01.2020 19:20:00,1007.43
05.01.2020 19:30:00,1007.43
05.01.2020 19:40:00,1007.43
05.01.2020 19:50:00,1007.37
05.01.2020 20:00:00,1007.3
05.01.2020 20:10:00,1007.28
05.01.2020 20:20:00,1007.3
05.01.2020 20:30:00,1007.27
05.01.2020 20:40:00,1007.25
05.01.2020 20:50:00,1007.18
05.01.2020 21:00:00,1007.16
05.01.2020 21:10:00,1007.19
05.01.2020 21:20:00,1007.14
05.01.2020 21:30:00,1007.11
05.01.2020 21:40:00,1007.09
05.01.2020 21:50:00,1007.04
05.01.2020 22:00:00,1007.03
05.01.2020 22:10:00,1006.95
05.01.2020 22:20:00,1006.93
05.01.2020 22:30:00,1006.85
05.01.2020 22:40:00,1006.9
05.01.2020 22:50:00,1006.86
05.01.2020 23:00:00,1006.8
05.01.2020 23:10:00,1006.67
05.01.2020 23:20:00,1006.56
05.01.2020 23:30:00,1006.44
05.01.2020 23:40:00,1006.36
05.01.2020 23:50:00,1006.22
06.01.2020 00:00:00,1006.17
06.01.2020 00:10:00,1006.08
06.01.2020 00:20:00,1006.08
06.01.2020 00:30:00,1005.97
06.01.2020 00:40:00,1005.82
06.01.2020 00:50:00,1005.83
06.01.2020 01:00:00,1005.77
06.01.2020 01:10:00,1005.7
06.01.2020 01:20:00,1005.6
06.01.2020 01:30:00,1005.49
06.01.2020 01:40:00,1005.41
06.01.2020 01:50:00,1005.29
06.01.2020 02:00:00,1005.22
06.01.2020 02:10:00,1005.25
06.01.2020 02:20:00,1005.12
06.01.2020 02:30:00,1005.09
06.01.2020 02:40:00,1005.11
06.01.2020 02:50:00,1004.97
06.01.2020 03:00:00,1004.85
06.01.2020 03:10:00,1004.79
06.01.2020 03:20:00,1004.74
06.01.2020 03:30:00,1004.74
06.01.2020 03:40:00,1004.65
06.01.2020 03:50:00,1004.55
06.01.2020 04:00:00,1004.48
06.01.2020 04:10:00,1004.4
06.01.2020 04:20:00,1004.32
06.01.2020 04:30:00,1004.2
06.01.2020 04:40:00,1004.12
06.01.2020 04:50:00,1004.05
06.01.2020 05:00:00,1003.99
06.01.2020 05:10:00,1003.98
06.01.2020 05:20:00,1003.97
06.01.2020 05:30:00,1003.92
06.01.2020 05:40:00,1003.86
06.01.2020 05:50:00,1003.86
06.01.2020 06:00:00,1003.89
06.01.2020 06:10:00,1003.88
06.01.2020 06:20:00,1003.96
06.01.2020 06:30:00,1003.89
06.01.2020 06:40:00,1003.9
06.01.2020 06:50:00,1003.8
06.01.2020 07:00:00,1003.74
06.01.2020 07:10:00,1003.75
06.01.2020 07:20:00,1003.74
06.01.2020 07:30:00,1003.74
06.01.2020 07:40:00,1003.75
06.01.2020 07:50:00,1003.75
06.01.2020 08:00:00,1003.86
06.01.2020 08:10:00,1003.83
06.01.2020 08:20:00,1003.74
06.01.2020 08:30:00,1003.74
06.01.2020 08:40:00,1003.74
06.01.2020 08:50:00,1003.65
06.01.2020 09:00:00,1003.56
06.01.2020 09:10:00,1003.44
06.01.2020 09:20:00,1003.49
06.01.2020 09:30:00,1003.47
06.01.2020 09:40:00,1003.38
06.01.2020 09:50:00,1003.34
06.01.2020 10:00:00,1003.24
06.01.2020 10:10:00,1003.21
06.01.2020 10:20:00,1003.13
06.01.2020 10:30:00,1003.02
06.01.2020 10:40:00,1002.99
06.01.2020 10:50:00,1002.89
06.01.2020 11:00:00,1002.79
06.01.2020 11:10:00,1002.64
06.01.2020 11:20:00,1002.51
06.01.2020 11:30:00,1002.38
06.01.2020 11:40:00,1002.28
06.01.2020 11:50:00,1002.17
06.01.2020 12:00:00,1002.04
06.01.2020 12:10:00,1001.92
06.01.2020 12:20:00,1001.73
06.01.2020 12:30:00,1001.54
06.01.2020 12:40:00,1001.39
06.01.2020 12:50:00,1001.28
06.01.2020 13:00:00,1001.18
06.01.2020 13:10:00,1001.01
06.01.2020 13:20:00,1000.86
06.01.2020 13:30:00,1000.77
06.01.2020 13:40:00,1000.6
06.01.2020 13:50:00,1000.45
06.01.2020 14:00:00,1000.38
06.01.2020 14:10:00,1000.31
06.01.2020 14:20:00,1000.23
06.01.2020 14:30:00,1000.06
06.01.2020 14:40:00,999.9
06.01.2020 14:50:00,999.8
06.01.2020 15:00:00,999.69
06.01.2020 15:10:00,999.57
06.01.2020 15:20:00,999.5
06.01.2020 15:30:00,999.34
06.01.2020 15:40:00,999.32
06.01.2020 15:50:00,999.24
06.01.2020 16:00:00,999.17
06.01.2020 16:10:00,999.1
06.01.2020 16:20:00,999.08
06.01.2020 16:30:00,999
06.01.2020 16:40:00,998.86
06.01.2020 16:50:00,998.85
06.01.2020 17:00:00,998.78
06.01.2020 17:10:00,998.7
06.01.2020 17:20:00,998.6
06.01.2020 17:30:00,998.54
06.01.2020 17:40:00,998.36
06.01.2020 17:50:00,998.23
06.01.2020 18:00:00,998.11
06.01.2020 18:10:00,998.09
06.01.2020 18:20:00,998.06
06.01.2020 18:30:00,997.99
06.01.2020 18:40:00,997.83
06.01.2020 18:50:00,997.61
06.01.2020 19:00:00,997.53
06.01.2020 19:10:00,997.49
06.01.2020 19:20:00,997.49
06.01.2020 19:30:00,997.4
06.01.2020 19:40:00,997.29
06.01.2020 19:50:00,997.25
06.01.2020 20:00:00,997.24
06.01.2020 20:10:00,997.15
06.01.2020 20:20:00,997.04
06.01.2020 20:30:00,996.94
06.01.2020 20:40:00,996.91
06.01.2020 20:50:00,996.89
06.01.2020 21:00:00,996.95
06.01.2020 21:10:00,996.82
06.01.2020 21:20:00,996.71
06.01.2020 21:30:00,996.67
06.01.2020 21:40:00,996.62
06.01.2020 21:50:00,996.54
06.01.2020 22:00:00,996.4
06.01.2020 22:10:00,996.24
06.01.2020 22:20:00,996.06
06.01.2020 22:30:00,996.01
06.01.2020 22:40:00,995.91
06.01.2020 22:50:00,995.88
06.01.2020 23:00:00,995.83
06.01.2020 23:10:00,995.68
06.01.2020 23:20:00,995.59
06.01.2020 23:30:00,995.48
06.01.2020 23:40:00,995.47
06.01.2020 23:50:00,995.39
07.01.2020 00:00:00,995.38
07.01.2020 00:10:00,995.42
07.01.2020 00:20:00,995.27
07.01.2020 00:30:00,995.21
07.01.2020 00:40:00,995.17
07.01.2020 00:50:00,995.07
07.01.2020 01:00:00,994.8
07.01.2020 01:10:00,994.67
07.01.2020 01:20:00,994.66
07.01.2020 01:30:00,994.55
07.01.2020 01:40:00,994.52
07.01.2020 01:50:00,994.7
07.01.2020 02:00:00,994.68
07.01.2020 02:10:00,994.72
07.01.2020 02:20:00,994.75
07.01.2020 02:30:00,994.82
07.01.2020 02:40:00,994.76
07.01.2020 02:50:00,994.85
07.01.2020 03:00:00,995.01
07.01.2020 03:10:00,995.36
07.01.2020 03:20:00,995.64
07.01.2020 03:30:00,995.72
07.01.2020 03:40:00,995.89
07.01.2020 03:50:00,996.07
07.01.2020 04:00:00,996.14
07.01.2020 04:10:00,996.21
07.01.2020 04:20:00,996.25
07.01.2020 04:30:00,996.19
07.01.2020 04:40:00,996.15
07.01.2020 04:50:00,995.99
07.01.2020 05:00:00,995.98
07.01.2020 05:10:00,995.9
07.01.2020 05:20:00,996.03
07.01.2020 05:30:00,996.13
07.01.2020 05:40:00,996.35
07.01.2020 05:50:00,996.51
07.01.2020 06:00:00,996.53
07.01.2020 06:10:00,996.56
07.01.2020 06:20:00,996.53
07.01.2020 06:30:00,996.62
07.01.2020 06:40:00,996.79
07.01.2020 06:50:00,996.9
07.01.2020 07:00:00,997.03
07.01.2020 07:10:00,997.07
07.01.2020 07:20:00,997.05
07.01.2020 07:30:00,997.17
07.01.2020 07:40:00,997.26
07.01.2020 07:50:00,997.24
07.01.2020 08:00:00,997.38
07.01.2020 08:10:00,997.58
07.01.2020 08:20:00,997.87
07.01.2020 08:30:00,998.16
07.01.2020 08:40:00,998.43
07.01.2020 08:50:00,998.67
07.01.2020 09:00:00,998.77
07.01.2020 09:10:00,998.89
07.01.2020 09:20:00,999.04
07.01.2020 09:30:00,999.17
07.01.2020 09:40:00,999.38
07.01.2020 09:50:00,999.5
07.01.2020 10:00:00,999.6
07.01.2020 10:10:00,999.73
07.01.2020 10:20:00,999.88
07.01.2020 10:30:00,999.97
07.01.2020 10:40:00,1000.14
07.01.2020 10:50:00,1000.27
07.01.2020 11:00:00,1000.42
07.01.2020 11:10:00,1000.44
07.01.2020 11:20:00,1000.53
07.01.2020 11:30:00,1000.65
07.01.2020 11:40:00,1000.7
07.01.2020 11:50:00,1000.75
07.01.2020 12:00:00,1000.82
07.01.2020 12:10:00,1000.92
07.01.2020 12:20:00,1000.9
07.01.2020 12:30:00,1000.91
07.01.2020 12:40:00,1000.97
07.01.2020 12:50:00,1000.94
07.01.2020 13:00:00,1000.92
07.01.2020 13:10:00,1000.91
07.01.2020 13:20:00,1000.85
07.01.2020 13:30:00,1000.92
07.01.2020 13:40:00,1000.99
07.01.2020 13:50:00,1000.95
07.01.2020 14:00:00,1000.99
07.01.2020 14:10:00,1001.04
07.01.2020 14:20:00,1001.13
07.01.2020 14:30:00,1001.26
07.01.2020 14:40:00,1001.28
07.01.2020 14:50:00,1001.34
07.01.2020 15:00:00,1001.46
07.01.2020 15:10:00,1001.53
07.01.2020 15:20:00,1001.55
07.01.2020 15:30:00,1001.53
07.01.2020 15:40:00,1001.65
07.01.2020 15:50:00,1001.69
07.01.2020 16:00:00,1001.76
07.01.2020 16:10:00,1001.79
07.01.2020 16:20:00,1001.85
07.01.2020 16:30:00,1001.91
07.01.2020 16:40:00,1002.16
07.01.2020 16:50:00,1002.11
07.01.2020 17:00:00,1002.14
07.01.2020 17:10:00,1002.19
07.01.2020 17:20:00,1002.32
07.01.2020 17:30:00,1002.51
07.01.2020 17:40:00,1002.68
07.01.2020 17:50:00,1002.8
07.01.2020 18:00:00,1002.83
07.01.2020 18:10:00,1002.83
07.01.2020 18:20:00,1002.76
07.01.2020 18:30:00,1002.77
07.01.2020 18:40:00,1002.79
07.01.2020 18:50:00,1002.83
07.01.2020 19:00:00,1002.76
07.01.2020 19:10:00,1002.59
07.01.2020 19:20:00,1002.6
07.01.2020 19:30:00,1002.69
07.01.2020 19:40:00,1002.67
07.01.2020 19:50:00,1002.62
07.01.2020 20:00:00,1002.51
07.01.2020 20:10:00,1002.57
07.01.2020 20:20:00,1002.52
07.01.2020 20:30:00,1002.52
07.01.2020 20:40:00,1002.49
07.01.2020 20:50:00,1002.39
07.01.2020 21:00:00,1002.3
07.01.2020 21:10:00,1002.13
07.01.2020 21:20:00,1002.11
07.01.2020 21:30:00,1002.17
07.01.2020 21:40:00,1002
07.01.2020 21:50:00,1001.73
07.01.2020 22:00:00,1001.64
07.01.2020 22:10:00,1001.73
07.01.2020 22:20:00,1001.82
07.01.2020 22:30:00,1001.65
07.01.2020 22:40:00,1001.49